report_period,label,mnemonic,value
20260630,Institution Name at Time of Reporting,NAMEFULL,"JPMORGAN CHASE BANK, NATIONAL ASSOCIATION"
20260331,Institution Name at Time of Reporting,NAMEFULL,"JPMORGAN CHASE BANK, NATIONAL ASSOCIATION"
20251231,Institution Name at Time of Reporting,NAMEFULL,"JPMORGAN CHASE BANK, NATIONAL ASSOCIATION"
20250930,Institution Name at Time of Reporting,NAMEFULL,"JPMORGAN CHASE BANK, NATIONAL ASSOCIATION"
20250630,Institution Name at Time of Reporting,NAMEFULL,"JPMORGAN CHASE BANK, NATIONAL ASSOCIATION"
20250331,Institution Name at Time of Reporting,NAMEFULL,"JPMORGAN CHASE BANK, NATIONAL ASSOCIATION"
20241231,Institution Name at Time of Reporting,NAMEFULL,"JPMORGAN CHASE BANK, NATIONAL ASSOCIATION"
20240930,Institution Name at Time of Reporting,NAMEFULL,"JPMORGAN CHASE BANK, NATIONAL ASSOCIATION"
20240630,Institution Name at Time of Reporting,NAMEFULL,"JPMORGAN CHASE BANK, NATIONAL ASSOCIATION"
20240331,Institution Name at Time of Reporting,NAMEFULL,"JPMORGAN CHASE BANK, NATIONAL ASSOCIATION"
20231231,Institution Name at Time of Reporting,NAMEFULL,"JPMORGAN CHASE BANK, NATIONAL ASSOCIATION"
20230930,Institution Name at Time of Reporting,NAMEFULL,"JPMORGAN CHASE BANK, NATIONAL ASSOCIATION"
20230630,Institution Name at Time of Reporting,NAMEFULL,"JPMORGAN CHASE BANK, NATIONAL ASSOCIATION"
20230331,Institution Name at Time of Reporting,NAMEFULL,"JPMORGAN CHASE BANK, NATIONAL ASSOCIATION"
20260630,1. Number of Institutions Reporting,TOTAL,1.0
20260331,1. Number of Institutions Reporting,TOTAL,1.0
20251231,1. Number of Institutions Reporting,TOTAL,1.0
20250930,1. Number of Institutions Reporting,TOTAL,1.0
20250630,1. Number of Institutions Reporting,TOTAL,1.0
20250331,1. Number of Institutions Reporting,TOTAL,1.0
20241231,1. Number of Institutions Reporting,TOTAL,1.0
20240930,1. Number of Institutions Reporting,TOTAL,1.0
20240630,1. Number of Institutions Reporting,TOTAL,1.0
20240331,1. Number of Institutions Reporting,TOTAL,1.0
20231231,1. Number of Institutions Reporting,TOTAL,1.0
20230930,1. Number of Institutions Reporting,TOTAL,1.0
20230630,1. Number of Institutions Reporting,TOTAL,1.0
20230331,1. Number of Institutions Reporting,TOTAL,1.0
20260630,2. Total Employees (full-time equivalent),NUMEMP,226846.0
20260331,2. Total Employees (full-time equivalent),NUMEMP,227258.0
20251231,2. Total Employees (full-time equivalent),NUMEMP,226674.0
20250930,2. Total Employees (full-time equivalent),NUMEMP,226927.0
20250630,2. Total Employees (full-time equivalent),NUMEMP,226691.0
20250331,2. Total Employees (full-time equivalent),NUMEMP,228404.0
20241231,2. Total Employees (full-time equivalent),NUMEMP,228098.0
20240930,2. Total Employees (full-time equivalent),NUMEMP,228780.0
20240630,2. Total Employees (full-time equivalent),NUMEMP,227738.0
20240331,2. Total Employees (full-time equivalent),NUMEMP,227707.0
20231231,2. Total Employees (full-time equivalent),NUMEMP,226822.0
20230930,2. Total Employees (full-time equivalent),NUMEMP,226649.0
20230630,2. Total Employees (full-time equivalent),NUMEMP,219830.0
20230331,2. Total Employees (full-time equivalent),NUMEMP,221852.0
20260630,3. Total Assets,ASSET,4091315000.0
20260331,3. Total Assets,ASSET,4016571000.0
20251231,3. Total Assets,ASSET,3752662000.0
20250930,3. Total Assets,ASSET,3813431000.0
20250630,3. Total Assets,ASSET,3788551000.0
20250331,3. Total Assets,ASSET,3643099000.0
20241231,3. Total Assets,ASSET,3459261000.0
20240930,3. Total Assets,ASSET,3584105000.0
20240630,3. Total Assets,ASSET,3510536000.0
20240331,3. Total Assets,ASSET,3503360000.0
20231231,3. Total Assets,ASSET,3395126000.0
20230930,3. Total Assets,ASSET,3385581000.0
20230630,3. Total Assets,ASSET,3382195000.0
20230331,3. Total Assets,ASSET,3267963000.0
20260630,Cash and Balances due from Depository Institutions,CHBAL,316326000.0
20260331,Cash and Balances due from Depository Institutions,CHBAL,317575000.0
20251231,Cash and Balances due from Depository Institutions,CHBAL,350456000.0
20250930,Cash and Balances due from Depository Institutions,CHBAL,306540000.0
20250630,Cash and Balances due from Depository Institutions,CHBAL,420443000.0
20250331,Cash and Balances due from Depository Institutions,CHBAL,426387000.0
20241231,Cash and Balances due from Depository Institutions,CHBAL,471398000.0
20240930,Cash and Balances due from Depository Institutions,CHBAL,434631000.0
20240630,Cash and Balances due from Depository Institutions,CHBAL,531092000.0
20240331,Cash and Balances due from Depository Institutions,CHBAL,562520000.0
20231231,Cash and Balances due from Depository Institutions,CHBAL,625344000.0
20230930,Cash and Balances due from Depository Institutions,CHBAL,512606000.0
20230630,Cash and Balances due from Depository Institutions,CHBAL,495678000.0
20230331,Cash and Balances due from Depository Institutions,CHBAL,551018000.0
20260630,Noninterest Bearing Balances,CHBALNI,24367000.0
20260331,Noninterest Bearing Balances,CHBALNI,21912000.0
20251231,Noninterest Bearing Balances,CHBALNI,21675000.0
20250930,Noninterest Bearing Balances,CHBALNI,21758000.0
20250630,Noninterest Bearing Balances,CHBALNI,23368000.0
20250331,Noninterest Bearing Balances,CHBALNI,21832000.0
20241231,Noninterest Bearing Balances,CHBALNI,23204000.0
20240930,Noninterest Bearing Balances,CHBALNI,22615000.0
20240630,Noninterest Bearing Balances,CHBALNI,27046000.0
20240331,Noninterest Bearing Balances,CHBALNI,22523000.0
20231231,Noninterest Bearing Balances,CHBALNI,28784000.0
20230930,Noninterest Bearing Balances,CHBALNI,24694000.0
20230630,Noninterest Bearing Balances,CHBALNI,25783000.0
20230331,Noninterest Bearing Balances,CHBALNI,24828000.0
20260630,Interest Bearing Balances,CHBALI,291959000.0
20260331,Interest Bearing Balances,CHBALI,295663000.0
20251231,Interest Bearing Balances,CHBALI,328781000.0
20250930,Interest Bearing Balances,CHBALI,284782000.0
20250630,Interest Bearing Balances,CHBALI,397075000.0
20250331,Interest Bearing Balances,CHBALI,404555000.0
20241231,Interest Bearing Balances,CHBALI,448194000.0
20240930,Interest Bearing Balances,CHBALI,412016000.0
20240630,Interest Bearing Balances,CHBALI,504046000.0
20240331,Interest Bearing Balances,CHBALI,539997000.0
20231231,Interest Bearing Balances,CHBALI,596560000.0
20230930,Interest Bearing Balances,CHBALI,487912000.0
20230630,Interest Bearing Balances,CHBALI,469895000.0
20230331,Interest Bearing Balances,CHBALI,526190000.0
20260630,Cash Items in Process of Collection,CHCIC,18193000.0
20260331,Cash Items in Process of Collection,CHCIC,17516000.0
20251231,Cash Items in Process of Collection,CHCIC,17594000.0
20250930,Cash Items in Process of Collection,CHCIC,17213000.0
20250630,Cash Items in Process of Collection,CHCIC,18533000.0
20250331,Cash Items in Process of Collection,CHCIC,18104000.0
20241231,Cash Items in Process of Collection,CHCIC,18505000.0
20240930,Cash Items in Process of Collection,CHCIC,17874000.0
20240630,Cash Items in Process of Collection,CHCIC,22315000.0
20240331,Cash Items in Process of Collection,CHCIC,18230000.0
20231231,Cash Items in Process of Collection,CHCIC,23774000.0
20230930,Cash Items in Process of Collection,CHCIC,19679000.0
20230630,Cash Items in Process of Collection,CHCIC,19335000.0
20230331,Cash Items in Process of Collection,CHCIC,18189000.0
20260630,Collection in Domestic Offices,CHITEM,9470000.0
20260331,Collection in Domestic Offices,CHITEM,8848000.0
20251231,Collection in Domestic Offices,CHITEM,7967000.0
20250930,Collection in Domestic Offices,CHITEM,8860000.0
20250630,Collection in Domestic Offices,CHITEM,10072000.0
20250331,Collection in Domestic Offices,CHITEM,9364000.0
20241231,Collection in Domestic Offices,CHITEM,8348000.0
20240930,Collection in Domestic Offices,CHITEM,9493000.0
20240630,Collection in Domestic Offices,CHITEM,13279000.0
20240331,Collection in Domestic Offices,CHITEM,10159000.0
20231231,Collection in Domestic Offices,CHITEM,13679000.0
20230930,Collection in Domestic Offices,CHITEM,11057000.0
20230630,Collection in Domestic Offices,CHITEM,9573000.0
20230331,Collection in Domestic Offices,CHITEM,8672000.0
20260630,Currency and Coin in Domestic Offices,CHCOIN,8621000.0
20260331,Currency and Coin in Domestic Offices,CHCOIN,8589000.0
20251231,Currency and Coin in Domestic Offices,CHCOIN,9559000.0
20250930,Currency and Coin in Domestic Offices,CHCOIN,8303000.0
20250630,Currency and Coin in Domestic Offices,CHCOIN,8417000.0
20250331,Currency and Coin in Domestic Offices,CHCOIN,8692000.0
20241231,Currency and Coin in Domestic Offices,CHCOIN,10115000.0
20240930,Currency and Coin in Domestic Offices,CHCOIN,8299000.0
20240630,Currency and Coin in Domestic Offices,CHCOIN,8998000.0
20240331,Currency and Coin in Domestic Offices,CHCOIN,8040000.0
20231231,Currency and Coin in Domestic Offices,CHCOIN,10064000.0
20230930,Currency and Coin in Domestic Offices,CHCOIN,8595000.0
20230630,Currency and Coin in Domestic Offices,CHCOIN,9724000.0
20230331,Currency and Coin in Domestic Offices,CHCOIN,9461000.0
20260630,Balances due from depository institutions in US,CHUS,1702000.0
20260331,Balances due from depository institutions in US,CHUS,842000.0
20251231,Balances due from depository institutions in US,CHUS,1039000.0
20250930,Balances due from depository institutions in US,CHUS,2186000.0
20250630,Balances due from depository institutions in US,CHUS,2443000.0
20250331,Balances due from depository institutions in US,CHUS,1934000.0
20241231,Balances due from depository institutions in US,CHUS,1254000.0
20240930,Balances due from depository institutions in US,CHUS,919000.0
20240630,Balances due from depository institutions in US,CHUS,260000.0
20240331,Balances due from depository institutions in US,CHUS,680000.0
20231231,Balances due from depository institutions in US,CHUS,1174000.0
20230930,Balances due from depository institutions in US,CHUS,897000.0
20230630,Balances due from depository institutions in US,CHUS,493000.0
20230331,Balances due from depository institutions in US,CHUS,5107000.0
20260630,Balances due from Foreign Banks,CHNUS,244191000.0
20260331,Balances due from Foreign Banks,CHNUS,227878000.0
20251231,Balances due from Foreign Banks,CHNUS,238159000.0
20250930,Balances due from Foreign Banks,CHNUS,223853000.0
20250630,Balances due from Foreign Banks,CHNUS,233876000.0
20250331,Balances due from Foreign Banks,CHNUS,193088000.0
20241231,Balances due from Foreign Banks,CHNUS,218809000.0
20240930,Balances due from Foreign Banks,CHNUS,213081000.0
20240630,Balances due from Foreign Banks,CHNUS,204717000.0
20240331,Balances due from Foreign Banks,CHNUS,189981000.0
20231231,Balances due from Foreign Banks,CHNUS,191128000.0
20230930,Balances due from Foreign Banks,CHNUS,181279000.0
20230630,Balances due from Foreign Banks,CHNUS,222498000.0
20230331,Balances due from Foreign Banks,CHNUS,231145000.0
20260630,Balances due from Federal Reserve Board Banks,CHFRB,52240000.0
20260331,Balances due from Federal Reserve Board Banks,CHFRB,71339000.0
20251231,Balances due from Federal Reserve Board Banks,CHFRB,93664000.0
20250930,Balances due from Federal Reserve Board Banks,CHFRB,63288000.0
20250630,Balances due from Federal Reserve Board Banks,CHFRB,165591000.0
20250331,Balances due from Federal Reserve Board Banks,CHFRB,213261000.0
20241231,Balances due from Federal Reserve Board Banks,CHFRB,232830000.0
20240930,Balances due from Federal Reserve Board Banks,CHFRB,202757000.0
20240630,Balances due from Federal Reserve Board Banks,CHFRB,303800000.0
20240331,Balances due from Federal Reserve Board Banks,CHFRB,353629000.0
20231231,Balances due from Federal Reserve Board Banks,CHFRB,409268000.0
20230930,Balances due from Federal Reserve Board Banks,CHFRB,310751000.0
20230630,Balances due from Federal Reserve Board Banks,CHFRB,253352000.0
20230331,Balances due from Federal Reserve Board Banks,CHFRB,296577000.0
20260630,Securities,SC,808482000.0
20260331,Securities,SC,821921000.0
20251231,Securities,SC,777844000.0
20250930,Securities,SC,784558000.0
20250630,Securities,SC,746839000.0
20250331,Securities,SC,665058000.0
20241231,Securities,SC,681717000.0
20240930,Securities,SC,635005000.0
20240630,Securities,SC,594648000.0
20240331,Securities,SC,571288000.0
20231231,Securities,SC,572099000.0
20230930,Securities,SC,586350000.0
20230630,Securities,SC,613045000.0
20230331,Securities,SC,610041000.0
20260630,U.S. Government Securities,SCUS,657279000.0
20260331,U.S. Government Securities,SCUS,671352000.0
20251231,U.S. Government Securities,SCUS,628594000.0
20250930,U.S. Government Securities,SCUS,633720000.0
20250630,U.S. Government Securities,SCUS,598585000.0
20250331,U.S. Government Securities,SCUS,521241000.0
20241231,U.S. Government Securities,SCUS,532480000.0
20240930,U.S. Government Securities,SCUS,476877000.0
20240630,U.S. Government Securities,SCUS,444379000.0
20240331,U.S. Government Securities,SCUS,429429000.0
20231231,U.S. Government Securities,SCUS,422257000.0
20230930,U.S. Government Securities,SCUS,431415000.0
20230630,U.S. Government Securities,SCUS,455677000.0
20230331,U.S. Government Securities,SCUS,464409000.0
20260630,U.S. Treasury Securities,SCUST,483331000.0
20260331,U.S. Treasury Securities,SCUST,497190000.0
20251231,U.S. Treasury Securities,SCUST,448271000.0
20250930,U.S. Treasury Securities,SCUST,450440000.0
20250630,U.S. Treasury Securities,SCUST,411033000.0
20250331,U.S. Treasury Securities,SCUST,339619000.0
20241231,U.S. Treasury Securities,SCUST,343123000.0
20240930,U.S. Treasury Securities,SCUST,295382000.0
20240630,U.S. Treasury Securities,SCUST,267510000.0
20240331,U.S. Treasury Securities,SCUST,254366000.0
20231231,U.S. Treasury Securities,SCUST,231349000.0
20230930,U.S. Treasury Securities,SCUST,241061000.0
20230630,U.S. Treasury Securities,SCUST,265343000.0
20230331,U.S. Treasury Securities,SCUST,284125000.0
20260630,U.S. Government Obligations (footnote: 1,SCUSO,173948000.0
20260331,U.S. Government Obligations (footnote: 1,SCUSO,174162000.0
20251231,U.S. Government Obligations (footnote: 1,SCUSO,180323000.0
20250930,U.S. Government Obligations (footnote: 1,SCUSO,183280000.0
20250630,U.S. Government Obligations (footnote: 1,SCUSO,187552000.0
20250331,U.S. Government Obligations (footnote: 1,SCUSO,181622000.0
20241231,U.S. Government Obligations (footnote: 1,SCUSO,189357000.0
20240930,U.S. Government Obligations (footnote: 1,SCUSO,181495000.0
20240630,U.S. Government Obligations (footnote: 1,SCUSO,176869000.0
20240331,U.S. Government Obligations (footnote: 1,SCUSO,175063000.0
20231231,U.S. Government Obligations (footnote: 1,SCUSO,190908000.0
20230930,U.S. Government Obligations (footnote: 1,SCUSO,190354000.0
20230630,U.S. Government Obligations (footnote: 1,SCUSO,190334000.0
20230331,U.S. Government Obligations (footnote: 1,SCUSO,180284000.0
20260630,Non-mortgage Backed: Issued by U.S. Government Agencies or Sponsored (GSEs),SCASPNSUM,263000.0
20260331,Non-mortgage Backed: Issued by U.S. Government Agencies or Sponsored (GSEs),SCASPNSUM,272000.0
20251231,Non-mortgage Backed: Issued by U.S. Government Agencies or Sponsored (GSEs),SCASPNSUM,278000.0
20250930,Non-mortgage Backed: Issued by U.S. Government Agencies or Sponsored (GSEs),SCASPNSUM,282000.0
20250630,Non-mortgage Backed: Issued by U.S. Government Agencies or Sponsored (GSEs),SCASPNSUM,284000.0
20250331,Non-mortgage Backed: Issued by U.S. Government Agencies or Sponsored (GSEs),SCASPNSUM,292000.0
20241231,Non-mortgage Backed: Issued by U.S. Government Agencies or Sponsored (GSEs),SCASPNSUM,287000.0
20240930,Non-mortgage Backed: Issued by U.S. Government Agencies or Sponsored (GSEs),SCASPNSUM,304000.0
20240630,Non-mortgage Backed: Issued by U.S. Government Agencies or Sponsored (GSEs),SCASPNSUM,298000.0
20240331,Non-mortgage Backed: Issued by U.S. Government Agencies or Sponsored (GSEs),SCASPNSUM,134000.0
20231231,Non-mortgage Backed: Issued by U.S. Government Agencies or Sponsored (GSEs),SCASPNSUM,122000.0
20230930,Non-mortgage Backed: Issued by U.S. Government Agencies or Sponsored (GSEs),SCASPNSUM,118000.0
20230630,Non-mortgage Backed: Issued by U.S. Government Agencies or Sponsored (GSEs),SCASPNSUM,49000.0
20230331,Non-mortgage Backed: Issued by U.S. Government Agencies or Sponsored (GSEs),SCASPNSUM,0.0
20260630,Residential Mortgage Backed: Pass-Through Issued by F.N.M.A. and F.H.L.M.C.,SCFMN,89159000.0
20260331,Residential Mortgage Backed: Pass-Through Issued by F.N.M.A. and F.H.L.M.C.,SCFMN,83032000.0
20251231,Residential Mortgage Backed: Pass-Through Issued by F.N.M.A. and F.H.L.M.C.,SCFMN,85182000.0
20250930,Residential Mortgage Backed: Pass-Through Issued by F.N.M.A. and F.H.L.M.C.,SCFMN,88896000.0
20250630,Residential Mortgage Backed: Pass-Through Issued by F.N.M.A. and F.H.L.M.C.,SCFMN,79885000.0
20250331,Residential Mortgage Backed: Pass-Through Issued by F.N.M.A. and F.H.L.M.C.,SCFMN,80909000.0
20241231,Residential Mortgage Backed: Pass-Through Issued by F.N.M.A. and F.H.L.M.C.,SCFMN,87901000.0
20240930,Residential Mortgage Backed: Pass-Through Issued by F.N.M.A. and F.H.L.M.C.,SCFMN,81480000.0
20240630,Residential Mortgage Backed: Pass-Through Issued by F.N.M.A. and F.H.L.M.C.,SCFMN,87503000.0
20240331,Residential Mortgage Backed: Pass-Through Issued by F.N.M.A. and F.H.L.M.C.,SCFMN,76248000.0
20231231,Residential Mortgage Backed: Pass-Through Issued by F.N.M.A. and F.H.L.M.C.,SCFMN,76120000.0
20230930,Residential Mortgage Backed: Pass-Through Issued by F.N.M.A. and F.H.L.M.C.,SCFMN,75924000.0
20230630,Residential Mortgage Backed: Pass-Through Issued by F.N.M.A. and F.H.L.M.C.,SCFMN,76529000.0
20230331,Residential Mortgage Backed: Pass-Through Issued by F.N.M.A. and F.H.L.M.C.,SCFMN,75443000.0
20260630,Residential Mortgage Backed: Pass-Through Issued by G.N.M.A.,SCGNM,49590000.0
20260331,Residential Mortgage Backed: Pass-Through Issued by G.N.M.A.,SCGNM,55516000.0
20251231,Residential Mortgage Backed: Pass-Through Issued by G.N.M.A.,SCGNM,58120000.0
20250930,Residential Mortgage Backed: Pass-Through Issued by G.N.M.A.,SCGNM,57507000.0
20250630,Residential Mortgage Backed: Pass-Through Issued by G.N.M.A.,SCGNM,72028000.0
20250331,Residential Mortgage Backed: Pass-Through Issued by G.N.M.A.,SCGNM,65612000.0
20241231,Residential Mortgage Backed: Pass-Through Issued by G.N.M.A.,SCGNM,67097000.0
20240930,Residential Mortgage Backed: Pass-Through Issued by G.N.M.A.,SCGNM,67406000.0
20240630,Residential Mortgage Backed: Pass-Through Issued by G.N.M.A.,SCGNM,57973000.0
20240331,Residential Mortgage Backed: Pass-Through Issued by G.N.M.A.,SCGNM,67063000.0
20231231,Residential Mortgage Backed: Pass-Through Issued by G.N.M.A.,SCGNM,82244000.0
20230930,Residential Mortgage Backed: Pass-Through Issued by G.N.M.A.,SCGNM,82654000.0
20230630,Residential Mortgage Backed: Pass-Through Issued by G.N.M.A.,SCGNM,83008000.0
20230331,Residential Mortgage Backed: Pass-Through Issued by G.N.M.A.,SCGNM,80457000.0
20260630,Collateralized Mortgage Obligations (CMOs) and REMICS Issued by U.S. Government Agencies or Sponsored Agencies,SCCOL,395000.0
20260331,Collateralized Mortgage Obligations (CMOs) and REMICS Issued by U.S. Government Agencies or Sponsored Agencies,SCCOL,409000.0
20251231,Collateralized Mortgage Obligations (CMOs) and REMICS Issued by U.S. Government Agencies or Sponsored Agencies,SCCOL,422000.0
20250930,Collateralized Mortgage Obligations (CMOs) and REMICS Issued by U.S. Government Agencies or Sponsored Agencies,SCCOL,432000.0
20250630,Collateralized Mortgage Obligations (CMOs) and REMICS Issued by U.S. Government Agencies or Sponsored Agencies,SCCOL,439000.0
20250331,Collateralized Mortgage Obligations (CMOs) and REMICS Issued by U.S. Government Agencies or Sponsored Agencies,SCCOL,449000.0
20241231,Collateralized Mortgage Obligations (CMOs) and REMICS Issued by U.S. Government Agencies or Sponsored Agencies,SCCOL,449000.0
20240930,Collateralized Mortgage Obligations (CMOs) and REMICS Issued by U.S. Government Agencies or Sponsored Agencies,SCCOL,475000.0
20240630,Collateralized Mortgage Obligations (CMOs) and REMICS Issued by U.S. Government Agencies or Sponsored Agencies,SCCOL,473000.0
20240331,Collateralized Mortgage Obligations (CMOs) and REMICS Issued by U.S. Government Agencies or Sponsored Agencies,SCCOL,485000.0
20231231,Collateralized Mortgage Obligations (CMOs) and REMICS Issued by U.S. Government Agencies or Sponsored Agencies,SCCOL,499000.0
20230930,Collateralized Mortgage Obligations (CMOs) and REMICS Issued by U.S. Government Agencies or Sponsored Agencies,SCCOL,494000.0
20230630,Collateralized Mortgage Obligations (CMOs) and REMICS Issued by U.S. Government Agencies or Sponsored Agencies,SCCOL,519000.0
20230331,Collateralized Mortgage Obligations (CMOs) and REMICS Issued by U.S. Government Agencies or Sponsored Agencies,SCCOL,85000.0
20260630,"Commercial Mortgage-Backed Pass-Through Securities Issued or Guaranteed by F.N.M.A., F.H.L.M.C., or G.N.M.A.",SCCPTG,29972000.0
20260331,"Commercial Mortgage-Backed Pass-Through Securities Issued or Guaranteed by F.N.M.A., F.H.L.M.C., or G.N.M.A.",SCCPTG,30193000.0
20251231,"Commercial Mortgage-Backed Pass-Through Securities Issued or Guaranteed by F.N.M.A., F.H.L.M.C., or G.N.M.A.",SCCPTG,31507000.0
20250930,"Commercial Mortgage-Backed Pass-Through Securities Issued or Guaranteed by F.N.M.A., F.H.L.M.C., or G.N.M.A.",SCCPTG,31253000.0
20250630,"Commercial Mortgage-Backed Pass-Through Securities Issued or Guaranteed by F.N.M.A., F.H.L.M.C., or G.N.M.A.",SCCPTG,30010000.0
20250331,"Commercial Mortgage-Backed Pass-Through Securities Issued or Guaranteed by F.N.M.A., F.H.L.M.C., or G.N.M.A.",SCCPTG,29455000.0
20241231,"Commercial Mortgage-Backed Pass-Through Securities Issued or Guaranteed by F.N.M.A., F.H.L.M.C., or G.N.M.A.",SCCPTG,28755000.0
20240930,"Commercial Mortgage-Backed Pass-Through Securities Issued or Guaranteed by F.N.M.A., F.H.L.M.C., or G.N.M.A.",SCCPTG,26696000.0
20240630,"Commercial Mortgage-Backed Pass-Through Securities Issued or Guaranteed by F.N.M.A., F.H.L.M.C., or G.N.M.A.",SCCPTG,25523000.0
20240331,"Commercial Mortgage-Backed Pass-Through Securities Issued or Guaranteed by F.N.M.A., F.H.L.M.C., or G.N.M.A.",SCCPTG,25769000.0
20231231,"Commercial Mortgage-Backed Pass-Through Securities Issued or Guaranteed by F.N.M.A., F.H.L.M.C., or G.N.M.A.",SCCPTG,26280000.0
20230930,"Commercial Mortgage-Backed Pass-Through Securities Issued or Guaranteed by F.N.M.A., F.H.L.M.C., or G.N.M.A.",SCCPTG,25700000.0
20230630,"Commercial Mortgage-Backed Pass-Through Securities Issued or Guaranteed by F.N.M.A., F.H.L.M.C., or G.N.M.A.",SCCPTG,24436000.0
20230331,"Commercial Mortgage-Backed Pass-Through Securities Issued or Guaranteed by F.N.M.A., F.H.L.M.C., or G.N.M.A.",SCCPTG,23683000.0
20260630,Commercial Mortgage-Backed Other Securities Issued or Guaranteed by U.S. Government Agencies or Sponsored Agencies,SCCMOG,4569000.0
20260331,Commercial Mortgage-Backed Other Securities Issued or Guaranteed by U.S. Government Agencies or Sponsored Agencies,SCCMOG,4740000.0
20251231,Commercial Mortgage-Backed Other Securities Issued or Guaranteed by U.S. Government Agencies or Sponsored Agencies,SCCMOG,4814000.0
20250930,Commercial Mortgage-Backed Other Securities Issued or Guaranteed by U.S. Government Agencies or Sponsored Agencies,SCCMOG,4910000.0
20250630,Commercial Mortgage-Backed Other Securities Issued or Guaranteed by U.S. Government Agencies or Sponsored Agencies,SCCMOG,4906000.0
20250331,Commercial Mortgage-Backed Other Securities Issued or Guaranteed by U.S. Government Agencies or Sponsored Agencies,SCCMOG,4905000.0
20241231,Commercial Mortgage-Backed Other Securities Issued or Guaranteed by U.S. Government Agencies or Sponsored Agencies,SCCMOG,4868000.0
20240930,Commercial Mortgage-Backed Other Securities Issued or Guaranteed by U.S. Government Agencies or Sponsored Agencies,SCCMOG,5134000.0
20240630,Commercial Mortgage-Backed Other Securities Issued or Guaranteed by U.S. Government Agencies or Sponsored Agencies,SCCMOG,5099000.0
20240331,Commercial Mortgage-Backed Other Securities Issued or Guaranteed by U.S. Government Agencies or Sponsored Agencies,SCCMOG,5364000.0
20231231,Commercial Mortgage-Backed Other Securities Issued or Guaranteed by U.S. Government Agencies or Sponsored Agencies,SCCMOG,5643000.0
20230930,Commercial Mortgage-Backed Other Securities Issued or Guaranteed by U.S. Government Agencies or Sponsored Agencies,SCCMOG,5464000.0
20230630,Commercial Mortgage-Backed Other Securities Issued or Guaranteed by U.S. Government Agencies or Sponsored Agencies,SCCMOG,5793000.0
20230331,Commercial Mortgage-Backed Other Securities Issued or Guaranteed by U.S. Government Agencies or Sponsored Agencies,SCCMOG,616000.0
20260630,Securities Issued by States & Political Subdivisions,SCMUNI,26866000.0
20260331,Securities Issued by States & Political Subdivisions,SCMUNI,27252000.0
20251231,Securities Issued by States & Political Subdivisions,SCMUNI,28867000.0
20250930,Securities Issued by States & Political Subdivisions,SCMUNI,28878000.0
20250630,Securities Issued by States & Political Subdivisions,SCMUNI,26698000.0
20250331,Securities Issued by States & Political Subdivisions,SCMUNI,26648000.0
20241231,Securities Issued by States & Political Subdivisions,SCMUNI,27255000.0
20240930,Securities Issued by States & Political Subdivisions,SCMUNI,27654000.0
20240630,Securities Issued by States & Political Subdivisions,SCMUNI,26714000.0
20240331,Securities Issued by States & Political Subdivisions,SCMUNI,28497000.0
20231231,Securities Issued by States & Political Subdivisions,SCMUNI,31363000.0
20230930,Securities Issued by States & Political Subdivisions,SCMUNI,30430000.0
20230630,Securities Issued by States & Political Subdivisions,SCMUNI,35648000.0
20230331,Securities Issued by States & Political Subdivisions,SCMUNI,25834000.0
20260630,Other Domestic Debt Securities,SCDOMO,69800000.0
20260331,Other Domestic Debt Securities,SCDOMO,69311000.0
20251231,Other Domestic Debt Securities,SCDOMO,74158000.0
20250930,Other Domestic Debt Securities,SCDOMO,77018000.0
20250630,Other Domestic Debt Securities,SCDOMO,79480000.0
20250331,Other Domestic Debt Securities,SCDOMO,79873000.0
20241231,Other Domestic Debt Securities,SCDOMO,85374000.0
20240930,Other Domestic Debt Securities,SCDOMO,87483000.0
20240630,Other Domestic Debt Securities,SCDOMO,87842000.0
20240331,Other Domestic Debt Securities,SCDOMO,92904000.0
20231231,Other Domestic Debt Securities,SCDOMO,96643000.0
20230930,Other Domestic Debt Securities,SCDOMO,96911000.0
20230630,Other Domestic Debt Securities,SCDOMO,98493000.0
20230331,Other Domestic Debt Securities,SCDOMO,100067000.0
20260630,Privately Issued Residential Mortgage-Backed Securities,SCRMBPI,12486000.0
20260331,Privately Issued Residential Mortgage-Backed Securities,SCRMBPI,12738000.0
20251231,Privately Issued Residential Mortgage-Backed Securities,SCRMBPI,13533000.0
20250930,Privately Issued Residential Mortgage-Backed Securities,SCRMBPI,13812000.0
20250630,Privately Issued Residential Mortgage-Backed Securities,SCRMBPI,14013000.0
20250331,Privately Issued Residential Mortgage-Backed Securities,SCRMBPI,13823000.0
20241231,Privately Issued Residential Mortgage-Backed Securities,SCRMBPI,13415000.0
20240930,Privately Issued Residential Mortgage-Backed Securities,SCRMBPI,12931000.0
20240630,Privately Issued Residential Mortgage-Backed Securities,SCRMBPI,12185000.0
20240331,Privately Issued Residential Mortgage-Backed Securities,SCRMBPI,12416000.0
20231231,Privately Issued Residential Mortgage-Backed Securities,SCRMBPI,13348000.0
20230930,Privately Issued Residential Mortgage-Backed Securities,SCRMBPI,13556000.0
20230630,Privately Issued Residential Mortgage-Backed Securities,SCRMBPI,13838000.0
20230331,Privately Issued Residential Mortgage-Backed Securities,SCRMBPI,15073000.0
20260630,Other Commercial Mortgage-Backed Securities,SCCMOS,10534000.0
20260331,Other Commercial Mortgage-Backed Securities,SCCMOS,10579000.0
20251231,Other Commercial Mortgage-Backed Securities,SCCMOS,11013000.0
20250930,Other Commercial Mortgage-Backed Securities,SCCMOS,11785000.0
20250630,Other Commercial Mortgage-Backed Securities,SCCMOS,12751000.0
20250331,Other Commercial Mortgage-Backed Securities,SCCMOS,12836000.0
20241231,Other Commercial Mortgage-Backed Securities,SCCMOS,12953000.0
20240930,Other Commercial Mortgage-Backed Securities,SCCMOS,13033000.0
20240630,Other Commercial Mortgage-Backed Securities,SCCMOS,12788000.0
20240331,Other Commercial Mortgage-Backed Securities,SCCMOS,12866000.0
20231231,Other Commercial Mortgage-Backed Securities,SCCMOS,13379000.0
20230930,Other Commercial Mortgage-Backed Securities,SCCMOS,13204000.0
20230630,Other Commercial Mortgage-Backed Securities,SCCMOS,12804000.0
20230331,Other Commercial Mortgage-Backed Securities,SCCMOS,12723000.0
20260630,Asset Backed Securities,SCABS,2410000.0
20260331,Asset Backed Securities,SCABS,2573000.0
20251231,Asset Backed Securities,SCABS,2819000.0
20250930,Asset Backed Securities,SCABS,3058000.0
20250630,Asset Backed Securities,SCABS,3130000.0
20250331,Asset Backed Securities,SCABS,3299000.0
20241231,Asset Backed Securities,SCABS,3359000.0
20240930,Asset Backed Securities,SCABS,3700000.0
20240630,Asset Backed Securities,SCABS,4097000.0
20240331,Asset Backed Securities,SCABS,4124000.0
20231231,Asset Backed Securities,SCABS,4444000.0
20230930,Asset Backed Securities,SCABS,4803000.0
20230630,Asset Backed Securities,SCABS,5152000.0
20230331,Asset Backed Securities,SCABS,5210000.0
20260630,Structured Financial Products,SCSFP,44356000.0
20260331,Structured Financial Products,SCSFP,43407000.0
20251231,Structured Financial Products,SCSFP,46779000.0
20250930,Structured Financial Products,SCSFP,48349000.0
20250630,Structured Financial Products,SCSFP,49572000.0
20250331,Structured Financial Products,SCSFP,49901000.0
20241231,Structured Financial Products,SCSFP,55634000.0
20240930,Structured Financial Products,SCSFP,57805000.0
20240630,Structured Financial Products,SCSFP,58759000.0
20240331,Structured Financial Products,SCSFP,63485000.0
20231231,Structured Financial Products,SCSFP,65458000.0
20230930,Structured Financial Products,SCSFP,65335000.0
20230630,Structured Financial Products,SCSFP,66686000.0
20230331,Structured Financial Products,SCSFP,67048000.0
20260630,Other,SCODOT,14000.0
20260331,Other,SCODOT,14000.0
20251231,Other,SCODOT,14000.0
20250930,Other,SCODOT,14000.0
20250630,Other,SCODOT,14000.0
20250331,Other,SCODOT,14000.0
20241231,Other,SCODOT,13000.0
20240930,Other,SCODOT,14000.0
20240630,Other,SCODOT,13000.0
20240331,Other,SCODOT,13000.0
20231231,Other,SCODOT,14000.0
20230930,Other,SCODOT,13000.0
20230630,Other,SCODOT,13000.0
20230331,Other,SCODOT,13000.0
20260630,Foreign Debt Securities,SCFORD,50616000.0
20260331,Foreign Debt Securities,SCFORD,53317000.0
20251231,Foreign Debt Securities,SCFORD,45756000.0
20250930,Foreign Debt Securities,SCFORD,44373000.0
20250630,Foreign Debt Securities,SCFORD,41222000.0
20250331,Foreign Debt Securities,SCFORD,36742000.0
20241231,Foreign Debt Securities,SCFORD,36276000.0
20240930,Foreign Debt Securities,SCFORD,42586000.0
20240630,Foreign Debt Securities,SCFORD,31164000.0
20240331,Foreign Debt Securities,SCFORD,19943000.0
20231231,Foreign Debt Securities,SCFORD,21355000.0
20230930,Foreign Debt Securities,SCFORD,26672000.0
20230630,Foreign Debt Securities,SCFORD,22388000.0
20230331,Foreign Debt Securities,SCFORD,19764000.0
20260630,Equity Securities Not Held for Trading,SCEQNFT,3963000.0
20260331,Equity Securities Not Held for Trading,SCEQNFT,745000.0
20251231,Equity Securities Not Held for Trading,SCEQNFT,534000.0
20250930,Equity Securities Not Held for Trading,SCEQNFT,639000.0
20250630,Equity Securities Not Held for Trading,SCEQNFT,927000.0
20250331,Equity Securities Not Held for Trading,SCEQNFT,637000.0
20241231,Equity Securities Not Held for Trading,SCEQNFT,435000.0
20240930,Equity Securities Not Held for Trading,SCEQNFT,528000.0
20240630,Equity Securities Not Held for Trading,SCEQNFT,4674000.0
20240331,Equity Securities Not Held for Trading,SCEQNFT,635000.0
20231231,Equity Securities Not Held for Trading,SCEQNFT,575000.0
20230930,Equity Securities Not Held for Trading,SCEQNFT,1009000.0
20230630,Equity Securities Not Held for Trading,SCEQNFT,913000.0
20230331,Equity Securities Not Held for Trading,SCEQNFT,28000.0
20260630,Equity Securities Available for Sale,SCEQ,
20260331,Equity Securities Available for Sale,SCEQ,
20251231,Equity Securities Available for Sale,SCEQ,
20250930,Equity Securities Available for Sale,SCEQ,
20250630,Equity Securities Available for Sale,SCEQ,
20250331,Equity Securities Available for Sale,SCEQ,
20241231,Equity Securities Available for Sale,SCEQ,
20240930,Equity Securities Available for Sale,SCEQ,
20240630,Equity Securities Available for Sale,SCEQ,
20240331,Equity Securities Available for Sale,SCEQ,
20231231,Equity Securities Available for Sale,SCEQ,
20230930,Equity Securities Available for Sale,SCEQ,
20230630,Equity Securities Available for Sale,SCEQ,
20230331,Equity Securities Available for Sale,SCEQ,
20260630,Equity Readily Determinable Fair Values,SCEQFV,3963000.0
20260331,Equity Readily Determinable Fair Values,SCEQFV,745000.0
20251231,Equity Readily Determinable Fair Values,SCEQFV,534000.0
20250930,Equity Readily Determinable Fair Values,SCEQFV,639000.0
20250630,Equity Readily Determinable Fair Values,SCEQFV,927000.0
20250331,Equity Readily Determinable Fair Values,SCEQFV,637000.0
20241231,Equity Readily Determinable Fair Values,SCEQFV,435000.0
20240930,Equity Readily Determinable Fair Values,SCEQFV,528000.0
20240630,Equity Readily Determinable Fair Values,SCEQFV,4674000.0
20240331,Equity Readily Determinable Fair Values,SCEQFV,635000.0
20231231,Equity Readily Determinable Fair Values,SCEQFV,575000.0
20230930,Equity Readily Determinable Fair Values,SCEQFV,1009000.0
20230630,Equity Readily Determinable Fair Values,SCEQFV,913000.0
20230331,Equity Readily Determinable Fair Values,SCEQFV,28000.0
20260630,Less: Allowance for Credit Losses on Held to Maturity Debt Securities,SCHTMRES,42000.0
20260331,Less: Allowance for Credit Losses on Held to Maturity Debt Securities,SCHTMRES,56000.0
20251231,Less: Allowance for Credit Losses on Held to Maturity Debt Securities,SCHTMRES,65000.0
20250930,Less: Allowance for Credit Losses on Held to Maturity Debt Securities,SCHTMRES,70000.0
20250630,Less: Allowance for Credit Losses on Held to Maturity Debt Securities,SCHTMRES,73000.0
20250331,Less: Allowance for Credit Losses on Held to Maturity Debt Securities,SCHTMRES,83000.0
20241231,Less: Allowance for Credit Losses on Held to Maturity Debt Securities,SCHTMRES,103000.0
20240930,Less: Allowance for Credit Losses on Held to Maturity Debt Securities,SCHTMRES,123000.0
20240630,Less: Allowance for Credit Losses on Held to Maturity Debt Securities,SCHTMRES,125000.0
20240331,Less: Allowance for Credit Losses on Held to Maturity Debt Securities,SCHTMRES,120000.0
20231231,Less: Allowance for Credit Losses on Held to Maturity Debt Securities,SCHTMRES,94000.0
20230930,Less: Allowance for Credit Losses on Held to Maturity Debt Securities,SCHTMRES,87000.0
20230630,Less: Allowance for Credit Losses on Held to Maturity Debt Securities,SCHTMRES,74000.0
20230331,Less: Allowance for Credit Losses on Held to Maturity Debt Securities,SCHTMRES,61000.0
20260630,Less: Assets Held in Trading Accounts for TFR Reporters,SCTATFR,
20260331,Less: Assets Held in Trading Accounts for TFR Reporters,SCTATFR,
20251231,Less: Assets Held in Trading Accounts for TFR Reporters,SCTATFR,
20250930,Less: Assets Held in Trading Accounts for TFR Reporters,SCTATFR,
20250630,Less: Assets Held in Trading Accounts for TFR Reporters,SCTATFR,
20250331,Less: Assets Held in Trading Accounts for TFR Reporters,SCTATFR,
20241231,Less: Assets Held in Trading Accounts for TFR Reporters,SCTATFR,
20240930,Less: Assets Held in Trading Accounts for TFR Reporters,SCTATFR,
20240630,Less: Assets Held in Trading Accounts for TFR Reporters,SCTATFR,
20240331,Less: Assets Held in Trading Accounts for TFR Reporters,SCTATFR,
20231231,Less: Assets Held in Trading Accounts for TFR Reporters,SCTATFR,
20230930,Less: Assets Held in Trading Accounts for TFR Reporters,SCTATFR,
20230630,Less: Assets Held in Trading Accounts for TFR Reporters,SCTATFR,
20230331,Less: Assets Held in Trading Accounts for TFR Reporters,SCTATFR,
20260630,Less: General Valuation Allowances for Securities for TFR Reporters,N/A,
20260331,Less: General Valuation Allowances for Securities for TFR Reporters,N/A,
20251231,Less: General Valuation Allowances for Securities for TFR Reporters,N/A,
20250930,Less: General Valuation Allowances for Securities for TFR Reporters,N/A,
20250630,Less: General Valuation Allowances for Securities for TFR Reporters,N/A,
20250331,Less: General Valuation Allowances for Securities for TFR Reporters,N/A,
20241231,Less: General Valuation Allowances for Securities for TFR Reporters,N/A,
20240930,Less: General Valuation Allowances for Securities for TFR Reporters,N/A,
20240630,Less: General Valuation Allowances for Securities for TFR Reporters,N/A,
20240331,Less: General Valuation Allowances for Securities for TFR Reporters,N/A,
20231231,Less: General Valuation Allowances for Securities for TFR Reporters,N/A,
20230930,Less: General Valuation Allowances for Securities for TFR Reporters,N/A,
20230630,Less: General Valuation Allowances for Securities for TFR Reporters,N/A,
20230331,Less: General Valuation Allowances for Securities for TFR Reporters,N/A,
20260630,Memoranda Securities (footnote: 2,N/A,
20260331,Memoranda Securities (footnote: 2,N/A,
20251231,Memoranda Securities (footnote: 2,N/A,
20250930,Memoranda Securities (footnote: 2,N/A,
20250630,Memoranda Securities (footnote: 2,N/A,
20250331,Memoranda Securities (footnote: 2,N/A,
20241231,Memoranda Securities (footnote: 2,N/A,
20240930,Memoranda Securities (footnote: 2,N/A,
20240630,Memoranda Securities (footnote: 2,N/A,
20240331,Memoranda Securities (footnote: 2,N/A,
20231231,Memoranda Securities (footnote: 2,N/A,
20230930,Memoranda Securities (footnote: 2,N/A,
20230630,Memoranda Securities (footnote: 2,N/A,
20230331,Memoranda Securities (footnote: 2,N/A,
20260630,Pledged Securities,SCPLEDGE,78224000.0
20260331,Pledged Securities,SCPLEDGE,76256000.0
20251231,Pledged Securities,SCPLEDGE,86599000.0
20250930,Pledged Securities,SCPLEDGE,81273000.0
20250630,Pledged Securities,SCPLEDGE,87530000.0
20250331,Pledged Securities,SCPLEDGE,89978000.0
20241231,Pledged Securities,SCPLEDGE,91940000.0
20240930,Pledged Securities,SCPLEDGE,98800000.0
20240630,Pledged Securities,SCPLEDGE,94766000.0
20240331,Pledged Securities,SCPLEDGE,103158000.0
20231231,Pledged Securities,SCPLEDGE,111301000.0
20230930,Pledged Securities,SCPLEDGE,119117000.0
20230630,Pledged Securities,SCPLEDGE,121919000.0
20230331,Pledged Securities,SCPLEDGE,113340000.0
20260630,Mortgage-Backed Securities,SCMTGBK,196705000.0
20260331,Mortgage-Backed Securities,SCMTGBK,197207000.0
20251231,Mortgage-Backed Securities,SCMTGBK,204591000.0
20250930,Mortgage-Backed Securities,SCMTGBK,208595000.0
20250630,Mortgage-Backed Securities,SCMTGBK,214032000.0
20250331,Mortgage-Backed Securities,SCMTGBK,207989000.0
20241231,Mortgage-Backed Securities,SCMTGBK,215438000.0
20240930,Mortgage-Backed Securities,SCMTGBK,207155000.0
20240630,Mortgage-Backed Securities,SCMTGBK,201544000.0
20240331,Mortgage-Backed Securities,SCMTGBK,200211000.0
20231231,Mortgage-Backed Securities,SCMTGBK,217513000.0
20230930,Mortgage-Backed Securities,SCMTGBK,216996000.0
20230630,Mortgage-Backed Securities,SCMTGBK,216927000.0
20230331,Mortgage-Backed Securities,SCMTGBK,208080000.0
20260630,Certificates of Participation in Pools of Residential Mortgages Issued or Guaranteed by U.S.,SCGTY,138749000.0
20260331,Certificates of Participation in Pools of Residential Mortgages Issued or Guaranteed by U.S.,SCGTY,138548000.0
20251231,Certificates of Participation in Pools of Residential Mortgages Issued or Guaranteed by U.S.,SCGTY,143302000.0
20250930,Certificates of Participation in Pools of Residential Mortgages Issued or Guaranteed by U.S.,SCGTY,146403000.0
20250630,Certificates of Participation in Pools of Residential Mortgages Issued or Guaranteed by U.S.,SCGTY,151913000.0
20250331,Certificates of Participation in Pools of Residential Mortgages Issued or Guaranteed by U.S.,SCGTY,146521000.0
20241231,Certificates of Participation in Pools of Residential Mortgages Issued or Guaranteed by U.S.,SCGTY,154998000.0
20240930,Certificates of Participation in Pools of Residential Mortgages Issued or Guaranteed by U.S.,SCGTY,148886000.0
20240630,Certificates of Participation in Pools of Residential Mortgages Issued or Guaranteed by U.S.,SCGTY,145476000.0
20240331,Certificates of Participation in Pools of Residential Mortgages Issued or Guaranteed by U.S.,SCGTY,143311000.0
20231231,Certificates of Participation in Pools of Residential Mortgages Issued or Guaranteed by U.S.,SCGTY,158364000.0
20230930,Certificates of Participation in Pools of Residential Mortgages Issued or Guaranteed by U.S.,SCGTY,158578000.0
20230630,Certificates of Participation in Pools of Residential Mortgages Issued or Guaranteed by U.S.,SCGTY,159537000.0
20230331,Certificates of Participation in Pools of Residential Mortgages Issued or Guaranteed by U.S.,SCGTY,155900000.0
20260630,Certificates of Participation in Pools of Residential Mortgages Privately Issued,SCODPC,0.0
20260331,Certificates of Participation in Pools of Residential Mortgages Privately Issued,SCODPC,0.0
20251231,Certificates of Participation in Pools of Residential Mortgages Privately Issued,SCODPC,0.0
20250930,Certificates of Participation in Pools of Residential Mortgages Privately Issued,SCODPC,0.0
20250630,Certificates of Participation in Pools of Residential Mortgages Privately Issued,SCODPC,0.0
20250331,Certificates of Participation in Pools of Residential Mortgages Privately Issued,SCODPC,0.0
20241231,Certificates of Participation in Pools of Residential Mortgages Privately Issued,SCODPC,0.0
20240930,Certificates of Participation in Pools of Residential Mortgages Privately Issued,SCODPC,0.0
20240630,Certificates of Participation in Pools of Residential Mortgages Privately Issued,SCODPC,0.0
20240331,Certificates of Participation in Pools of Residential Mortgages Privately Issued,SCODPC,0.0
20231231,Certificates of Participation in Pools of Residential Mortgages Privately Issued,SCODPC,0.0
20230930,Certificates of Participation in Pools of Residential Mortgages Privately Issued,SCODPC,0.0
20230630,Certificates of Participation in Pools of Residential Mortgages Privately Issued,SCODPC,0.0
20230331,Certificates of Participation in Pools of Residential Mortgages Privately Issued,SCODPC,0.0
20260630,Collateralized Mortgage Obligations (CMOs) Issued by Government Agencies or Sponsored Agencies,SCCOL,395000.0
20260331,Collateralized Mortgage Obligations (CMOs) Issued by Government Agencies or Sponsored Agencies,SCCOL,409000.0
20251231,Collateralized Mortgage Obligations (CMOs) Issued by Government Agencies or Sponsored Agencies,SCCOL,422000.0
20250930,Collateralized Mortgage Obligations (CMOs) Issued by Government Agencies or Sponsored Agencies,SCCOL,432000.0
20250630,Collateralized Mortgage Obligations (CMOs) Issued by Government Agencies or Sponsored Agencies,SCCOL,439000.0
20250331,Collateralized Mortgage Obligations (CMOs) Issued by Government Agencies or Sponsored Agencies,SCCOL,449000.0
20241231,Collateralized Mortgage Obligations (CMOs) Issued by Government Agencies or Sponsored Agencies,SCCOL,449000.0
20240930,Collateralized Mortgage Obligations (CMOs) Issued by Government Agencies or Sponsored Agencies,SCCOL,475000.0
20240630,Collateralized Mortgage Obligations (CMOs) Issued by Government Agencies or Sponsored Agencies,SCCOL,473000.0
20240331,Collateralized Mortgage Obligations (CMOs) Issued by Government Agencies or Sponsored Agencies,SCCOL,485000.0
20231231,Collateralized Mortgage Obligations (CMOs) Issued by Government Agencies or Sponsored Agencies,SCCOL,499000.0
20230930,Collateralized Mortgage Obligations (CMOs) Issued by Government Agencies or Sponsored Agencies,SCCOL,494000.0
20230630,Collateralized Mortgage Obligations (CMOs) Issued by Government Agencies or Sponsored Agencies,SCCOL,519000.0
20230331,Collateralized Mortgage Obligations (CMOs) Issued by Government Agencies or Sponsored Agencies,SCCOL,85000.0
20260630,Collateralized Mortgage Obligations (CMOs) Privately Issued.,SCODPI,12486000.0
20260331,Collateralized Mortgage Obligations (CMOs) Privately Issued.,SCODPI,12738000.0
20251231,Collateralized Mortgage Obligations (CMOs) Privately Issued.,SCODPI,13533000.0
20250930,Collateralized Mortgage Obligations (CMOs) Privately Issued.,SCODPI,13812000.0
20250630,Collateralized Mortgage Obligations (CMOs) Privately Issued.,SCODPI,14013000.0
20250331,Collateralized Mortgage Obligations (CMOs) Privately Issued.,SCODPI,13823000.0
20241231,Collateralized Mortgage Obligations (CMOs) Privately Issued.,SCODPI,13415000.0
20240930,Collateralized Mortgage Obligations (CMOs) Privately Issued.,SCODPI,12931000.0
20240630,Collateralized Mortgage Obligations (CMOs) Privately Issued.,SCODPI,12185000.0
20240331,Collateralized Mortgage Obligations (CMOs) Privately Issued.,SCODPI,12416000.0
20231231,Collateralized Mortgage Obligations (CMOs) Privately Issued.,SCODPI,13348000.0
20230930,Collateralized Mortgage Obligations (CMOs) Privately Issued.,SCODPI,13556000.0
20230630,Collateralized Mortgage Obligations (CMOs) Privately Issued.,SCODPI,13838000.0
20230331,Collateralized Mortgage Obligations (CMOs) Privately Issued.,SCODPI,15073000.0
20260630,Commercial Mortgage Pass-Through Securities,SCCMPT,29972000.0
20260331,Commercial Mortgage Pass-Through Securities,SCCMPT,30193000.0
20251231,Commercial Mortgage Pass-Through Securities,SCCMPT,31507000.0
20250930,Commercial Mortgage Pass-Through Securities,SCCMPT,31253000.0
20250630,Commercial Mortgage Pass-Through Securities,SCCMPT,30010000.0
20250331,Commercial Mortgage Pass-Through Securities,SCCMPT,29455000.0
20241231,Commercial Mortgage Pass-Through Securities,SCCMPT,28755000.0
20240930,Commercial Mortgage Pass-Through Securities,SCCMPT,26696000.0
20240630,Commercial Mortgage Pass-Through Securities,SCCMPT,25523000.0
20240331,Commercial Mortgage Pass-Through Securities,SCCMPT,25769000.0
20231231,Commercial Mortgage Pass-Through Securities,SCCMPT,26280000.0
20230930,Commercial Mortgage Pass-Through Securities,SCCMPT,25700000.0
20230630,Commercial Mortgage Pass-Through Securities,SCCMPT,24436000.0
20230331,Commercial Mortgage Pass-Through Securities,SCCMPT,23683000.0
20260630,Other Commercial Mortgage Securities,SCCMOT,15103000.0
20260331,Other Commercial Mortgage Securities,SCCMOT,15319000.0
20251231,Other Commercial Mortgage Securities,SCCMOT,15827000.0
20250930,Other Commercial Mortgage Securities,SCCMOT,16695000.0
20250630,Other Commercial Mortgage Securities,SCCMOT,17657000.0
20250331,Other Commercial Mortgage Securities,SCCMOT,17741000.0
20241231,Other Commercial Mortgage Securities,SCCMOT,17821000.0
20240930,Other Commercial Mortgage Securities,SCCMOT,18167000.0
20240630,Other Commercial Mortgage Securities,SCCMOT,17887000.0
20240331,Other Commercial Mortgage Securities,SCCMOT,18230000.0
20231231,Other Commercial Mortgage Securities,SCCMOT,19022000.0
20230930,Other Commercial Mortgage Securities,SCCMOT,18668000.0
20230630,Other Commercial Mortgage Securities,SCCMOT,18597000.0
20230331,Other Commercial Mortgage Securities,SCCMOT,13339000.0
20260630,Held to Maturity (Book Value),SCHA,268516000.0
20260331,Held to Maturity (Book Value),SCHA,272198000.0
20251231,Held to Maturity (Book Value),SCHA,270199000.0
20250930,Held to Maturity (Book Value),SCHA,293516000.0
20250630,Held to Maturity (Book Value),SCHA,260632000.0
20250331,Held to Maturity (Book Value),SCHA,265167000.0
20241231,Held to Maturity (Book Value),SCHA,274571000.0
20240930,Held to Maturity (Book Value),SCHA,300077000.0
20240630,Held to Maturity (Book Value),SCHA,323871000.0
20240331,Held to Maturity (Book Value),SCHA,334647000.0
20231231,Held to Maturity (Book Value),SCHA,369942000.0
20230930,Held to Maturity (Book Value),SCHA,388348000.0
20230630,Held to Maturity (Book Value),SCHA,409015000.0
20230331,Held to Maturity (Book Value),SCHA,412888000.0
20260630,Available for Sale (Fair Market Value),SCAF,536045000.0
20260331,Available for Sale (Fair Market Value),SCAF,549034000.0
20251231,Available for Sale (Fair Market Value),SCAF,507176000.0
20250930,Available for Sale (Fair Market Value),SCAF,490473000.0
20250630,Available for Sale (Fair Market Value),SCAF,485353000.0
20250331,Available for Sale (Fair Market Value),SCAF,399337000.0
20241231,Available for Sale (Fair Market Value),SCAF,406814000.0
20240930,Available for Sale (Fair Market Value),SCAF,334523000.0
20240630,Available for Sale (Fair Market Value),SCAF,266228000.0
20240331,Available for Sale (Fair Market Value),SCAF,236126000.0
20231231,Available for Sale (Fair Market Value),SCAF,201676000.0
20230930,Available for Sale (Fair Market Value),SCAF,197080000.0
20230630,Available for Sale (Fair Market Value),SCAF,203191000.0
20230331,Available for Sale (Fair Market Value),SCAF,197186000.0
20260630,Total Debt Securities,SCRDEBT,804564000.0
20260331,Total Debt Securities,SCRDEBT,821233000.0
20251231,Total Debt Securities,SCRDEBT,777376000.0
20250930,Total Debt Securities,SCRDEBT,783985000.0
20250630,Total Debt Securities,SCRDEBT,745984000.0
20250331,Total Debt Securities,SCRDEBT,664502000.0
20241231,Total Debt Securities,SCRDEBT,681383000.0
20240930,Total Debt Securities,SCRDEBT,634601000.0
20240630,Total Debt Securities,SCRDEBT,590099000.0
20240331,Total Debt Securities,SCRDEBT,570772000.0
20231231,Total Debt Securities,SCRDEBT,571616000.0
20230930,Total Debt Securities,SCRDEBT,585428000.0
20230630,Total Debt Securities,SCRDEBT,612205000.0
20230331,Total Debt Securities,SCRDEBT,610074000.0
20260630,Mortgage pass-through backed by closed-end first lien 1-4 residential mortgages repricing and maturity:,N/A,
20260331,Mortgage pass-through backed by closed-end first lien 1-4 residential mortgages repricing and maturity:,N/A,
20251231,Mortgage pass-through backed by closed-end first lien 1-4 residential mortgages repricing and maturity:,N/A,
20250930,Mortgage pass-through backed by closed-end first lien 1-4 residential mortgages repricing and maturity:,N/A,
20250630,Mortgage pass-through backed by closed-end first lien 1-4 residential mortgages repricing and maturity:,N/A,
20250331,Mortgage pass-through backed by closed-end first lien 1-4 residential mortgages repricing and maturity:,N/A,
20241231,Mortgage pass-through backed by closed-end first lien 1-4 residential mortgages repricing and maturity:,N/A,
20240930,Mortgage pass-through backed by closed-end first lien 1-4 residential mortgages repricing and maturity:,N/A,
20240630,Mortgage pass-through backed by closed-end first lien 1-4 residential mortgages repricing and maturity:,N/A,
20240331,Mortgage pass-through backed by closed-end first lien 1-4 residential mortgages repricing and maturity:,N/A,
20231231,Mortgage pass-through backed by closed-end first lien 1-4 residential mortgages repricing and maturity:,N/A,
20230930,Mortgage pass-through backed by closed-end first lien 1-4 residential mortgages repricing and maturity:,N/A,
20230630,Mortgage pass-through backed by closed-end first lien 1-4 residential mortgages repricing and maturity:,N/A,
20230331,Mortgage pass-through backed by closed-end first lien 1-4 residential mortgages repricing and maturity:,N/A,
20260630,Three months or less to reprice or mature,SCPT3LES,93000.0
20260331,Three months or less to reprice or mature,SCPT3LES,101000.0
20251231,Three months or less to reprice or mature,SCPT3LES,136000.0
20250930,Three months or less to reprice or mature,SCPT3LES,140000.0
20250630,Three months or less to reprice or mature,SCPT3LES,108000.0
20250331,Three months or less to reprice or mature,SCPT3LES,119000.0
20241231,Three months or less to reprice or mature,SCPT3LES,167000.0
20240930,Three months or less to reprice or mature,SCPT3LES,170000.0
20240630,Three months or less to reprice or mature,SCPT3LES,131000.0
20240331,Three months or less to reprice or mature,SCPT3LES,140000.0
20231231,Three months or less to reprice or mature,SCPT3LES,195000.0
20230930,Three months or less to reprice or mature,SCPT3LES,193000.0
20230630,Three months or less to reprice or mature,SCPT3LES,154000.0
20230331,Three months or less to reprice or mature,SCPT3LES,163000.0
20260630,Over three months through twelve months to reprice or mature,SCPT3T12,1736000.0
20260331,Over three months through twelve months to reprice or mature,SCPT3T12,1798000.0
20251231,Over three months through twelve months to reprice or mature,SCPT3T12,1583000.0
20250930,Over three months through twelve months to reprice or mature,SCPT3T12,1664000.0
20250630,Over three months through twelve months to reprice or mature,SCPT3T12,1666000.0
20250331,Over three months through twelve months to reprice or mature,SCPT3T12,1740000.0
20241231,Over three months through twelve months to reprice or mature,SCPT3T12,1772000.0
20240930,Over three months through twelve months to reprice or mature,SCPT3T12,1886000.0
20240630,Over three months through twelve months to reprice or mature,SCPT3T12,1813000.0
20240331,Over three months through twelve months to reprice or mature,SCPT3T12,1810000.0
20231231,Over three months through twelve months to reprice or mature,SCPT3T12,1856000.0
20230930,Over three months through twelve months to reprice or mature,SCPT3T12,1899000.0
20230630,Over three months through twelve months to reprice or mature,SCPT3T12,2081000.0
20230331,Over three months through twelve months to reprice or mature,SCPT3T12,2236000.0
20260630,Over one year through three years to reprice or mature,SCP1T3,
20260331,Over one year through three years to reprice or mature,SCP1T3,
20251231,Over one year through three years to reprice or mature,SCP1T3,
20250930,Over one year through three years to reprice or mature,SCP1T3,
20250630,Over one year through three years to reprice or mature,SCP1T3,
20250331,Over one year through three years to reprice or mature,SCP1T3,
20241231,Over one year through three years to reprice or mature,SCP1T3,
20240930,Over one year through three years to reprice or mature,SCP1T3,
20240630,Over one year through three years to reprice or mature,SCP1T3,
20240331,Over one year through three years to reprice or mature,SCP1T3,
20231231,Over one year through three years to reprice or mature,SCP1T3,
20230930,Over one year through three years to reprice or mature,SCP1T3,
20230630,Over one year through three years to reprice or mature,SCP1T3,
20230331,Over one year through three years to reprice or mature,SCP1T3,
20260630,Over three years through five years to reprice or mature,SCPT3T5,1028000.0
20260331,Over three years through five years to reprice or mature,SCPT3T5,551000.0
20251231,Over three years through five years to reprice or mature,SCPT3T5,733000.0
20250930,Over three years through five years to reprice or mature,SCPT3T5,525000.0
20250630,Over three years through five years to reprice or mature,SCPT3T5,305000.0
20250331,Over three years through five years to reprice or mature,SCPT3T5,255000.0
20241231,Over three years through five years to reprice or mature,SCPT3T5,262000.0
20240930,Over three years through five years to reprice or mature,SCPT3T5,359000.0
20240630,Over three years through five years to reprice or mature,SCPT3T5,386000.0
20240331,Over three years through five years to reprice or mature,SCPT3T5,597000.0
20231231,Over three years through five years to reprice or mature,SCPT3T5,672000.0
20230930,Over three years through five years to reprice or mature,SCPT3T5,682000.0
20230630,Over three years through five years to reprice or mature,SCPT3T5,921000.0
20230331,Over three years through five years to reprice or mature,SCPT3T5,1019000.0
20260630,Over five years through fifteen years to reprice or mature,SCPT5T15,7578000.0
20260331,Over five years through fifteen years to reprice or mature,SCPT5T15,6656000.0
20251231,Over five years through fifteen years to reprice or mature,SCPT5T15,5372000.0
20250930,Over five years through fifteen years to reprice or mature,SCPT5T15,4334000.0
20250630,Over five years through fifteen years to reprice or mature,SCPT5T15,2541000.0
20250331,Over five years through fifteen years to reprice or mature,SCPT5T15,1828000.0
20241231,Over five years through fifteen years to reprice or mature,SCPT5T15,1937000.0
20240930,Over five years through fifteen years to reprice or mature,SCPT5T15,2032000.0
20240630,Over five years through fifteen years to reprice or mature,SCPT5T15,1978000.0
20240331,Over five years through fifteen years to reprice or mature,SCPT5T15,2006000.0
20231231,Over five years through fifteen years to reprice or mature,SCPT5T15,2023000.0
20230930,Over five years through fifteen years to reprice or mature,SCPT5T15,2075000.0
20230630,Over five years through fifteen years to reprice or mature,SCPT5T15,2120000.0
20230331,Over five years through fifteen years to reprice or mature,SCPT5T15,2022000.0
20260630,Over fifteen years to reprice or mature,SCPTOV15,127691000.0
20260331,Over fifteen years to reprice or mature,SCPTOV15,128757000.0
20251231,Over fifteen years to reprice or mature,SCPTOV15,134760000.0
20250930,Over fifteen years to reprice or mature,SCPTOV15,139068000.0
20250630,Over fifteen years to reprice or mature,SCPTOV15,146587000.0
20250331,Over fifteen years to reprice or mature,SCPTOV15,141867000.0
20241231,Over fifteen years to reprice or mature,SCPTOV15,150108000.0
20240930,Over fifteen years to reprice or mature,SCPTOV15,143791000.0
20240630,Over fifteen years to reprice or mature,SCPTOV15,140497000.0
20240331,Over fifteen years to reprice or mature,SCPTOV15,138151000.0
20231231,Over fifteen years to reprice or mature,SCPTOV15,153042000.0
20230930,Over fifteen years to reprice or mature,SCPTOV15,153088000.0
20230630,Over fifteen years to reprice or mature,SCPTOV15,153776000.0
20230331,Over fifteen years to reprice or mature,SCPTOV15,149982000.0
20260630,"CMOs, REMICs and stripped MBS (excluding mortgage pass-through) repricing and maturity:",N/A,
20260331,"CMOs, REMICs and stripped MBS (excluding mortgage pass-through) repricing and maturity:",N/A,
20251231,"CMOs, REMICs and stripped MBS (excluding mortgage pass-through) repricing and maturity:",N/A,
20250930,"CMOs, REMICs and stripped MBS (excluding mortgage pass-through) repricing and maturity:",N/A,
20250630,"CMOs, REMICs and stripped MBS (excluding mortgage pass-through) repricing and maturity:",N/A,
20250331,"CMOs, REMICs and stripped MBS (excluding mortgage pass-through) repricing and maturity:",N/A,
20241231,"CMOs, REMICs and stripped MBS (excluding mortgage pass-through) repricing and maturity:",N/A,
20240930,"CMOs, REMICs and stripped MBS (excluding mortgage pass-through) repricing and maturity:",N/A,
20240630,"CMOs, REMICs and stripped MBS (excluding mortgage pass-through) repricing and maturity:",N/A,
20240331,"CMOs, REMICs and stripped MBS (excluding mortgage pass-through) repricing and maturity:",N/A,
20231231,"CMOs, REMICs and stripped MBS (excluding mortgage pass-through) repricing and maturity:",N/A,
20230930,"CMOs, REMICs and stripped MBS (excluding mortgage pass-through) repricing and maturity:",N/A,
20230630,"CMOs, REMICs and stripped MBS (excluding mortgage pass-through) repricing and maturity:",N/A,
20230331,"CMOs, REMICs and stripped MBS (excluding mortgage pass-through) repricing and maturity:",N/A,
20260630,Three years or less expected average life,SCO3YLES,10451000.0
20260331,Three years or less expected average life,SCO3YLES,11682000.0
20251231,Three years or less expected average life,SCO3YLES,12365000.0
20250930,Three years or less expected average life,SCO3YLES,13374000.0
20250630,Three years or less expected average life,SCO3YLES,14466000.0
20250331,Three years or less expected average life,SCO3YLES,14081000.0
20241231,Three years or less expected average life,SCO3YLES,10173000.0
20240930,Three years or less expected average life,SCO3YLES,9834000.0
20240630,Three years or less expected average life,SCO3YLES,9121000.0
20240331,Three years or less expected average life,SCO3YLES,9476000.0
20231231,Three years or less expected average life,SCO3YLES,9550000.0
20230930,Three years or less expected average life,SCO3YLES,9229000.0
20230630,Three years or less expected average life,SCO3YLES,9148000.0
20230331,Three years or less expected average life,SCO3YLES,10416000.0
20260630,Over three years  expected average life,SCOOV3Y,17536000.0
20260331,Over three years  expected average life,SCOOV3Y,16784000.0
20251231,Over three years  expected average life,SCOOV3Y,17418000.0
20250930,Over three years  expected average life,SCOOV3Y,17562000.0
20250630,Over three years  expected average life,SCOOV3Y,17643000.0
20250331,Over three years  expected average life,SCOOV3Y,17931000.0
20241231,Over three years  expected average life,SCOOV3Y,21511000.0
20240930,Over three years  expected average life,SCOOV3Y,21738000.0
20240630,Over three years  expected average life,SCOOV3Y,21423000.0
20240331,Over three years  expected average life,SCOOV3Y,21655000.0
20231231,Over three years  expected average life,SCOOV3Y,23318000.0
20230930,Over three years  expected average life,SCOOV3Y,23489000.0
20230630,Over three years  expected average life,SCOOV3Y,23806000.0
20230331,Over three years  expected average life,SCOOV3Y,18081000.0
20260630,Other debt securities repricing and maturity,N/A,
20260331,Other debt securities repricing and maturity,N/A,
20251231,Other debt securities repricing and maturity,N/A,
20250930,Other debt securities repricing and maturity,N/A,
20250630,Other debt securities repricing and maturity,N/A,
20250331,Other debt securities repricing and maturity,N/A,
20241231,Other debt securities repricing and maturity,N/A,
20240930,Other debt securities repricing and maturity,N/A,
20240630,Other debt securities repricing and maturity,N/A,
20240331,Other debt securities repricing and maturity,N/A,
20231231,Other debt securities repricing and maturity,N/A,
20230930,Other debt securities repricing and maturity,N/A,
20230630,Other debt securities repricing and maturity,N/A,
20230331,Other debt securities repricing and maturity,N/A,
20260630,Three months or less to reprice or mature,SCNM3LES,50059000.0
20260331,Three months or less to reprice or mature,SCNM3LES,58931000.0
20251231,Three months or less to reprice or mature,SCNM3LES,63809000.0
20250930,Three months or less to reprice or mature,SCNM3LES,64413000.0
20250630,Three months or less to reprice or mature,SCNM3LES,54376000.0
20250331,Three months or less to reprice or mature,SCNM3LES,52681000.0
20241231,Three months or less to reprice or mature,SCNM3LES,59320000.0
20240930,Three months or less to reprice or mature,SCNM3LES,81691000.0
20240630,Three months or less to reprice or mature,SCNM3LES,78896000.0
20240331,Three months or less to reprice or mature,SCNM3LES,68378000.0
20231231,Three months or less to reprice or mature,SCNM3LES,102511000.0
20230930,Three months or less to reprice or mature,SCNM3LES,92891000.0
20230630,Three months or less to reprice or mature,SCNM3LES,85893000.0
20230331,Three months or less to reprice or mature,SCNM3LES,78232000.0
20260630,Over three months through twelve months to reprice or mature,SCNM3T12,50954000.0
20260331,Over three months through twelve months to reprice or mature,SCNM3T12,58659000.0
20251231,Over three months through twelve months to reprice or mature,SCNM3T12,52933000.0
20250930,Over three months through twelve months to reprice or mature,SCNM3T12,58667000.0
20250630,Over three months through twelve months to reprice or mature,SCNM3T12,66994000.0
20250331,Over three months through twelve months to reprice or mature,SCNM3T12,53981000.0
20241231,Over three months through twelve months to reprice or mature,SCNM3T12,52782000.0
20240930,Over three months through twelve months to reprice or mature,SCNM3T12,16993000.0
20240630,Over three months through twelve months to reprice or mature,SCNM3T12,27231000.0
20240331,Over three months through twelve months to reprice or mature,SCNM3T12,37689000.0
20231231,Over three months through twelve months to reprice or mature,SCNM3T12,38486000.0
20230930,Over three months through twelve months to reprice or mature,SCNM3T12,55879000.0
20230630,Over three months through twelve months to reprice or mature,SCNM3T12,67465000.0
20230331,Over three months through twelve months to reprice or mature,SCNM3T12,75369000.0
20260630,Over one year through three years to reprice or mature,SCNM1T3,143746000.0
20260331,Over one year through three years to reprice or mature,SCNM1T3,145852000.0
20251231,Over one year through three years to reprice or mature,SCNM1T3,152235000.0
20250930,Over one year through three years to reprice or mature,SCNM1T3,159447000.0
20250630,Over one year through three years to reprice or mature,SCNM1T3,152613000.0
20250331,Over one year through three years to reprice or mature,SCNM1T3,125240000.0
20241231,Over one year through three years to reprice or mature,SCNM1T3,137488000.0
20240930,Over one year through three years to reprice or mature,SCNM1T3,147609000.0
20240630,Over one year through three years to reprice or mature,SCNM1T3,116991000.0
20240331,Over one year through three years to reprice or mature,SCNM1T3,101711000.0
20231231,Over one year through three years to reprice or mature,SCNM1T3,52596000.0
20230930,Over one year through three years to reprice or mature,SCNM1T3,71182000.0
20230630,Over one year through three years to reprice or mature,SCNM1T3,79443000.0
20230331,Over one year through three years to reprice or mature,SCNM1T3,84066000.0
20260630,Over three years through five years to reprice or mature,SCNM3T5,259761000.0
20260331,Over three years through five years to reprice or mature,SCNM3T5,251422000.0
20251231,Over three years through five years to reprice or mature,SCNM3T5,207211000.0
20250930,Over three years through five years to reprice or mature,SCNM3T5,164495000.0
20250630,Over three years through five years to reprice or mature,SCNM3T5,129724000.0
20250331,Over three years through five years to reprice or mature,SCNM3T5,107901000.0
20241231,Over three years through five years to reprice or mature,SCNM3T5,101418000.0
20240930,Over three years through five years to reprice or mature,SCNM3T5,59358000.0
20240630,Over three years through five years to reprice or mature,SCNM3T5,55167000.0
20240331,Over three years through five years to reprice or mature,SCNM3T5,49956000.0
20231231,Over three years through five years to reprice or mature,SCNM3T5,51765000.0
20230930,Over three years through five years to reprice or mature,SCNM3T5,47189000.0
20230630,Over three years through five years to reprice or mature,SCNM3T5,60923000.0
20230331,Over three years through five years to reprice or mature,SCNM3T5,49662000.0
20260630,Over five years through fifteen years to reprice or mature,SCNM5T15,104727000.0
20260331,Over five years through fifteen years to reprice or mature,SCNM5T15,109853000.0
20251231,Over five years through fifteen years to reprice or mature,SCNM5T15,95437000.0
20250930,Over five years through fifteen years to reprice or mature,SCNM5T15,126336000.0
20250630,Over five years through fifteen years to reprice or mature,SCNM5T15,126533000.0
20250331,Over five years through fifteen years to reprice or mature,SCNM5T15,114527000.0
20241231,Over five years through fifteen years to reprice or mature,SCNM5T15,110986000.0
20240930,Over five years through fifteen years to reprice or mature,SCNM5T15,114517000.0
20240630,Over five years through fifteen years to reprice or mature,SCNM5T15,103189000.0
20240331,Over five years through fifteen years to reprice or mature,SCNM5T15,104486000.0
20231231,Over five years through fifteen years to reprice or mature,SCNM5T15,99236000.0
20230930,Over five years through fifteen years to reprice or mature,SCNM5T15,94073000.0
20230630,Over five years through fifteen years to reprice or mature,SCNM5T15,89688000.0
20230331,Over five years through fifteen years to reprice or mature,SCNM5T15,115294000.0
20260630,Over fifteen years to reprice or mature,SCNMOV15,28581000.0
20260331,Over fifteen years to reprice or mature,SCNMOV15,29502000.0
20251231,Over fifteen years to reprice or mature,SCNMOV15,32666000.0
20250930,Over fifteen years to reprice or mature,SCNMOV15,33289000.0
20250630,Over fifteen years to reprice or mature,SCNMOV15,31722000.0
20250331,Over fifteen years to reprice or mature,SCNMOV15,31639000.0
20241231,Over fifteen years to reprice or mature,SCNMOV15,32707000.0
20240930,Over fifteen years to reprice or mature,SCNMOV15,33975000.0
20240630,Over fifteen years to reprice or mature,SCNMOV15,32605000.0
20240331,Over fifteen years to reprice or mature,SCNMOV15,34110000.0
20231231,Over fifteen years to reprice or mature,SCNMOV15,35790000.0
20230930,Over fifteen years to reprice or mature,SCNMOV15,32919000.0
20230630,Over fifteen years to reprice or mature,SCNMOV15,36304000.0
20230331,Over fifteen years to reprice or mature,SCNMOV15,23055000.0
20260630,Fixed and floating rate debt securities (included above) with remaining maturity of one year or less,SC1LES,55006000.0
20260331,Fixed and floating rate debt securities (included above) with remaining maturity of one year or less,SC1LES,72459000.0
20251231,Fixed and floating rate debt securities (included above) with remaining maturity of one year or less,SC1LES,68187000.0
20250930,Fixed and floating rate debt securities (included above) with remaining maturity of one year or less,SC1LES,72594000.0
20250630,Fixed and floating rate debt securities (included above) with remaining maturity of one year or less,SC1LES,69772000.0
20250331,Fixed and floating rate debt securities (included above) with remaining maturity of one year or less,SC1LES,54538000.0
20241231,Fixed and floating rate debt securities (included above) with remaining maturity of one year or less,SC1LES,54408000.0
20240930,Fixed and floating rate debt securities (included above) with remaining maturity of one year or less,SC1LES,38643000.0
20240630,Fixed and floating rate debt securities (included above) with remaining maturity of one year or less,SC1LES,44962000.0
20240331,Fixed and floating rate debt securities (included above) with remaining maturity of one year or less,SC1LES,40200000.0
20231231,Fixed and floating rate debt securities (included above) with remaining maturity of one year or less,SC1LES,72830000.0
20230930,Fixed and floating rate debt securities (included above) with remaining maturity of one year or less,SC1LES,79870000.0
20230630,Fixed and floating rate debt securities (included above) with remaining maturity of one year or less,SC1LES,81872000.0
20230331,Fixed and floating rate debt securities (included above) with remaining maturity of one year or less,SC1LES,81676000.0
20260630,Structured Notes Amortized Cost,SCSNHAA,0.0
20260331,Structured Notes Amortized Cost,SCSNHAA,0.0
20251231,Structured Notes Amortized Cost,SCSNHAA,0.0
20250930,Structured Notes Amortized Cost,SCSNHAA,0.0
20250630,Structured Notes Amortized Cost,SCSNHAA,0.0
20250331,Structured Notes Amortized Cost,SCSNHAA,0.0
20241231,Structured Notes Amortized Cost,SCSNHAA,0.0
20240930,Structured Notes Amortized Cost,SCSNHAA,0.0
20240630,Structured Notes Amortized Cost,SCSNHAA,0.0
20240331,Structured Notes Amortized Cost,SCSNHAA,0.0
20231231,Structured Notes Amortized Cost,SCSNHAA,0.0
20230930,Structured Notes Amortized Cost,SCSNHAA,0.0
20230630,Structured Notes Amortized Cost,SCSNHAA,0.0
20230331,Structured Notes Amortized Cost,SCSNHAA,0.0
20260630,Structured Notes Fair Value,SCSNHAF,0.0
20260331,Structured Notes Fair Value,SCSNHAF,0.0
20251231,Structured Notes Fair Value,SCSNHAF,0.0
20250930,Structured Notes Fair Value,SCSNHAF,0.0
20250630,Structured Notes Fair Value,SCSNHAF,0.0
20250331,Structured Notes Fair Value,SCSNHAF,0.0
20241231,Structured Notes Fair Value,SCSNHAF,0.0
20240930,Structured Notes Fair Value,SCSNHAF,0.0
20240630,Structured Notes Fair Value,SCSNHAF,0.0
20240331,Structured Notes Fair Value,SCSNHAF,0.0
20231231,Structured Notes Fair Value,SCSNHAF,0.0
20230930,Structured Notes Fair Value,SCSNHAF,0.0
20230630,Structured Notes Fair Value,SCSNHAF,0.0
20230331,Structured Notes Fair Value,SCSNHAF,0.0
20260630,Assets Held in Trading Accounts,TRADE,677345000.0
20260331,Assets Held in Trading Accounts,TRADE,658737000.0
20251231,Assets Held in Trading Accounts,TRADE,475678000.0
20250930,Assets Held in Trading Accounts,TRADE,590323000.0
20250630,Assets Held in Trading Accounts,TRADE,528540000.0
20250331,Assets Held in Trading Accounts,TRADE,521502000.0
20241231,Assets Held in Trading Accounts,TRADE,374425000.0
20240930,Assets Held in Trading Accounts,TRADE,506346000.0
20240630,Assets Held in Trading Accounts,TRADE,460657000.0
20240331,Assets Held in Trading Accounts,TRADE,475614000.0
20231231,Assets Held in Trading Accounts,TRADE,329090000.0
20230930,Assets Held in Trading Accounts,TRADE,397273000.0
20230630,Assets Held in Trading Accounts,TRADE,401476000.0
20230331,Assets Held in Trading Accounts,TRADE,355166000.0
20260630,Revaluation Gains on Off-Balance Sheet Contracts (footnote: 2,TRREVALSUM,0.0
20260331,Revaluation Gains on Off-Balance Sheet Contracts (footnote: 2,TRREVALSUM,0.0
20251231,Revaluation Gains on Off-Balance Sheet Contracts (footnote: 2,TRREVALSUM,0.0
20250930,Revaluation Gains on Off-Balance Sheet Contracts (footnote: 2,TRREVALSUM,0.0
20250630,Revaluation Gains on Off-Balance Sheet Contracts (footnote: 2,TRREVALSUM,0.0
20250331,Revaluation Gains on Off-Balance Sheet Contracts (footnote: 2,TRREVALSUM,0.0
20241231,Revaluation Gains on Off-Balance Sheet Contracts (footnote: 2,TRREVALSUM,0.0
20240930,Revaluation Gains on Off-Balance Sheet Contracts (footnote: 2,TRREVALSUM,0.0
20240630,Revaluation Gains on Off-Balance Sheet Contracts (footnote: 2,TRREVALSUM,0.0
20240331,Revaluation Gains on Off-Balance Sheet Contracts (footnote: 2,TRREVALSUM,0.0
20231231,Revaluation Gains on Off-Balance Sheet Contracts (footnote: 2,TRREVALSUM,0.0
20230930,Revaluation Gains on Off-Balance Sheet Contracts (footnote: 2,TRREVALSUM,0.0
20230630,Revaluation Gains on Off-Balance Sheet Contracts (footnote: 2,TRREVALSUM,0.0
20230331,Revaluation Gains on Off-Balance Sheet Contracts (footnote: 2,TRREVALSUM,0.0
20260630,Revaluation Losses on Off-Balance Sheet Contracts,TRLREVAL,60007000.0
20260331,Revaluation Losses on Off-Balance Sheet Contracts,TRLREVAL,50060000.0
20251231,Revaluation Losses on Off-Balance Sheet Contracts,TRLREVAL,44871000.0
20250930,Revaluation Losses on Off-Balance Sheet Contracts,TRLREVAL,43530000.0
20250630,Revaluation Losses on Off-Balance Sheet Contracts,TRLREVAL,44128000.0
20250331,Revaluation Losses on Off-Balance Sheet Contracts,TRLREVAL,36110000.0
20241231,Revaluation Losses on Off-Balance Sheet Contracts,TRLREVAL,38398000.0
20240930,Revaluation Losses on Off-Balance Sheet Contracts,TRLREVAL,37436000.0
20240630,Revaluation Losses on Off-Balance Sheet Contracts,TRLREVAL,33660000.0
20240331,Revaluation Losses on Off-Balance Sheet Contracts,TRLREVAL,34878000.0
20231231,Revaluation Losses on Off-Balance Sheet Contracts,TRLREVAL,35171000.0
20230930,Revaluation Losses on Off-Balance Sheet Contracts,TRLREVAL,39313000.0
20230630,Revaluation Losses on Off-Balance Sheet Contracts,TRLREVAL,42994000.0
20230331,Revaluation Losses on Off-Balance Sheet Contracts,TRLREVAL,40575000.0
20260630,Federal Funds Sold & Reverse Repurchase Agreements,FREPO,407124000.0
20260331,Federal Funds Sold & Reverse Repurchase Agreements,FREPO,393116000.0
20251231,Federal Funds Sold & Reverse Repurchase Agreements,FREPO,358917000.0
20250930,Federal Funds Sold & Reverse Repurchase Agreements,FREPO,391006000.0
20250630,Federal Funds Sold & Reverse Repurchase Agreements,FREPO,391163000.0
20250331,Federal Funds Sold & Reverse Repurchase Agreements,FREPO,396086000.0
20241231,Federal Funds Sold & Reverse Repurchase Agreements,FREPO,314442000.0
20240930,Federal Funds Sold & Reverse Repurchase Agreements,FREPO,392037000.0
20240630,Federal Funds Sold & Reverse Repurchase Agreements,FREPO,330091000.0
20240331,Federal Funds Sold & Reverse Repurchase Agreements,FREPO,312723000.0
20231231,Federal Funds Sold & Reverse Repurchase Agreements,FREPO,287882000.0
20230930,Federal Funds Sold & Reverse Repurchase Agreements,FREPO,309997000.0
20230630,Federal Funds Sold & Reverse Repurchase Agreements,FREPO,316656000.0
20230331,Federal Funds Sold & Reverse Repurchase Agreements,FREPO,364136000.0
20260630,Net Loans and Leases,LNLSNET,1535635000.0
20260331,Net Loans and Leases,LNLSNET,1493977000.0
20251231,Net Loans and Leases,LNLSNET,1471951000.0
20250930,Net Loans and Leases,LNLSNET,1433072000.0
20250630,Net Loans and Leases,LNLSNET,1402682000.0
20250331,Net Loans and Leases,LNLSNET,1342795000.0
20241231,Net Loans and Leases,LNLSNET,1335559000.0
20240930,Net Loans and Leases,LNLSNET,1329167000.0
20240630,Net Loans and Leases,LNLSNET,1311045000.0
20240331,Net Loans and Leases,LNLSNET,1296893000.0
20231231,Net Loans and Leases,LNLSNET,1308719000.0
20230930,Net Loans and Leases,LNLSNET,1297087000.0
20230630,Net Loans and Leases,LNLSNET,1286433000.0
20230331,Net Loans and Leases,LNLSNET,1118613000.0
20260630,Plus: Allowance for Loan and Lease Losses,LNATRES,25942000.0
20260331,Plus: Allowance for Loan and Lease Losses,LNATRES,25734000.0
20251231,Plus: Allowance for Loan and Lease Losses,LNATRES,25539000.0
20250930,Plus: Allowance for Loan and Lease Losses,LNATRES,25663000.0
20250630,Plus: Allowance for Loan and Lease Losses,LNATRES,24909000.0
20250331,Plus: Allowance for Loan and Lease Losses,LNATRES,25153000.0
20241231,Plus: Allowance for Loan and Lease Losses,LNATRES,24317000.0
20240930,Plus: Allowance for Loan and Lease Losses,LNATRES,23904000.0
20240630,Plus: Allowance for Loan and Lease Losses,LNATRES,22928000.0
20240331,Plus: Allowance for Loan and Lease Losses,LNATRES,22266000.0
20231231,Plus: Allowance for Loan and Lease Losses,LNATRES,22335000.0
20230930,Plus: Allowance for Loan and Lease Losses,LNATRES,21888000.0
20230630,Plus: Allowance for Loan and Lease Losses,LNATRES,21919000.0
20230331,Plus: Allowance for Loan and Lease Losses,LNATRES,20019000.0
20260630,Total Loans & Leases,LNLSGR,1561577000.0
20260331,Total Loans & Leases,LNLSGR,1519711000.0
20251231,Total Loans & Leases,LNLSGR,1497490000.0
20250930,Total Loans & Leases,LNLSGR,1458735000.0
20250630,Total Loans & Leases,LNLSGR,1427591000.0
20250331,Total Loans & Leases,LNLSGR,1367948000.0
20241231,Total Loans & Leases,LNLSGR,1359876000.0
20240930,Total Loans & Leases,LNLSGR,1353071000.0
20240630,Total Loans & Leases,LNLSGR,1333973000.0
20240331,Total Loans & Leases,LNLSGR,1319159000.0
20231231,Total Loans & Leases,LNLSGR,1331054000.0
20230930,Total Loans & Leases,LNLSGR,1318975000.0
20230630,Total Loans & Leases,LNLSGR,1308352000.0
20230331,Total Loans & Leases,LNLSGR,1138632000.0
20260630,Plus: Unearned Income,LNCONTRA,0.0
20260331,Plus: Unearned Income,LNCONTRA,0.0
20251231,Plus: Unearned Income,LNCONTRA,0.0
20250930,Plus: Unearned Income,LNCONTRA,0.0
20250630,Plus: Unearned Income,LNCONTRA,0.0
20250331,Plus: Unearned Income,LNCONTRA,0.0
20241231,Plus: Unearned Income,LNCONTRA,0.0
20240930,Plus: Unearned Income,LNCONTRA,0.0
20240630,Plus: Unearned Income,LNCONTRA,0.0
20240331,Plus: Unearned Income,LNCONTRA,0.0
20231231,Plus: Unearned Income,LNCONTRA,0.0
20230930,Plus: Unearned Income,LNCONTRA,0.0
20230630,Plus: Unearned Income,LNCONTRA,0.0
20230331,Plus: Unearned Income,LNCONTRA,0.0
20260630,"Loans and Leases, Gross",LNLSGRS,1561577000.0
20260331,"Loans and Leases, Gross",LNLSGRS,1519711000.0
20251231,"Loans and Leases, Gross",LNLSGRS,1497490000.0
20250930,"Loans and Leases, Gross",LNLSGRS,1458735000.0
20250630,"Loans and Leases, Gross",LNLSGRS,1427591000.0
20250331,"Loans and Leases, Gross",LNLSGRS,1367948000.0
20241231,"Loans and Leases, Gross",LNLSGRS,1359876000.0
20240930,"Loans and Leases, Gross",LNLSGRS,1353071000.0
20240630,"Loans and Leases, Gross",LNLSGRS,1333973000.0
20240331,"Loans and Leases, Gross",LNLSGRS,1319159000.0
20231231,"Loans and Leases, Gross",LNLSGRS,1331054000.0
20230930,"Loans and Leases, Gross",LNLSGRS,1318975000.0
20230630,"Loans and Leases, Gross",LNLSGRS,1308352000.0
20230331,"Loans and Leases, Gross",LNLSGRS,1138632000.0
20260630,All Real Estate Loans,LNRE,506147000.0
20260331,All Real Estate Loans,LNRE,504275000.0
20251231,All Real Estate Loans,LNRE,513768000.0
20250930,All Real Estate Loans,LNRE,498392000.0
20250630,All Real Estate Loans,LNRE,497468000.0
20250331,All Real Estate Loans,LNRE,490822000.0
20241231,All Real Estate Loans,LNRE,494823000.0
20240930,All Real Estate Loans,LNRE,497389000.0
20240630,All Real Estate Loans,LNRE,498195000.0
20240331,All Real Estate Loans,LNRE,502497000.0
20231231,All Real Estate Loans,LNRE,507147000.0
20230930,All Real Estate Loans,LNRE,506955000.0
20230630,All Real Estate Loans,LNRE,508082000.0
20230331,All Real Estate Loans,LNRE,382261000.0
20260630,Real Estate Loans in Domestic Offices,LNREDOM,502300000.0
20260331,Real Estate Loans in Domestic Offices,LNREDOM,500517000.0
20251231,Real Estate Loans in Domestic Offices,LNREDOM,509771000.0
20250930,Real Estate Loans in Domestic Offices,LNREDOM,494625000.0
20250630,Real Estate Loans in Domestic Offices,LNREDOM,493799000.0
20250331,Real Estate Loans in Domestic Offices,LNREDOM,487098000.0
20241231,Real Estate Loans in Domestic Offices,LNREDOM,491357000.0
20240930,Real Estate Loans in Domestic Offices,LNREDOM,493773000.0
20240630,Real Estate Loans in Domestic Offices,LNREDOM,494739000.0
20240331,Real Estate Loans in Domestic Offices,LNREDOM,499067000.0
20231231,Real Estate Loans in Domestic Offices,LNREDOM,504199000.0
20230930,Real Estate Loans in Domestic Offices,LNREDOM,504238000.0
20230630,Real Estate Loans in Domestic Offices,LNREDOM,504974000.0
20230331,Real Estate Loans in Domestic Offices,LNREDOM,378794000.0
20260630,Construction and Land Development Real Estate Loans,LNRECONS,18789000.0
20260331,Construction and Land Development Real Estate Loans,LNRECONS,18983000.0
20251231,Construction and Land Development Real Estate Loans,LNRECONS,18511000.0
20250930,Construction and Land Development Real Estate Loans,LNRECONS,17014000.0
20250630,Construction and Land Development Real Estate Loans,LNRECONS,16596000.0
20250331,Construction and Land Development Real Estate Loans,LNRECONS,16597000.0
20241231,Construction and Land Development Real Estate Loans,LNRECONS,16486000.0
20240930,Construction and Land Development Real Estate Loans,LNRECONS,16154000.0
20240630,Construction and Land Development Real Estate Loans,LNRECONS,15601000.0
20240331,Construction and Land Development Real Estate Loans,LNRECONS,15536000.0
20231231,Construction and Land Development Real Estate Loans,LNRECONS,14891000.0
20230930,Construction and Land Development Real Estate Loans,LNRECONS,14225000.0
20230630,Construction and Land Development Real Estate Loans,LNRECONS,13855000.0
20230331,Construction and Land Development Real Estate Loans,LNRECONS,10000000.0
20260630,Commercial Real Estate Loans,LNRENRES,53741000.0
20260331,Commercial Real Estate Loans,LNRENRES,53510000.0
20251231,Commercial Real Estate Loans,LNRENRES,54224000.0
20250930,Commercial Real Estate Loans,LNRENRES,52810000.0
20250630,Commercial Real Estate Loans,LNRENRES,53334000.0
20250331,Commercial Real Estate Loans,LNRENRES,50901000.0
20241231,Commercial Real Estate Loans,LNRENRES,50393000.0
20240930,Commercial Real Estate Loans,LNRENRES,51233000.0
20240630,Commercial Real Estate Loans,LNRENRES,51714000.0
20240331,Commercial Real Estate Loans,LNRENRES,51942000.0
20231231,Commercial Real Estate Loans,LNRENRES,52543000.0
20230930,Commercial Real Estate Loans,LNRENRES,53122000.0
20230630,Commercial Real Estate Loans,LNRENRES,53824000.0
20230331,Commercial Real Estate Loans,LNRENRES,42367000.0
20260630,Multifamily Residential Real Estate Loans,LNREMULT,107317000.0
20260331,Multifamily Residential Real Estate Loans,LNREMULT,106170000.0
20251231,Multifamily Residential Real Estate Loans,LNREMULT,105110000.0
20250930,Multifamily Residential Real Estate Loans,LNREMULT,103029000.0
20250630,Multifamily Residential Real Estate Loans,LNREMULT,101957000.0
20250331,Multifamily Residential Real Estate Loans,LNREMULT,100688000.0
20241231,Multifamily Residential Real Estate Loans,LNREMULT,101627000.0
20240930,Multifamily Residential Real Estate Loans,LNREMULT,101631000.0
20240630,Multifamily Residential Real Estate Loans,LNREMULT,102046000.0
20240331,Multifamily Residential Real Estate Loans,LNREMULT,101411000.0
20231231,Multifamily Residential Real Estate Loans,LNREMULT,101161000.0
20230930,Multifamily Residential Real Estate Loans,LNREMULT,101261000.0
20230630,Multifamily Residential Real Estate Loans,LNREMULT,101209000.0
20230331,Multifamily Residential Real Estate Loans,LNREMULT,79917000.0
20260630,1-4 Family Residential Real Estate Loans,LNRERES,322339000.0
20260331,1-4 Family Residential Real Estate Loans,LNRERES,321739000.0
20251231,1-4 Family Residential Real Estate Loans,LNRERES,331805000.0
20250930,1-4 Family Residential Real Estate Loans,LNRERES,321651000.0
20250630,1-4 Family Residential Real Estate Loans,LNRERES,321793000.0
20250331,1-4 Family Residential Real Estate Loans,LNRERES,318797000.0
20241231,1-4 Family Residential Real Estate Loans,LNRERES,322721000.0
20240930,1-4 Family Residential Real Estate Loans,LNRERES,324626000.0
20240630,1-4 Family Residential Real Estate Loans,LNRERES,325221000.0
20240331,1-4 Family Residential Real Estate Loans,LNRERES,330008000.0
20231231,1-4 Family Residential Real Estate Loans,LNRERES,335428000.0
20230930,1-4 Family Residential Real Estate Loans,LNRERES,335453000.0
20230630,1-4 Family Residential Real Estate Loans,LNRERES,335910000.0
20230331,1-4 Family Residential Real Estate Loans,LNRERES,246450000.0
20260630,Farmland Real Estate Loans,LNREAG,114000.0
20260331,Farmland Real Estate Loans,LNREAG,115000.0
20251231,Farmland Real Estate Loans,LNREAG,121000.0
20250930,Farmland Real Estate Loans,LNREAG,121000.0
20250630,Farmland Real Estate Loans,LNREAG,119000.0
20250331,Farmland Real Estate Loans,LNREAG,115000.0
20241231,Farmland Real Estate Loans,LNREAG,130000.0
20240930,Farmland Real Estate Loans,LNREAG,129000.0
20240630,Farmland Real Estate Loans,LNREAG,157000.0
20240331,Farmland Real Estate Loans,LNREAG,170000.0
20231231,Farmland Real Estate Loans,LNREAG,176000.0
20230930,Farmland Real Estate Loans,LNREAG,177000.0
20230630,Farmland Real Estate Loans,LNREAG,176000.0
20230331,Farmland Real Estate Loans,LNREAG,60000.0
20260630,Real Estate Loans in Foreign Offices,LNREFOR,3847000.0
20260331,Real Estate Loans in Foreign Offices,LNREFOR,3758000.0
20251231,Real Estate Loans in Foreign Offices,LNREFOR,3997000.0
20250930,Real Estate Loans in Foreign Offices,LNREFOR,3767000.0
20250630,Real Estate Loans in Foreign Offices,LNREFOR,3669000.0
20250331,Real Estate Loans in Foreign Offices,LNREFOR,3724000.0
20241231,Real Estate Loans in Foreign Offices,LNREFOR,3466000.0
20240930,Real Estate Loans in Foreign Offices,LNREFOR,3616000.0
20240630,Real Estate Loans in Foreign Offices,LNREFOR,3456000.0
20240331,Real Estate Loans in Foreign Offices,LNREFOR,3430000.0
20231231,Real Estate Loans in Foreign Offices,LNREFOR,2948000.0
20230930,Real Estate Loans in Foreign Offices,LNREFOR,2717000.0
20230630,Real Estate Loans in Foreign Offices,LNREFOR,3108000.0
20230331,Real Estate Loans in Foreign Offices,LNREFOR,3467000.0
20260630,Farm Loans,LNAG,509000.0
20260331,Farm Loans,LNAG,499000.0
20251231,Farm Loans,LNAG,485000.0
20250930,Farm Loans,LNAG,556000.0
20250630,Farm Loans,LNAG,522000.0
20250331,Farm Loans,LNAG,457000.0
20241231,Farm Loans,LNAG,492000.0
20240930,Farm Loans,LNAG,525000.0
20240630,Farm Loans,LNAG,563000.0
20240331,Farm Loans,LNAG,560000.0
20231231,Farm Loans,LNAG,536000.0
20230930,Farm Loans,LNAG,541000.0
20230630,Farm Loans,LNAG,586000.0
20230331,Farm Loans,LNAG,546000.0
20260630,Commercial and Industrial Loans,LNCI,241848000.0
20260331,Commercial and Industrial Loans,LNCI,237720000.0
20251231,Commercial and Industrial Loans,LNCI,223095000.0
20250930,Commercial and Industrial Loans,LNCI,217619000.0
20250630,Commercial and Industrial Loans,LNCI,217099000.0
20250331,Commercial and Industrial Loans,LNCI,208422000.0
20241231,Commercial and Industrial Loans,LNCI,209019000.0
20240930,Commercial and Industrial Loans,LNCI,210832000.0
20240630,Commercial and Industrial Loans,LNCI,210097000.0
20240331,Commercial and Industrial Loans,LNCI,206855000.0
20231231,Commercial and Industrial Loans,LNCI,202426000.0
20230930,Commercial and Industrial Loans,LNCI,202429000.0
20230630,Commercial and Industrial Loans,LNCI,204637000.0
20230331,Commercial and Industrial Loans,LNCI,201757000.0
20260630,Loans to Individuals,LNCON,285078000.0
20260331,Loans to Individuals,LNCON,275044000.0
20251231,Loans to Individuals,LNCON,285555000.0
20250930,Loans to Individuals,LNCON,273882000.0
20250630,Loans to Individuals,LNCON,273041000.0
20250331,Loans to Individuals,LNCON,263397000.0
20241231,Loans to Individuals,LNCON,284601000.0
20240930,Loans to Individuals,LNCON,271471000.0
20240630,Loans to Individuals,LNCON,271191000.0
20240331,Loans to Individuals,LNCON,265595000.0
20231231,Loans to Individuals,LNCON,274517000.0
20230930,Loans to Individuals,LNCON,260690000.0
20230630,Loans to Individuals,LNCON,257324000.0
20230331,Loans to Individuals,LNCON,239759000.0
20260630,Credit Cards,LNCRCD,216172000.0
20260331,Credit Cards,LNCRCD,206178000.0
20251231,Credit Cards,LNCRCD,215892000.0
20250930,Credit Cards,LNCRCD,203624000.0
20250630,Credit Cards,LNCRCD,201630000.0
20250331,Credit Cards,LNCRCD,192897000.0
20241231,Credit Cards,LNCRCD,203572000.0
20240930,Credit Cards,LNCRCD,190280000.0
20240630,Credit Cards,LNCRCD,187590000.0
20240331,Credit Cards,LNCRCD,179640000.0
20231231,Credit Cards,LNCRCD,185793000.0
20230930,Credit Cards,LNCRCD,172175000.0
20230630,Credit Cards,LNCRCD,167989000.0
20230331,Credit Cards,LNCRCD,158151000.0
20260630,Other Revolving Credit Plans,LNCONRP,7669000.0
20260331,Other Revolving Credit Plans,LNCONRP,6964000.0
20251231,Other Revolving Credit Plans,LNCONRP,7506000.0
20250930,Other Revolving Credit Plans,LNCONRP,6748000.0
20250630,Other Revolving Credit Plans,LNCONRP,7060000.0
20250331,Other Revolving Credit Plans,LNCONRP,6554000.0
20241231,Other Revolving Credit Plans,LNCONRP,18074000.0
20240930,Other Revolving Credit Plans,LNCONRP,18267000.0
20240630,Other Revolving Credit Plans,LNCONRP,18878000.0
20240331,Other Revolving Credit Plans,LNCONRP,18980000.0
20231231,Other Revolving Credit Plans,LNCONRP,20482000.0
20230930,Other Revolving Credit Plans,LNCONRP,21241000.0
20230630,Other Revolving Credit Plans,LNCONRP,19695000.0
20230331,Other Revolving Credit Plans,LNCONRP,20492000.0
20260630,Automobile Loans,LNAUTO,57822000.0
20260331,Automobile Loans,LNAUTO,56741000.0
20251231,Automobile Loans,LNAUTO,56644000.0
20250930,Automobile Loans,LNAUTO,57665000.0
20250630,Automobile Loans,LNAUTO,58407000.0
20250331,Automobile Loans,LNAUTO,58001000.0
20241231,Automobile Loans,LNAUTO,58475000.0
20240930,Automobile Loans,LNAUTO,58505000.0
20240630,Automobile Loans,LNAUTO,60122000.0
20240331,Automobile Loans,LNAUTO,62087000.0
20231231,Automobile Loans,LNAUTO,63649000.0
20230930,Automobile Loans,LNAUTO,62714000.0
20230630,Automobile Loans,LNAUTO,61980000.0
20230331,Automobile Loans,LNAUTO,58489000.0
20260630,Other Loans to Individuals,LNCONOTH,3415000.0
20260331,Other Loans to Individuals,LNCONOTH,5161000.0
20251231,Other Loans to Individuals,LNCONOTH,5513000.0
20250930,Other Loans to Individuals,LNCONOTH,5845000.0
20250630,Other Loans to Individuals,LNCONOTH,5944000.0
20250331,Other Loans to Individuals,LNCONOTH,5945000.0
20241231,Other Loans to Individuals,LNCONOTH,4480000.0
20240930,Other Loans to Individuals,LNCONOTH,4419000.0
20240630,Other Loans to Individuals,LNCONOTH,4601000.0
20240331,Other Loans to Individuals,LNCONOTH,4888000.0
20231231,Other Loans to Individuals,LNCONOTH,4593000.0
20230930,Other Loans to Individuals,LNCONOTH,4560000.0
20230630,Other Loans to Individuals,LNCONOTH,7660000.0
20230331,Other Loans to Individuals,LNCONOTH,2627000.0
20260630,Total Other Loans and Leases,LNOTCI,527995000.0
20260331,Total Other Loans and Leases,LNOTCI,502173000.0
20251231,Total Other Loans and Leases,LNOTCI,474587000.0
20250930,Total Other Loans and Leases,LNOTCI,468286000.0
20250630,Total Other Loans and Leases,LNOTCI,439461000.0
20250331,Total Other Loans and Leases,LNOTCI,404850000.0
20241231,Total Other Loans and Leases,LNOTCI,370941000.0
20240930,Total Other Loans and Leases,LNOTCI,372854000.0
20240630,Total Other Loans and Leases,LNOTCI,353927000.0
20240331,Total Other Loans and Leases,LNOTCI,343652000.0
20231231,Total Other Loans and Leases,LNOTCI,346428000.0
20230930,Total Other Loans and Leases,LNOTCI,348360000.0
20230630,Total Other Loans and Leases,LNOTCI,337723000.0
20230331,Total Other Loans and Leases,LNOTCI,314309000.0
20260630,Loans to Foreign Governments & Official Institutions,LNFG,6248000.0
20260331,Loans to Foreign Governments & Official Institutions,LNFG,5977000.0
20251231,Loans to Foreign Governments & Official Institutions,LNFG,6511000.0
20250930,Loans to Foreign Governments & Official Institutions,LNFG,5126000.0
20250630,Loans to Foreign Governments & Official Institutions,LNFG,5578000.0
20250331,Loans to Foreign Governments & Official Institutions,LNFG,4596000.0
20241231,Loans to Foreign Governments & Official Institutions,LNFG,4080000.0
20240930,Loans to Foreign Governments & Official Institutions,LNFG,4162000.0
20240630,Loans to Foreign Governments & Official Institutions,LNFG,4709000.0
20240331,Loans to Foreign Governments & Official Institutions,LNFG,4479000.0
20231231,Loans to Foreign Governments & Official Institutions,LNFG,4906000.0
20230930,Loans to Foreign Governments & Official Institutions,LNFG,3194000.0
20230630,Loans to Foreign Governments & Official Institutions,LNFG,2422000.0
20230331,Loans to Foreign Governments & Official Institutions,LNFG,2697000.0
20260630,Obligations of States & Political subdivisions in U.S.,LNMUNI,29512000.0
20260331,Obligations of States & Political subdivisions in U.S.,LNMUNI,29984000.0
20251231,Obligations of States & Political subdivisions in U.S.,LNMUNI,30306000.0
20250930,Obligations of States & Political subdivisions in U.S.,LNMUNI,31140000.0
20250630,Obligations of States & Political subdivisions in U.S.,LNMUNI,31709000.0
20250331,Obligations of States & Political subdivisions in U.S.,LNMUNI,32055000.0
20241231,Obligations of States & Political subdivisions in U.S.,LNMUNI,32423000.0
20240930,Obligations of States & Political subdivisions in U.S.,LNMUNI,32440000.0
20240630,Obligations of States & Political subdivisions in U.S.,LNMUNI,32534000.0
20240331,Obligations of States & Political subdivisions in U.S.,LNMUNI,32680000.0
20231231,Obligations of States & Political subdivisions in U.S.,LNMUNI,32747000.0
20230930,Obligations of States & Political subdivisions in U.S.,LNMUNI,32500000.0
20230630,Obligations of States & Political subdivisions in U.S.,LNMUNI,31923000.0
20230331,Obligations of States & Political subdivisions in U.S.,LNMUNI,28499000.0
20260630,Other Loans,LNSOTHER,476479000.0
20260331,Other Loans,LNSOTHER,450060000.0
20251231,Other Loans,LNSOTHER,423183000.0
20250930,Other Loans,LNSOTHER,419777000.0
20250630,Other Loans,LNSOTHER,390775000.0
20250331,Other Loans,LNSOTHER,359838000.0
20241231,Other Loans,LNSOTHER,324771000.0
20240930,Other Loans,LNSOTHER,328302000.0
20240630,Other Loans,LNSOTHER,308240000.0
20240331,Other Loans,LNSOTHER,298474000.0
20231231,Other Loans,LNSOTHER,300059000.0
20230930,Other Loans,LNSOTHER,303901000.0
20230630,Other Loans,LNSOTHER,293053000.0
20230331,Other Loans,LNSOTHER,273878000.0
20260630,Loans to Non-Depository Financial Institutions,LNNDEPD,200984000.0
20260331,Loans to Non-Depository Financial Institutions,LNNDEPD,195781000.0
20251231,Loans to Non-Depository Financial Institutions,LNNDEPD,195774000.0
20250930,Loans to Non-Depository Financial Institutions,LNNDEPD,187155000.0
20250630,Loans to Non-Depository Financial Institutions,LNNDEPD,168029000.0
20250331,Loans to Non-Depository Financial Institutions,LNNDEPD,155238000.0
20241231,Loans to Non-Depository Financial Institutions,LNNDEPD,113806000.0
20240930,Loans to Non-Depository Financial Institutions,LNNDEPD,121256000.0
20240630,Loans to Non-Depository Financial Institutions,LNNDEPD,109357000.0
20240331,Loans to Non-Depository Financial Institutions,LNNDEPD,102044000.0
20231231,Loans to Non-Depository Financial Institutions,LNNDEPD,104061000.0
20230930,Loans to Non-Depository Financial Institutions,LNNDEPD,107338000.0
20230630,Loans to Non-Depository Financial Institutions,LNNDEPD,106089000.0
20230331,Loans to Non-Depository Financial Institutions,LNNDEPD,93436000.0
20260630,Lease Financing Receivables,LS,105000.0
20260331,Lease Financing Receivables,LS,101000.0
20251231,Lease Financing Receivables,LS,92000.0
20250930,Lease Financing Receivables,LS,97000.0
20250630,Lease Financing Receivables,LS,121000.0
20250331,Lease Financing Receivables,LS,126000.0
20241231,Lease Financing Receivables,LS,174000.0
20240930,Lease Financing Receivables,LS,188000.0
20240630,Lease Financing Receivables,LS,271000.0
20240331,Lease Financing Receivables,LS,288000.0
20231231,Lease Financing Receivables,LS,259000.0
20230930,Lease Financing Receivables,LS,261000.0
20230630,Lease Financing Receivables,LS,257000.0
20230331,Lease Financing Receivables,LS,40000.0
20260630,Memoranda Loans and Leases,N/A,
20260331,Memoranda Loans and Leases,N/A,
20251231,Memoranda Loans and Leases,N/A,
20250930,Memoranda Loans and Leases,N/A,
20250630,Memoranda Loans and Leases,N/A,
20250331,Memoranda Loans and Leases,N/A,
20241231,Memoranda Loans and Leases,N/A,
20240930,Memoranda Loans and Leases,N/A,
20240630,Memoranda Loans and Leases,N/A,
20240331,Memoranda Loans and Leases,N/A,
20231231,Memoranda Loans and Leases,N/A,
20230930,Memoranda Loans and Leases,N/A,
20230630,Memoranda Loans and Leases,N/A,
20230331,Memoranda Loans and Leases,N/A,
20260630,Commercial Real Estate Loans not Secured by Real Estate,LNCOMRE,36602000.0
20260331,Commercial Real Estate Loans not Secured by Real Estate,LNCOMRE,36013000.0
20251231,Commercial Real Estate Loans not Secured by Real Estate,LNCOMRE,34557000.0
20250930,Commercial Real Estate Loans not Secured by Real Estate,LNCOMRE,33225000.0
20250630,Commercial Real Estate Loans not Secured by Real Estate,LNCOMRE,31515000.0
20250331,Commercial Real Estate Loans not Secured by Real Estate,LNCOMRE,31852000.0
20241231,Commercial Real Estate Loans not Secured by Real Estate,LNCOMRE,22473000.0
20240930,Commercial Real Estate Loans not Secured by Real Estate,LNCOMRE,20273000.0
20240630,Commercial Real Estate Loans not Secured by Real Estate,LNCOMRE,20461000.0
20240331,Commercial Real Estate Loans not Secured by Real Estate,LNCOMRE,21287000.0
20231231,Commercial Real Estate Loans not Secured by Real Estate,LNCOMRE,20916000.0
20230930,Commercial Real Estate Loans not Secured by Real Estate,LNCOMRE,18924000.0
20230630,Commercial Real Estate Loans not Secured by Real Estate,LNCOMRE,18844000.0
20230331,Commercial Real Estate Loans not Secured by Real Estate,LNCOMRE,17855000.0
20260630,Loans Secured by Real Estate to Non-U.S. Addresses,LNRENUS,4646000.0
20260331,Loans Secured by Real Estate to Non-U.S. Addresses,LNRENUS,4585000.0
20251231,Loans Secured by Real Estate to Non-U.S. Addresses,LNRENUS,4825000.0
20250930,Loans Secured by Real Estate to Non-U.S. Addresses,LNRENUS,4678000.0
20250630,Loans Secured by Real Estate to Non-U.S. Addresses,LNRENUS,4611000.0
20250331,Loans Secured by Real Estate to Non-U.S. Addresses,LNRENUS,4700000.0
20241231,Loans Secured by Real Estate to Non-U.S. Addresses,LNRENUS,4415000.0
20240930,Loans Secured by Real Estate to Non-U.S. Addresses,LNRENUS,4520000.0
20240630,Loans Secured by Real Estate to Non-U.S. Addresses,LNRENUS,4326000.0
20240331,Loans Secured by Real Estate to Non-U.S. Addresses,LNRENUS,4406000.0
20231231,Loans Secured by Real Estate to Non-U.S. Addresses,LNRENUS,3916000.0
20230930,Loans Secured by Real Estate to Non-U.S. Addresses,LNRENUS,3806000.0
20230630,Loans Secured by Real Estate to Non-U.S. Addresses,LNRENUS,4058000.0
20230331,Loans Secured by Real Estate to Non-U.S. Addresses,LNRENUS,4292000.0
20260630,Pledged Loans and Leases,LNPLEDGE,794750000.0
20260331,Pledged Loans and Leases,LNPLEDGE,797092000.0
20251231,Pledged Loans and Leases,LNPLEDGE,801499000.0
20250930,Pledged Loans and Leases,LNPLEDGE,794844000.0
20250630,Pledged Loans and Leases,LNPLEDGE,776735000.0
20250331,Pledged Loans and Leases,LNPLEDGE,757321000.0
20241231,Pledged Loans and Leases,LNPLEDGE,776685000.0
20240930,Pledged Loans and Leases,LNPLEDGE,741297000.0
20240630,Pledged Loans and Leases,LNPLEDGE,741925000.0
20240331,Pledged Loans and Leases,LNPLEDGE,722579000.0
20231231,Pledged Loans and Leases,LNPLEDGE,719358000.0
20230930,Pledged Loans and Leases,LNPLEDGE,689391000.0
20230630,Pledged Loans and Leases,LNPLEDGE,690067000.0
20230331,Pledged Loans and Leases,LNPLEDGE,524488000.0
20260630,Loan Loss Allowance Included in Tier 2 Capital,RB2LNRES,24196000.0
20260331,Loan Loss Allowance Included in Tier 2 Capital,RB2LNRES,23442000.0
20251231,Loan Loss Allowance Included in Tier 2 Capital,RB2LNRES,8320000.0
20250930,Loan Loss Allowance Included in Tier 2 Capital,RB2LNRES,22309000.0
20250630,Loan Loss Allowance Included in Tier 2 Capital,RB2LNRES,21725000.0
20250331,Loan Loss Allowance Included in Tier 2 Capital,RB2LNRES,21029000.0
20241231,Loan Loss Allowance Included in Tier 2 Capital,RB2LNRES,20570000.0
20240930,Loan Loss Allowance Included in Tier 2 Capital,RB2LNRES,20617000.0
20240630,Loan Loss Allowance Included in Tier 2 Capital,RB2LNRES,20296000.0
20240331,Loan Loss Allowance Included in Tier 2 Capital,RB2LNRES,20111000.0
20231231,Loan Loss Allowance Included in Tier 2 Capital,RB2LNRES,19529000.0
20230930,Loan Loss Allowance Included in Tier 2 Capital,RB2LNRES,19674000.0
20230630,Loan Loss Allowance Included in Tier 2 Capital,RB2LNRES,19758000.0
20230331,Loan Loss Allowance Included in Tier 2 Capital,RB2LNRES,18949000.0
20260630,Loans and Leases Held for Sale,LNLSSALE,41598000.0
20260331,Loans and Leases Held for Sale,LNLSSALE,42559000.0
20251231,Loans and Leases Held for Sale,LNLSSALE,49452000.0
20250930,Loans and Leases Held for Sale,LNLSSALE,38379000.0
20250630,Loans and Leases Held for Sale,LNLSSALE,40002000.0
20250331,Loans and Leases Held for Sale,LNLSSALE,32364000.0
20241231,Loans and Leases Held for Sale,LNLSSALE,27265000.0
20240930,Loans and Leases Held for Sale,LNLSSALE,34387000.0
20240630,Loans and Leases Held for Sale,LNLSSALE,27467000.0
20240331,Loans and Leases Held for Sale,LNLSSALE,23853000.0
20231231,Loans and Leases Held for Sale,LNLSSALE,19968000.0
20230930,Loans and Leases Held for Sale,LNLSSALE,21185000.0
20230630,Loans and Leases Held for Sale,LNLSSALE,22290000.0
20230331,Loans and Leases Held for Sale,LNLSSALE,20413000.0
20260630,Insider Loans,LNEXAMT,377000.0
20260331,Insider Loans,LNEXAMT,352000.0
20251231,Insider Loans,LNEXAMT,2085000.0
20250930,Insider Loans,LNEXAMT,1856000.0
20250630,Insider Loans,LNEXAMT,1548000.0
20250331,Insider Loans,LNEXAMT,1730000.0
20241231,Insider Loans,LNEXAMT,1525000.0
20240930,Insider Loans,LNEXAMT,1584000.0
20240630,Insider Loans,LNEXAMT,1673000.0
20240331,Insider Loans,LNEXAMT,1482000.0
20231231,Insider Loans,LNEXAMT,1514000.0
20230930,Insider Loans,LNEXAMT,1602000.0
20230630,Insider Loans,LNEXAMT,1711000.0
20230331,Insider Loans,LNEXAMT,3299000.0
20260630,Commercial Real Estate Owner-Occupied,LNRENROW,14363000.0
20260331,Commercial Real Estate Owner-Occupied,LNRENROW,14639000.0
20251231,Commercial Real Estate Owner-Occupied,LNRENROW,14703000.0
20250930,Commercial Real Estate Owner-Occupied,LNRENROW,14678000.0
20250630,Commercial Real Estate Owner-Occupied,LNRENROW,14999000.0
20250331,Commercial Real Estate Owner-Occupied,LNRENROW,15094000.0
20241231,Commercial Real Estate Owner-Occupied,LNRENROW,15242000.0
20240930,Commercial Real Estate Owner-Occupied,LNRENROW,15446000.0
20240630,Commercial Real Estate Owner-Occupied,LNRENROW,15984000.0
20240331,Commercial Real Estate Owner-Occupied,LNRENROW,16093000.0
20231231,Commercial Real Estate Owner-Occupied,LNRENROW,16206000.0
20230930,Commercial Real Estate Owner-Occupied,LNRENROW,16390000.0
20230630,Commercial Real Estate Owner-Occupied,LNRENROW,16631000.0
20230331,Commercial Real Estate Owner-Occupied,LNRENROW,15549000.0
20260630,Commercial Real Estate Other Non-Farm Non-Residential,LNRENROT,39378000.0
20260331,Commercial Real Estate Other Non-Farm Non-Residential,LNRENROT,38871000.0
20251231,Commercial Real Estate Other Non-Farm Non-Residential,LNRENROT,39521000.0
20250930,Commercial Real Estate Other Non-Farm Non-Residential,LNRENROT,38132000.0
20250630,Commercial Real Estate Other Non-Farm Non-Residential,LNRENROT,38335000.0
20250331,Commercial Real Estate Other Non-Farm Non-Residential,LNRENROT,35807000.0
20241231,Commercial Real Estate Other Non-Farm Non-Residential,LNRENROT,35151000.0
20240930,Commercial Real Estate Other Non-Farm Non-Residential,LNRENROT,35787000.0
20240630,Commercial Real Estate Other Non-Farm Non-Residential,LNRENROT,35730000.0
20240331,Commercial Real Estate Other Non-Farm Non-Residential,LNRENROT,35849000.0
20231231,Commercial Real Estate Other Non-Farm Non-Residential,LNRENROT,36337000.0
20230930,Commercial Real Estate Other Non-Farm Non-Residential,LNRENROT,36732000.0
20230630,Commercial Real Estate Other Non-Farm Non-Residential,LNRENROT,37193000.0
20230331,Commercial Real Estate Other Non-Farm Non-Residential,LNRENROT,26818000.0
20260630,1-4 Family Residential Real Estate Secured by First Liens,LNRERSFM,306034000.0
20260331,1-4 Family Residential Real Estate Secured by First Liens,LNRERSFM,305440000.0
20251231,1-4 Family Residential Real Estate Secured by First Liens,LNRERSFM,308211000.0
20250930,1-4 Family Residential Real Estate Secured by First Liens,LNRERSFM,304679000.0
20250630,1-4 Family Residential Real Estate Secured by First Liens,LNRERSFM,303909000.0
20250331,1-4 Family Residential Real Estate Secured by First Liens,LNRERSFM,302302000.0
20241231,1-4 Family Residential Real Estate Secured by First Liens,LNRERSFM,305550000.0
20240930,1-4 Family Residential Real Estate Secured by First Liens,LNRERSFM,307711000.0
20240630,1-4 Family Residential Real Estate Secured by First Liens,LNRERSFM,308395000.0
20240331,1-4 Family Residential Real Estate Secured by First Liens,LNRERSFM,312933000.0
20231231,1-4 Family Residential Real Estate Secured by First Liens,LNRERSFM,317950000.0
20230930,1-4 Family Residential Real Estate Secured by First Liens,LNRERSFM,317656000.0
20230630,1-4 Family Residential Real Estate Secured by First Liens,LNRERSFM,317970000.0
20230331,1-4 Family Residential Real Estate Secured by First Liens,LNRERSFM,230425000.0
20260630,1-4 Family Residential Real Estate Secured by Junior Liens,LNRERSF2,2518000.0
20260331,1-4 Family Residential Real Estate Secured by Junior Liens,LNRERSF2,2385000.0
20251231,1-4 Family Residential Real Estate Secured by Junior Liens,LNRERSF2,9791000.0
20250930,1-4 Family Residential Real Estate Secured by Junior Liens,LNRERSF2,2802000.0
20250630,1-4 Family Residential Real Estate Secured by Junior Liens,LNRERSF2,3163000.0
20250331,1-4 Family Residential Real Estate Secured by Junior Liens,LNRERSF2,2254000.0
20241231,1-4 Family Residential Real Estate Secured by Junior Liens,LNRERSF2,2240000.0
20240930,1-4 Family Residential Real Estate Secured by Junior Liens,LNRERSF2,2133000.0
20240630,1-4 Family Residential Real Estate Secured by Junior Liens,LNRERSF2,1477000.0
20240331,1-4 Family Residential Real Estate Secured by Junior Liens,LNRERSF2,1269000.0
20231231,1-4 Family Residential Real Estate Secured by Junior Liens,LNRERSF2,1204000.0
20230930,1-4 Family Residential Real Estate Secured by Junior Liens,LNRERSF2,1178000.0
20230630,1-4 Family Residential Real Estate Secured by Junior Liens,LNRERSF2,1041000.0
20230331,1-4 Family Residential Real Estate Secured by Junior Liens,LNRERSF2,880000.0
20260630,1-4 Family Residential Real Estate Extended by Lines of Credit,LNRELOC,13787000.0
20260331,1-4 Family Residential Real Estate Extended by Lines of Credit,LNRELOC,13914000.0
20251231,1-4 Family Residential Real Estate Extended by Lines of Credit,LNRELOC,13803000.0
20250930,1-4 Family Residential Real Estate Extended by Lines of Credit,LNRELOC,14170000.0
20250630,1-4 Family Residential Real Estate Extended by Lines of Credit,LNRELOC,14721000.0
20250331,1-4 Family Residential Real Estate Extended by Lines of Credit,LNRELOC,14241000.0
20241231,1-4 Family Residential Real Estate Extended by Lines of Credit,LNRELOC,14931000.0
20240930,1-4 Family Residential Real Estate Extended by Lines of Credit,LNRELOC,14782000.0
20240630,1-4 Family Residential Real Estate Extended by Lines of Credit,LNRELOC,15349000.0
20240331,1-4 Family Residential Real Estate Extended by Lines of Credit,LNRELOC,15806000.0
20231231,1-4 Family Residential Real Estate Extended by Lines of Credit,LNRELOC,16274000.0
20230930,1-4 Family Residential Real Estate Extended by Lines of Credit,LNRELOC,16619000.0
20230630,1-4 Family Residential Real Estate Extended by Lines of Credit,LNRELOC,16899000.0
20230331,1-4 Family Residential Real Estate Extended by Lines of Credit,LNRELOC,15145000.0
20260630,Adjustable Rate Loans Secured by 1-4 Family Residential Real Estate,LNRERSF1,145119000.0
20260331,Adjustable Rate Loans Secured by 1-4 Family Residential Real Estate,LNRERSF1,143187000.0
20251231,Adjustable Rate Loans Secured by 1-4 Family Residential Real Estate,LNRERSF1,142332000.0
20250930,Adjustable Rate Loans Secured by 1-4 Family Residential Real Estate,LNRERSF1,139678000.0
20250630,Adjustable Rate Loans Secured by 1-4 Family Residential Real Estate,LNRERSF1,138186000.0
20250331,Adjustable Rate Loans Secured by 1-4 Family Residential Real Estate,LNRERSF1,136404000.0
20241231,Adjustable Rate Loans Secured by 1-4 Family Residential Real Estate,LNRERSF1,136767000.0
20240930,Adjustable Rate Loans Secured by 1-4 Family Residential Real Estate,LNRERSF1,136306000.0
20240630,Adjustable Rate Loans Secured by 1-4 Family Residential Real Estate,LNRERSF1,136632000.0
20240331,Adjustable Rate Loans Secured by 1-4 Family Residential Real Estate,LNRERSF1,137283000.0
20231231,Adjustable Rate Loans Secured by 1-4 Family Residential Real Estate,LNRERSF1,137634000.0
20230930,Adjustable Rate Loans Secured by 1-4 Family Residential Real Estate,LNRERSF1,136281000.0
20230630,Adjustable Rate Loans Secured by 1-4 Family Residential Real Estate,LNRERSF1,135440000.0
20230331,Adjustable Rate Loans Secured by 1-4 Family Residential Real Estate,LNRERSF1,74524000.0
20260630,1-4 Family Residential Construction and Land Development Loans,LNRECNFM,2904000.0
20260331,1-4 Family Residential Construction and Land Development Loans,LNRECNFM,2767000.0
20251231,1-4 Family Residential Construction and Land Development Loans,LNRECNFM,2876000.0
20250930,1-4 Family Residential Construction and Land Development Loans,LNRECNFM,2575000.0
20250630,1-4 Family Residential Construction and Land Development Loans,LNRECNFM,2675000.0
20250331,1-4 Family Residential Construction and Land Development Loans,LNRECNFM,2629000.0
20241231,1-4 Family Residential Construction and Land Development Loans,LNRECNFM,2653000.0
20240930,1-4 Family Residential Construction and Land Development Loans,LNRECNFM,2868000.0
20240630,1-4 Family Residential Construction and Land Development Loans,LNRECNFM,2766000.0
20240331,1-4 Family Residential Construction and Land Development Loans,LNRECNFM,2924000.0
20231231,1-4 Family Residential Construction and Land Development Loans,LNRECNFM,2990000.0
20230930,1-4 Family Residential Construction and Land Development Loans,LNRECNFM,2845000.0
20230630,1-4 Family Residential Construction and Land Development Loans,LNRECNFM,2651000.0
20230331,1-4 Family Residential Construction and Land Development Loans,LNRECNFM,807000.0
20260630,"Other Construction, All Land Development and Other Land Loans",LNRECNOT,15885000.0
20260331,"Other Construction, All Land Development and Other Land Loans",LNRECNOT,16216000.0
20251231,"Other Construction, All Land Development and Other Land Loans",LNRECNOT,15635000.0
20250930,"Other Construction, All Land Development and Other Land Loans",LNRECNOT,14439000.0
20250630,"Other Construction, All Land Development and Other Land Loans",LNRECNOT,13921000.0
20250331,"Other Construction, All Land Development and Other Land Loans",LNRECNOT,13968000.0
20241231,"Other Construction, All Land Development and Other Land Loans",LNRECNOT,13833000.0
20240930,"Other Construction, All Land Development and Other Land Loans",LNRECNOT,13286000.0
20240630,"Other Construction, All Land Development and Other Land Loans",LNRECNOT,12835000.0
20240331,"Other Construction, All Land Development and Other Land Loans",LNRECNOT,12612000.0
20231231,"Other Construction, All Land Development and Other Land Loans",LNRECNOT,11901000.0
20230930,"Other Construction, All Land Development and Other Land Loans",LNRECNOT,11380000.0
20230630,"Other Construction, All Land Development and Other Land Loans",LNRECNOT,11204000.0
20230331,"Other Construction, All Land Development and Other Land Loans",LNRECNOT,9193000.0
20260630,Restructured Loans and Leases,RSLNLTOT,4141000.0
20260331,Restructured Loans and Leases,RSLNLTOT,4091000.0
20251231,Restructured Loans and Leases,RSLNLTOT,3993000.0
20250930,Restructured Loans and Leases,RSLNLTOT,3668000.0
20250630,Restructured Loans and Leases,RSLNLTOT,3756000.0
20250331,Restructured Loans and Leases,RSLNLTOT,3030000.0
20241231,Restructured Loans and Leases,RSLNLTOT,2572000.0
20240930,Restructured Loans and Leases,RSLNLTOT,2506000.0
20240630,Restructured Loans and Leases,RSLNLTOT,2155000.0
20240331,Restructured Loans and Leases,RSLNLTOT,2139000.0
20231231,Restructured Loans and Leases,RSLNLTOT,2036000.0
20230930,Restructured Loans and Leases,RSLNLTOT,1481000.0
20230630,Restructured Loans and Leases,RSLNLTOT,673000.0
20230331,Restructured Loans and Leases,RSLNLTOT,326000.0
20260630,Loans Secured by 1-4 Family Residential in Compliance with their Modified Terms,RSLNREFM,24000.0
20260331,Loans Secured by 1-4 Family Residential in Compliance with their Modified Terms,RSLNREFM,17000.0
20251231,Loans Secured by 1-4 Family Residential in Compliance with their Modified Terms,RSLNREFM,29000.0
20250930,Loans Secured by 1-4 Family Residential in Compliance with their Modified Terms,RSLNREFM,36000.0
20250630,Loans Secured by 1-4 Family Residential in Compliance with their Modified Terms,RSLNREFM,107000.0
20250331,Loans Secured by 1-4 Family Residential in Compliance with their Modified Terms,RSLNREFM,3000.0
20241231,Loans Secured by 1-4 Family Residential in Compliance with their Modified Terms,RSLNREFM,3000.0
20240930,Loans Secured by 1-4 Family Residential in Compliance with their Modified Terms,RSLNREFM,58000.0
20240630,Loans Secured by 1-4 Family Residential in Compliance with their Modified Terms,RSLNREFM,4000.0
20240331,Loans Secured by 1-4 Family Residential in Compliance with their Modified Terms,RSLNREFM,5000.0
20231231,Loans Secured by 1-4 Family Residential in Compliance with their Modified Terms,RSLNREFM,13000.0
20230930,Loans Secured by 1-4 Family Residential in Compliance with their Modified Terms,RSLNREFM,0.0
20230630,Loans Secured by 1-4 Family Residential in Compliance with their Modified Terms,RSLNREFM,1000.0
20230331,Loans Secured by 1-4 Family Residential in Compliance with their Modified Terms,RSLNREFM,0.0
20260630,Loans Secured by Non 1-4 Family Residential in Compliance with their Modified Terms,RSLNLS,4117000.0
20260331,Loans Secured by Non 1-4 Family Residential in Compliance with their Modified Terms,RSLNLS,4074000.0
20251231,Loans Secured by Non 1-4 Family Residential in Compliance with their Modified Terms,RSLNLS,3964000.0
20250930,Loans Secured by Non 1-4 Family Residential in Compliance with their Modified Terms,RSLNLS,3632000.0
20250630,Loans Secured by Non 1-4 Family Residential in Compliance with their Modified Terms,RSLNLS,3649000.0
20250331,Loans Secured by Non 1-4 Family Residential in Compliance with their Modified Terms,RSLNLS,3027000.0
20241231,Loans Secured by Non 1-4 Family Residential in Compliance with their Modified Terms,RSLNLS,2569000.0
20240930,Loans Secured by Non 1-4 Family Residential in Compliance with their Modified Terms,RSLNLS,2448000.0
20240630,Loans Secured by Non 1-4 Family Residential in Compliance with their Modified Terms,RSLNLS,2151000.0
20240331,Loans Secured by Non 1-4 Family Residential in Compliance with their Modified Terms,RSLNLS,2134000.0
20231231,Loans Secured by Non 1-4 Family Residential in Compliance with their Modified Terms,RSLNLS,2023000.0
20230930,Loans Secured by Non 1-4 Family Residential in Compliance with their Modified Terms,RSLNLS,1481000.0
20230630,Loans Secured by Non 1-4 Family Residential in Compliance with their Modified Terms,RSLNLS,672000.0
20230331,Loans Secured by Non 1-4 Family Residential in Compliance with their Modified Terms,RSLNLS,326000.0
20260630,Past Due 30-89 Days Not in Compliance with their Modified Terms,P3RSLNLT,189000.0
20260331,Past Due 30-89 Days Not in Compliance with their Modified Terms,P3RSLNLT,274000.0
20251231,Past Due 30-89 Days Not in Compliance with their Modified Terms,P3RSLNLT,186000.0
20250930,Past Due 30-89 Days Not in Compliance with their Modified Terms,P3RSLNLT,146000.0
20250630,Past Due 30-89 Days Not in Compliance with their Modified Terms,P3RSLNLT,151000.0
20250331,Past Due 30-89 Days Not in Compliance with their Modified Terms,P3RSLNLT,144000.0
20241231,Past Due 30-89 Days Not in Compliance with their Modified Terms,P3RSLNLT,105000.0
20240930,Past Due 30-89 Days Not in Compliance with their Modified Terms,P3RSLNLT,100000.0
20240630,Past Due 30-89 Days Not in Compliance with their Modified Terms,P3RSLNLT,142000.0
20240331,Past Due 30-89 Days Not in Compliance with their Modified Terms,P3RSLNLT,112000.0
20231231,Past Due 30-89 Days Not in Compliance with their Modified Terms,P3RSLNLT,104000.0
20230930,Past Due 30-89 Days Not in Compliance with their Modified Terms,P3RSLNLT,76000.0
20230630,Past Due 30-89 Days Not in Compliance with their Modified Terms,P3RSLNLT,39000.0
20230331,Past Due 30-89 Days Not in Compliance with their Modified Terms,P3RSLNLT,34000.0
20260630,Loans Secured by 1-4 Family Residential Properties Past Due 30-89 Days Not in Compliance,P3RSLNFM,1000.0
20260331,Loans Secured by 1-4 Family Residential Properties Past Due 30-89 Days Not in Compliance,P3RSLNFM,1000.0
20251231,Loans Secured by 1-4 Family Residential Properties Past Due 30-89 Days Not in Compliance,P3RSLNFM,0.0
20250930,Loans Secured by 1-4 Family Residential Properties Past Due 30-89 Days Not in Compliance,P3RSLNFM,2000.0
20250630,Loans Secured by 1-4 Family Residential Properties Past Due 30-89 Days Not in Compliance,P3RSLNFM,40000.0
20250331,Loans Secured by 1-4 Family Residential Properties Past Due 30-89 Days Not in Compliance,P3RSLNFM,0.0
20241231,Loans Secured by 1-4 Family Residential Properties Past Due 30-89 Days Not in Compliance,P3RSLNFM,1000.0
20240930,Loans Secured by 1-4 Family Residential Properties Past Due 30-89 Days Not in Compliance,P3RSLNFM,0.0
20240630,Loans Secured by 1-4 Family Residential Properties Past Due 30-89 Days Not in Compliance,P3RSLNFM,0.0
20240331,Loans Secured by 1-4 Family Residential Properties Past Due 30-89 Days Not in Compliance,P3RSLNFM,0.0
20231231,Loans Secured by 1-4 Family Residential Properties Past Due 30-89 Days Not in Compliance,P3RSLNFM,1000.0
20230930,Loans Secured by 1-4 Family Residential Properties Past Due 30-89 Days Not in Compliance,P3RSLNFM,0.0
20230630,Loans Secured by 1-4 Family Residential Properties Past Due 30-89 Days Not in Compliance,P3RSLNFM,0.0
20230331,Loans Secured by 1-4 Family Residential Properties Past Due 30-89 Days Not in Compliance,P3RSLNFM,0.0
20260630,Loans Secured by Non 1-4 Family Residential Past Due 30-89 Days Not in Compliance,P3RSLNLS,188000.0
20260331,Loans Secured by Non 1-4 Family Residential Past Due 30-89 Days Not in Compliance,P3RSLNLS,273000.0
20251231,Loans Secured by Non 1-4 Family Residential Past Due 30-89 Days Not in Compliance,P3RSLNLS,186000.0
20250930,Loans Secured by Non 1-4 Family Residential Past Due 30-89 Days Not in Compliance,P3RSLNLS,144000.0
20250630,Loans Secured by Non 1-4 Family Residential Past Due 30-89 Days Not in Compliance,P3RSLNLS,111000.0
20250331,Loans Secured by Non 1-4 Family Residential Past Due 30-89 Days Not in Compliance,P3RSLNLS,144000.0
20241231,Loans Secured by Non 1-4 Family Residential Past Due 30-89 Days Not in Compliance,P3RSLNLS,104000.0
20240930,Loans Secured by Non 1-4 Family Residential Past Due 30-89 Days Not in Compliance,P3RSLNLS,100000.0
20240630,Loans Secured by Non 1-4 Family Residential Past Due 30-89 Days Not in Compliance,P3RSLNLS,142000.0
20240331,Loans Secured by Non 1-4 Family Residential Past Due 30-89 Days Not in Compliance,P3RSLNLS,112000.0
20231231,Loans Secured by Non 1-4 Family Residential Past Due 30-89 Days Not in Compliance,P3RSLNLS,103000.0
20230930,Loans Secured by Non 1-4 Family Residential Past Due 30-89 Days Not in Compliance,P3RSLNLS,76000.0
20230630,Loans Secured by Non 1-4 Family Residential Past Due 30-89 Days Not in Compliance,P3RSLNLS,39000.0
20230331,Loans Secured by Non 1-4 Family Residential Past Due 30-89 Days Not in Compliance,P3RSLNLS,34000.0
20260630,Past Due 90 Days or More Not in Compliance with their Modified Terms,P9RSLNLT,121000.0
20260331,Past Due 90 Days or More Not in Compliance with their Modified Terms,P9RSLNLT,301000.0
20251231,Past Due 90 Days or More Not in Compliance with their Modified Terms,P9RSLNLT,105000.0
20250930,Past Due 90 Days or More Not in Compliance with their Modified Terms,P9RSLNLT,83000.0
20250630,Past Due 90 Days or More Not in Compliance with their Modified Terms,P9RSLNLT,64000.0
20250331,Past Due 90 Days or More Not in Compliance with their Modified Terms,P9RSLNLT,47000.0
20241231,Past Due 90 Days or More Not in Compliance with their Modified Terms,P9RSLNLT,41000.0
20240930,Past Due 90 Days or More Not in Compliance with their Modified Terms,P9RSLNLT,45000.0
20240630,Past Due 90 Days or More Not in Compliance with their Modified Terms,P9RSLNLT,42000.0
20240331,Past Due 90 Days or More Not in Compliance with their Modified Terms,P9RSLNLT,43000.0
20231231,Past Due 90 Days or More Not in Compliance with their Modified Terms,P9RSLNLT,31000.0
20230930,Past Due 90 Days or More Not in Compliance with their Modified Terms,P9RSLNLT,38000.0
20230630,Past Due 90 Days or More Not in Compliance with their Modified Terms,P9RSLNLT,27000.0
20230331,Past Due 90 Days or More Not in Compliance with their Modified Terms,P9RSLNLT,20000.0
20260630,Loans Secured by 1-4 Family Residential Properties Past Due  90 Days or More Not in Compliance,P9RSLNFM,0.0
20260331,Loans Secured by 1-4 Family Residential Properties Past Due  90 Days or More Not in Compliance,P9RSLNFM,0.0
20251231,Loans Secured by 1-4 Family Residential Properties Past Due  90 Days or More Not in Compliance,P9RSLNFM,0.0
20250930,Loans Secured by 1-4 Family Residential Properties Past Due  90 Days or More Not in Compliance,P9RSLNFM,0.0
20250630,Loans Secured by 1-4 Family Residential Properties Past Due  90 Days or More Not in Compliance,P9RSLNFM,0.0
20250331,Loans Secured by 1-4 Family Residential Properties Past Due  90 Days or More Not in Compliance,P9RSLNFM,0.0
20241231,Loans Secured by 1-4 Family Residential Properties Past Due  90 Days or More Not in Compliance,P9RSLNFM,0.0
20240930,Loans Secured by 1-4 Family Residential Properties Past Due  90 Days or More Not in Compliance,P9RSLNFM,0.0
20240630,Loans Secured by 1-4 Family Residential Properties Past Due  90 Days or More Not in Compliance,P9RSLNFM,0.0
20240331,Loans Secured by 1-4 Family Residential Properties Past Due  90 Days or More Not in Compliance,P9RSLNFM,0.0
20231231,Loans Secured by 1-4 Family Residential Properties Past Due  90 Days or More Not in Compliance,P9RSLNFM,0.0
20230930,Loans Secured by 1-4 Family Residential Properties Past Due  90 Days or More Not in Compliance,P9RSLNFM,0.0
20230630,Loans Secured by 1-4 Family Residential Properties Past Due  90 Days or More Not in Compliance,P9RSLNFM,0.0
20230331,Loans Secured by 1-4 Family Residential Properties Past Due  90 Days or More Not in Compliance,P9RSLNFM,0.0
20260630,Loans Secured by Non 1-4 Family Residential Properties Past Due  90 Days or More Not in Compliance,P9RSLNLS,121000.0
20260331,Loans Secured by Non 1-4 Family Residential Properties Past Due  90 Days or More Not in Compliance,P9RSLNLS,301000.0
20251231,Loans Secured by Non 1-4 Family Residential Properties Past Due  90 Days or More Not in Compliance,P9RSLNLS,105000.0
20250930,Loans Secured by Non 1-4 Family Residential Properties Past Due  90 Days or More Not in Compliance,P9RSLNLS,83000.0
20250630,Loans Secured by Non 1-4 Family Residential Properties Past Due  90 Days or More Not in Compliance,P9RSLNLS,64000.0
20250331,Loans Secured by Non 1-4 Family Residential Properties Past Due  90 Days or More Not in Compliance,P9RSLNLS,47000.0
20241231,Loans Secured by Non 1-4 Family Residential Properties Past Due  90 Days or More Not in Compliance,P9RSLNLS,41000.0
20240930,Loans Secured by Non 1-4 Family Residential Properties Past Due  90 Days or More Not in Compliance,P9RSLNLS,45000.0
20240630,Loans Secured by Non 1-4 Family Residential Properties Past Due  90 Days or More Not in Compliance,P9RSLNLS,42000.0
20240331,Loans Secured by Non 1-4 Family Residential Properties Past Due  90 Days or More Not in Compliance,P9RSLNLS,43000.0
20231231,Loans Secured by Non 1-4 Family Residential Properties Past Due  90 Days or More Not in Compliance,P9RSLNLS,31000.0
20230930,Loans Secured by Non 1-4 Family Residential Properties Past Due  90 Days or More Not in Compliance,P9RSLNLS,38000.0
20230630,Loans Secured by Non 1-4 Family Residential Properties Past Due  90 Days or More Not in Compliance,P9RSLNLS,27000.0
20230331,Loans Secured by Non 1-4 Family Residential Properties Past Due  90 Days or More Not in Compliance,P9RSLNLS,20000.0
20260630,Nonaccrual Not in Compliance with their Modified Terms,NARSLNLT,1304000.0
20260331,Nonaccrual Not in Compliance with their Modified Terms,NARSLNLT,2097000.0
20251231,Nonaccrual Not in Compliance with their Modified Terms,NARSLNLT,2243000.0
20250930,Nonaccrual Not in Compliance with their Modified Terms,NARSLNLT,2203000.0
20250630,Nonaccrual Not in Compliance with their Modified Terms,NARSLNLT,1943000.0
20250331,Nonaccrual Not in Compliance with their Modified Terms,NARSLNLT,899000.0
20241231,Nonaccrual Not in Compliance with their Modified Terms,NARSLNLT,985000.0
20240930,Nonaccrual Not in Compliance with their Modified Terms,NARSLNLT,901000.0
20240630,Nonaccrual Not in Compliance with their Modified Terms,NARSLNLT,864000.0
20240331,Nonaccrual Not in Compliance with their Modified Terms,NARSLNLT,755000.0
20231231,Nonaccrual Not in Compliance with their Modified Terms,NARSLNLT,766000.0
20230930,Nonaccrual Not in Compliance with their Modified Terms,NARSLNLT,996000.0
20230630,Nonaccrual Not in Compliance with their Modified Terms,NARSLNLT,533000.0
20230331,Nonaccrual Not in Compliance with their Modified Terms,NARSLNLT,261000.0
20260630,Loans Secured by 1-4 Family Residential Properties Nonaccrual Not in Compliance,NARSLNFM,397000.0
20260331,Loans Secured by 1-4 Family Residential Properties Nonaccrual Not in Compliance,NARSLNFM,948000.0
20251231,Loans Secured by 1-4 Family Residential Properties Nonaccrual Not in Compliance,NARSLNFM,969000.0
20250930,Loans Secured by 1-4 Family Residential Properties Nonaccrual Not in Compliance,NARSLNFM,978000.0
20250630,Loans Secured by 1-4 Family Residential Properties Nonaccrual Not in Compliance,NARSLNFM,874000.0
20250331,Loans Secured by 1-4 Family Residential Properties Nonaccrual Not in Compliance,NARSLNFM,164000.0
20241231,Loans Secured by 1-4 Family Residential Properties Nonaccrual Not in Compliance,NARSLNFM,170000.0
20240930,Loans Secured by 1-4 Family Residential Properties Nonaccrual Not in Compliance,NARSLNFM,141000.0
20240630,Loans Secured by 1-4 Family Residential Properties Nonaccrual Not in Compliance,NARSLNFM,148000.0
20240331,Loans Secured by 1-4 Family Residential Properties Nonaccrual Not in Compliance,NARSLNFM,118000.0
20231231,Loans Secured by 1-4 Family Residential Properties Nonaccrual Not in Compliance,NARSLNFM,122000.0
20230930,Loans Secured by 1-4 Family Residential Properties Nonaccrual Not in Compliance,NARSLNFM,108000.0
20230630,Loans Secured by 1-4 Family Residential Properties Nonaccrual Not in Compliance,NARSLNFM,88000.0
20230331,Loans Secured by 1-4 Family Residential Properties Nonaccrual Not in Compliance,NARSLNFM,38000.0
20260630,Loans Secured by Non 1-4 Family Residential Properties Nonaccrual Not in Compliance,NARSLNLS,907000.0
20260331,Loans Secured by Non 1-4 Family Residential Properties Nonaccrual Not in Compliance,NARSLNLS,1149000.0
20251231,Loans Secured by Non 1-4 Family Residential Properties Nonaccrual Not in Compliance,NARSLNLS,1274000.0
20250930,Loans Secured by Non 1-4 Family Residential Properties Nonaccrual Not in Compliance,NARSLNLS,1225000.0
20250630,Loans Secured by Non 1-4 Family Residential Properties Nonaccrual Not in Compliance,NARSLNLS,1069000.0
20250331,Loans Secured by Non 1-4 Family Residential Properties Nonaccrual Not in Compliance,NARSLNLS,735000.0
20241231,Loans Secured by Non 1-4 Family Residential Properties Nonaccrual Not in Compliance,NARSLNLS,815000.0
20240930,Loans Secured by Non 1-4 Family Residential Properties Nonaccrual Not in Compliance,NARSLNLS,760000.0
20240630,Loans Secured by Non 1-4 Family Residential Properties Nonaccrual Not in Compliance,NARSLNLS,716000.0
20240331,Loans Secured by Non 1-4 Family Residential Properties Nonaccrual Not in Compliance,NARSLNLS,637000.0
20231231,Loans Secured by Non 1-4 Family Residential Properties Nonaccrual Not in Compliance,NARSLNLS,644000.0
20230930,Loans Secured by Non 1-4 Family Residential Properties Nonaccrual Not in Compliance,NARSLNLS,888000.0
20230630,Loans Secured by Non 1-4 Family Residential Properties Nonaccrual Not in Compliance,NARSLNLS,445000.0
20230331,Loans Secured by Non 1-4 Family Residential Properties Nonaccrual Not in Compliance,NARSLNLS,223000.0
20260630,Total Loans & Leases in Foreign Offices,LNLSGRF,193152000.0
20260331,Total Loans & Leases in Foreign Offices,LNLSGRF,176224000.0
20251231,Total Loans & Leases in Foreign Offices,LNLSGRF,157990000.0
20250930,Total Loans & Leases in Foreign Offices,LNLSGRF,164171000.0
20250630,Total Loans & Leases in Foreign Offices,LNLSGRF,148270000.0
20250331,Total Loans & Leases in Foreign Offices,LNLSGRF,136485000.0
20241231,Total Loans & Leases in Foreign Offices,LNLSGRF,125383000.0
20240930,Total Loans & Leases in Foreign Offices,LNLSGRF,133255000.0
20240630,Total Loans & Leases in Foreign Offices,LNLSGRF,125950000.0
20240331,Total Loans & Leases in Foreign Offices,LNLSGRF,121185000.0
20231231,Total Loans & Leases in Foreign Offices,LNLSGRF,120591000.0
20230930,Total Loans & Leases in Foreign Offices,LNLSGRF,120831000.0
20230630,Total Loans & Leases in Foreign Offices,LNLSGRF,119034000.0
20230331,Total Loans & Leases in Foreign Offices,LNLSGRF,123255000.0
20260630,Plus Unearned Income,UNINCFOR,0.0
20260331,Plus Unearned Income,UNINCFOR,0.0
20251231,Plus Unearned Income,UNINCFOR,0.0
20250930,Plus Unearned Income,UNINCFOR,0.0
20250630,Plus Unearned Income,UNINCFOR,0.0
20250331,Plus Unearned Income,UNINCFOR,0.0
20241231,Plus Unearned Income,UNINCFOR,0.0
20240930,Plus Unearned Income,UNINCFOR,0.0
20240630,Plus Unearned Income,UNINCFOR,0.0
20240331,Plus Unearned Income,UNINCFOR,0.0
20231231,Plus Unearned Income,UNINCFOR,0.0
20230930,Plus Unearned Income,UNINCFOR,0.0
20230630,Plus Unearned Income,UNINCFOR,0.0
20230331,Plus Unearned Income,UNINCFOR,0.0
20260630,"Loans and Leases, Gross",LNLSFOR,193152000.0
20260331,"Loans and Leases, Gross",LNLSFOR,176224000.0
20251231,"Loans and Leases, Gross",LNLSFOR,157990000.0
20250930,"Loans and Leases, Gross",LNLSFOR,164171000.0
20250630,"Loans and Leases, Gross",LNLSFOR,148270000.0
20250331,"Loans and Leases, Gross",LNLSFOR,136485000.0
20241231,"Loans and Leases, Gross",LNLSFOR,125383000.0
20240930,"Loans and Leases, Gross",LNLSFOR,133255000.0
20240630,"Loans and Leases, Gross",LNLSFOR,125950000.0
20240331,"Loans and Leases, Gross",LNLSFOR,121185000.0
20231231,"Loans and Leases, Gross",LNLSFOR,120591000.0
20230930,"Loans and Leases, Gross",LNLSFOR,120831000.0
20230630,"Loans and Leases, Gross",LNLSFOR,119034000.0
20230331,"Loans and Leases, Gross",LNLSFOR,123255000.0
20260630,All Real Estate Loans,LNREFOR,3847000.0
20260331,All Real Estate Loans,LNREFOR,3758000.0
20251231,All Real Estate Loans,LNREFOR,3997000.0
20250930,All Real Estate Loans,LNREFOR,3767000.0
20250630,All Real Estate Loans,LNREFOR,3669000.0
20250331,All Real Estate Loans,LNREFOR,3724000.0
20241231,All Real Estate Loans,LNREFOR,3466000.0
20240930,All Real Estate Loans,LNREFOR,3616000.0
20240630,All Real Estate Loans,LNREFOR,3456000.0
20240331,All Real Estate Loans,LNREFOR,3430000.0
20231231,All Real Estate Loans,LNREFOR,2948000.0
20230930,All Real Estate Loans,LNREFOR,2717000.0
20230630,All Real Estate Loans,LNREFOR,3108000.0
20230331,All Real Estate Loans,LNREFOR,3467000.0
20260630,Loans to Depository Institutions and Acceptance of Other Banks,LNDEPAOBK,9587000.0
20260331,Loans to Depository Institutions and Acceptance of Other Banks,LNDEPAOBK,8320000.0
20251231,Loans to Depository Institutions and Acceptance of Other Banks,LNDEPAOBK,8002000.0
20250930,Loans to Depository Institutions and Acceptance of Other Banks,LNDEPAOBK,7634000.0
20250630,Loans to Depository Institutions and Acceptance of Other Banks,LNDEPAOBK,6847000.0
20250331,Loans to Depository Institutions and Acceptance of Other Banks,LNDEPAOBK,4672000.0
20241231,Loans to Depository Institutions and Acceptance of Other Banks,LNDEPAOBK,5676000.0
20240930,Loans to Depository Institutions and Acceptance of Other Banks,LNDEPAOBK,4144000.0
20240630,Loans to Depository Institutions and Acceptance of Other Banks,LNDEPAOBK,4186000.0
20240331,Loans to Depository Institutions and Acceptance of Other Banks,LNDEPAOBK,4514000.0
20231231,Loans to Depository Institutions and Acceptance of Other Banks,LNDEPAOBK,4581000.0
20230930,Loans to Depository Institutions and Acceptance of Other Banks,LNDEPAOBK,4163000.0
20230630,Loans to Depository Institutions and Acceptance of Other Banks,LNDEPAOBK,5567000.0
20230331,Loans to Depository Institutions and Acceptance of Other Banks,LNDEPAOBK,5158000.0
20260630,To Commercial Banks in U.S.,LNDEPCBF,8000.0
20260331,To Commercial Banks in U.S.,LNDEPCBF,1000.0
20251231,To Commercial Banks in U.S.,LNDEPCBF,0.0
20250930,To Commercial Banks in U.S.,LNDEPCBF,1000.0
20250630,To Commercial Banks in U.S.,LNDEPCBF,71000.0
20250331,To Commercial Banks in U.S.,LNDEPCBF,0.0
20241231,To Commercial Banks in U.S.,LNDEPCBF,7000.0
20240930,To Commercial Banks in U.S.,LNDEPCBF,1000.0
20240630,To Commercial Banks in U.S.,LNDEPCBF,1000.0
20240331,To Commercial Banks in U.S.,LNDEPCBF,2000.0
20231231,To Commercial Banks in U.S.,LNDEPCBF,3000.0
20230930,To Commercial Banks in U.S.,LNDEPCBF,2000.0
20230630,To Commercial Banks in U.S.,LNDEPCBF,19000.0
20230331,To Commercial Banks in U.S.,LNDEPCBF,1000.0
20260630,To Other Depository Institutions in U.S.,LNDEPUSF,0.0
20260331,To Other Depository Institutions in U.S.,LNDEPUSF,0.0
20251231,To Other Depository Institutions in U.S.,LNDEPUSF,1000.0
20250930,To Other Depository Institutions in U.S.,LNDEPUSF,0.0
20250630,To Other Depository Institutions in U.S.,LNDEPUSF,4000.0
20250331,To Other Depository Institutions in U.S.,LNDEPUSF,0.0
20241231,To Other Depository Institutions in U.S.,LNDEPUSF,0.0
20240930,To Other Depository Institutions in U.S.,LNDEPUSF,0.0
20240630,To Other Depository Institutions in U.S.,LNDEPUSF,0.0
20240331,To Other Depository Institutions in U.S.,LNDEPUSF,0.0
20231231,To Other Depository Institutions in U.S.,LNDEPUSF,0.0
20230930,To Other Depository Institutions in U.S.,LNDEPUSF,0.0
20230630,To Other Depository Institutions in U.S.,LNDEPUSF,0.0
20230331,To Other Depository Institutions in U.S.,LNDEPUSF,0.0
20260630,To Banks in Foreign Countries,LNDEPFCF,9579000.0
20260331,To Banks in Foreign Countries,LNDEPFCF,8319000.0
20251231,To Banks in Foreign Countries,LNDEPFCF,8001000.0
20250930,To Banks in Foreign Countries,LNDEPFCF,7633000.0
20250630,To Banks in Foreign Countries,LNDEPFCF,6772000.0
20250331,To Banks in Foreign Countries,LNDEPFCF,4672000.0
20241231,To Banks in Foreign Countries,LNDEPFCF,5669000.0
20240930,To Banks in Foreign Countries,LNDEPFCF,4143000.0
20240630,To Banks in Foreign Countries,LNDEPFCF,4185000.0
20240331,To Banks in Foreign Countries,LNDEPFCF,4512000.0
20231231,To Banks in Foreign Countries,LNDEPFCF,4578000.0
20230930,To Banks in Foreign Countries,LNDEPFCF,4161000.0
20230630,To Banks in Foreign Countries,LNDEPFCF,5548000.0
20230331,To Banks in Foreign Countries,LNDEPFCF,5157000.0
20260630,Farm Loans,LNAGFOR,0.0
20260331,Farm Loans,LNAGFOR,0.0
20251231,Farm Loans,LNAGFOR,0.0
20250930,Farm Loans,LNAGFOR,0.0
20250630,Farm Loans,LNAGFOR,0.0
20250331,Farm Loans,LNAGFOR,0.0
20241231,Farm Loans,LNAGFOR,0.0
20240930,Farm Loans,LNAGFOR,0.0
20240630,Farm Loans,LNAGFOR,0.0
20240331,Farm Loans,LNAGFOR,0.0
20231231,Farm Loans,LNAGFOR,0.0
20230930,Farm Loans,LNAGFOR,1000.0
20230630,Farm Loans,LNAGFOR,0.0
20230331,Farm Loans,LNAGFOR,0.0
20260630,Commercial and Industrial Loans,LNCIFOR,46894000.0
20260331,Commercial and Industrial Loans,LNCIFOR,42287000.0
20251231,Commercial and Industrial Loans,LNCIFOR,40961000.0
20250930,Commercial and Industrial Loans,LNCIFOR,39526000.0
20250630,Commercial and Industrial Loans,LNCIFOR,37647000.0
20250331,Commercial and Industrial Loans,LNCIFOR,37933000.0
20241231,Commercial and Industrial Loans,LNCIFOR,35793000.0
20240930,Commercial and Industrial Loans,LNCIFOR,37958000.0
20240630,Commercial and Industrial Loans,LNCIFOR,35964000.0
20240331,Commercial and Industrial Loans,LNCIFOR,36305000.0
20231231,Commercial and Industrial Loans,LNCIFOR,36355000.0
20230930,Commercial and Industrial Loans,LNCIFOR,37447000.0
20230630,Commercial and Industrial Loans,LNCIFOR,36930000.0
20230331,Commercial and Industrial Loans,LNCIFOR,37809000.0
20260630,To Non-U.S. Addressees,LNCINUSF,43721000.0
20260331,To Non-U.S. Addressees,LNCINUSF,39702000.0
20251231,To Non-U.S. Addressees,LNCINUSF,38263000.0
20250930,To Non-U.S. Addressees,LNCINUSF,37183000.0
20250630,To Non-U.S. Addressees,LNCINUSF,35384000.0
20250331,To Non-U.S. Addressees,LNCINUSF,35587000.0
20241231,To Non-U.S. Addressees,LNCINUSF,33318000.0
20240930,To Non-U.S. Addressees,LNCINUSF,35319000.0
20240630,To Non-U.S. Addressees,LNCINUSF,33383000.0
20240331,To Non-U.S. Addressees,LNCINUSF,33677000.0
20231231,To Non-U.S. Addressees,LNCINUSF,33669000.0
20230930,To Non-U.S. Addressees,LNCINUSF,34217000.0
20230630,To Non-U.S. Addressees,LNCINUSF,34074000.0
20230331,To Non-U.S. Addressees,LNCINUSF,35114000.0
20260630,Loans to Individuals,LNCONFOR,1250000.0
20260331,Loans to Individuals,LNCONFOR,1088000.0
20251231,Loans to Individuals,LNCONFOR,847000.0
20250930,Loans to Individuals,LNCONFOR,951000.0
20250630,Loans to Individuals,LNCONFOR,804000.0
20250331,Loans to Individuals,LNCONFOR,636000.0
20241231,Loans to Individuals,LNCONFOR,1342000.0
20240930,Loans to Individuals,LNCONFOR,1768000.0
20240630,Loans to Individuals,LNCONFOR,1758000.0
20240331,Loans to Individuals,LNCONFOR,1745000.0
20231231,Loans to Individuals,LNCONFOR,1806000.0
20230930,Loans to Individuals,LNCONFOR,2245000.0
20230630,Loans to Individuals,LNCONFOR,2346000.0
20230331,Loans to Individuals,LNCONFOR,2612000.0
20260630,Loans to Foreign Govts & Official Institutions,LNFGFOR,5627000.0
20260331,Loans to Foreign Govts & Official Institutions,LNFGFOR,5338000.0
20251231,Loans to Foreign Govts & Official Institutions,LNFGFOR,5618000.0
20250930,Loans to Foreign Govts & Official Institutions,LNFGFOR,4289000.0
20250630,Loans to Foreign Govts & Official Institutions,LNFGFOR,3745000.0
20250331,Loans to Foreign Govts & Official Institutions,LNFGFOR,3689000.0
20241231,Loans to Foreign Govts & Official Institutions,LNFGFOR,3182000.0
20240930,Loans to Foreign Govts & Official Institutions,LNFGFOR,3145000.0
20240630,Loans to Foreign Govts & Official Institutions,LNFGFOR,3747000.0
20240331,Loans to Foreign Govts & Official Institutions,LNFGFOR,3529000.0
20231231,Loans to Foreign Govts & Official Institutions,LNFGFOR,3891000.0
20230930,Loans to Foreign Govts & Official Institutions,LNFGFOR,2465000.0
20230630,Loans to Foreign Govts & Official Institutions,LNFGFOR,2030000.0
20230331,Loans to Foreign Govts & Official Institutions,LNFGFOR,2340000.0
20260630,Obligations of States & Political Subdivisions in U.S.,LNMUNIF,0.0
20260331,Obligations of States & Political Subdivisions in U.S.,LNMUNIF,0.0
20251231,Obligations of States & Political Subdivisions in U.S.,LNMUNIF,0.0
20250930,Obligations of States & Political Subdivisions in U.S.,LNMUNIF,0.0
20250630,Obligations of States & Political Subdivisions in U.S.,LNMUNIF,0.0
20250331,Obligations of States & Political Subdivisions in U.S.,LNMUNIF,0.0
20241231,Obligations of States & Political Subdivisions in U.S.,LNMUNIF,0.0
20240930,Obligations of States & Political Subdivisions in U.S.,LNMUNIF,0.0
20240630,Obligations of States & Political Subdivisions in U.S.,LNMUNIF,0.0
20240331,Obligations of States & Political Subdivisions in U.S.,LNMUNIF,0.0
20231231,Obligations of States & Political Subdivisions in U.S.,LNMUNIF,0.0
20230930,Obligations of States & Political Subdivisions in U.S.,LNMUNIF,0.0
20230630,Obligations of States & Political Subdivisions in U.S.,LNMUNIF,0.0
20230331,Obligations of States & Political Subdivisions in U.S.,LNMUNIF,0.0
20260630,Other Loans,LNOTHERF,125947000.0
20260331,Other Loans,LNOTHERF,115433000.0
20251231,Other Loans,LNOTHERF,98565000.0
20250930,Other Loans,LNOTHERF,108004000.0
20250630,Other Loans,LNOTHERF,95558000.0
20250331,Other Loans,LNOTHERF,85831000.0
20241231,Other Loans,LNOTHERF,75924000.0
20240930,Other Loans,LNOTHERF,82624000.0
20240630,Other Loans,LNOTHERF,76839000.0
20240331,Other Loans,LNOTHERF,71662000.0
20231231,Other Loans,LNOTHERF,71010000.0
20230930,Other Loans,LNOTHERF,71793000.0
20230630,Other Loans,LNOTHERF,69044000.0
20230331,Other Loans,LNOTHERF,71869000.0
20260630,Lease Financing Receivables,LSFOR,0.0
20260331,Lease Financing Receivables,LSFOR,0.0
20251231,Lease Financing Receivables,LSFOR,0.0
20250930,Lease Financing Receivables,LSFOR,0.0
20250630,Lease Financing Receivables,LSFOR,0.0
20250331,Lease Financing Receivables,LSFOR,0.0
20241231,Lease Financing Receivables,LSFOR,0.0
20240930,Lease Financing Receivables,LSFOR,0.0
20240630,Lease Financing Receivables,LSFOR,0.0
20240331,Lease Financing Receivables,LSFOR,0.0
20231231,Lease Financing Receivables,LSFOR,0.0
20230930,Lease Financing Receivables,LSFOR,0.0
20230630,Lease Financing Receivables,LSFOR,9000.0
20230331,Lease Financing Receivables,LSFOR,0.0
20260630,Maturity & Repricing Data for Loans and Leases,N/A,
20260331,Maturity & Repricing Data for Loans and Leases,N/A,
20251231,Maturity & Repricing Data for Loans and Leases,N/A,
20250930,Maturity & Repricing Data for Loans and Leases,N/A,
20250630,Maturity & Repricing Data for Loans and Leases,N/A,
20250331,Maturity & Repricing Data for Loans and Leases,N/A,
20241231,Maturity & Repricing Data for Loans and Leases,N/A,
20240930,Maturity & Repricing Data for Loans and Leases,N/A,
20240630,Maturity & Repricing Data for Loans and Leases,N/A,
20240331,Maturity & Repricing Data for Loans and Leases,N/A,
20231231,Maturity & Repricing Data for Loans and Leases,N/A,
20230930,Maturity & Repricing Data for Loans and Leases,N/A,
20230630,Maturity & Repricing Data for Loans and Leases,N/A,
20230331,Maturity & Repricing Data for Loans and Leases,N/A,
20260630,Closed-end Loans Secured by First Liens on 1-4 Residential Loans,N/A,
20260331,Closed-end Loans Secured by First Liens on 1-4 Residential Loans,N/A,
20251231,Closed-end Loans Secured by First Liens on 1-4 Residential Loans,N/A,
20250930,Closed-end Loans Secured by First Liens on 1-4 Residential Loans,N/A,
20250630,Closed-end Loans Secured by First Liens on 1-4 Residential Loans,N/A,
20250331,Closed-end Loans Secured by First Liens on 1-4 Residential Loans,N/A,
20241231,Closed-end Loans Secured by First Liens on 1-4 Residential Loans,N/A,
20240930,Closed-end Loans Secured by First Liens on 1-4 Residential Loans,N/A,
20240630,Closed-end Loans Secured by First Liens on 1-4 Residential Loans,N/A,
20240331,Closed-end Loans Secured by First Liens on 1-4 Residential Loans,N/A,
20231231,Closed-end Loans Secured by First Liens on 1-4 Residential Loans,N/A,
20230930,Closed-end Loans Secured by First Liens on 1-4 Residential Loans,N/A,
20230630,Closed-end Loans Secured by First Liens on 1-4 Residential Loans,N/A,
20230331,Closed-end Loans Secured by First Liens on 1-4 Residential Loans,N/A,
20260630,Three Months or Less,LNRS3LES,3624000.0
20260331,Three Months or Less,LNRS3LES,3723000.0
20251231,Three Months or Less,LNRS3LES,3837000.0
20250930,Three Months or Less,LNRS3LES,4038000.0
20250630,Three Months or Less,LNRS3LES,4238000.0
20250331,Three Months or Less,LNRS3LES,4396000.0
20241231,Three Months or Less,LNRS3LES,4578000.0
20240930,Three Months or Less,LNRS3LES,5105000.0
20240630,Three Months or Less,LNRS3LES,4993000.0
20240331,Three Months or Less,LNRS3LES,5067000.0
20231231,Three Months or Less,LNRS3LES,5143000.0
20230930,Three Months or Less,LNRS3LES,5612000.0
20230630,Three Months or Less,LNRS3LES,5734000.0
20230331,Three Months or Less,LNRS3LES,1646000.0
20260630,Over 3 Months Through 12 Months,LNRS3T12,15666000.0
20260331,Over 3 Months Through 12 Months,LNRS3T12,14824000.0
20251231,Over 3 Months Through 12 Months,LNRS3T12,13627000.0
20250930,Over 3 Months Through 12 Months,LNRS3T12,11285000.0
20250630,Over 3 Months Through 12 Months,LNRS3T12,9479000.0
20250331,Over 3 Months Through 12 Months,LNRS3T12,8715000.0
20241231,Over 3 Months Through 12 Months,LNRS3T12,8746000.0
20240930,Over 3 Months Through 12 Months,LNRS3T12,8560000.0
20240630,Over 3 Months Through 12 Months,LNRS3T12,8770000.0
20240331,Over 3 Months Through 12 Months,LNRS3T12,9011000.0
20231231,Over 3 Months Through 12 Months,LNRS3T12,8575000.0
20230930,Over 3 Months Through 12 Months,LNRS3T12,7544000.0
20230630,Over 3 Months Through 12 Months,LNRS3T12,7147000.0
20230331,Over 3 Months Through 12 Months,LNRS3T12,5964000.0
20260630,Over 1 Year Through 3 Years,LNRS1T3,25733000.0
20260331,Over 1 Year Through 3 Years,LNRS1T3,25516000.0
20251231,Over 1 Year Through 3 Years,LNRS1T3,25667000.0
20250930,Over 1 Year Through 3 Years,LNRS1T3,25638000.0
20250630,Over 1 Year Through 3 Years,LNRS1T3,24112000.0
20250331,Over 1 Year Through 3 Years,LNRS1T3,23256000.0
20241231,Over 1 Year Through 3 Years,LNRS1T3,21501000.0
20240930,Over 1 Year Through 3 Years,LNRS1T3,19550000.0
20240630,Over 1 Year Through 3 Years,LNRS1T3,17898000.0
20240331,Over 1 Year Through 3 Years,LNRS1T3,16412000.0
20231231,Over 1 Year Through 3 Years,LNRS1T3,15162000.0
20230930,Over 1 Year Through 3 Years,LNRS1T3,14058000.0
20230630,Over 1 Year Through 3 Years,LNRS1T3,12560000.0
20230331,Over 1 Year Through 3 Years,LNRS1T3,7109000.0
20260630,Over 3 Years Through 5 Years,LNRS3T5,36782000.0
20260331,Over 3 Years Through 5 Years,LNRS3T5,35145000.0
20251231,Over 3 Years Through 5 Years,LNRS3T5,34092000.0
20250930,Over 3 Years Through 5 Years,LNRS3T5,32457000.0
20250630,Over 3 Years Through 5 Years,LNRS3T5,32285000.0
20250331,Over 3 Years Through 5 Years,LNRS3T5,29895000.0
20241231,Over 3 Years Through 5 Years,LNRS3T5,28721000.0
20240930,Over 3 Years Through 5 Years,LNRS3T5,27098000.0
20240630,Over 3 Years Through 5 Years,LNRS3T5,26193000.0
20240331,Over 3 Years Through 5 Years,LNRS3T5,26521000.0
20231231,Over 3 Years Through 5 Years,LNRS3T5,27162000.0
20230930,Over 3 Years Through 5 Years,LNRS3T5,27795000.0
20230630,Over 3 Years Through 5 Years,LNRS3T5,27026000.0
20230331,Over 3 Years Through 5 Years,LNRS3T5,15001000.0
20260630,Over 5 Years Through 15 Years,LNRS5T15,64112000.0
20260331,Over 5 Years Through 15 Years,LNRS5T15,65006000.0
20251231,Over 5 Years Through 15 Years,LNRS5T15,65664000.0
20250930,Over 5 Years Through 15 Years,LNRS5T15,66251000.0
20250630,Over 5 Years Through 15 Years,LNRS5T15,67946000.0
20250331,Over 5 Years Through 15 Years,LNRS5T15,69988000.0
20241231,Over 5 Years Through 15 Years,LNRS5T15,73292000.0
20240930,Over 5 Years Through 15 Years,LNRS5T15,76138000.0
20240630,Over 5 Years Through 15 Years,LNRS5T15,78989000.0
20240331,Over 5 Years Through 15 Years,LNRS5T15,80981000.0
20231231,Over 5 Years Through 15 Years,LNRS5T15,82670000.0
20230930,Over 5 Years Through 15 Years,LNRS5T15,86280000.0
20230630,Over 5 Years Through 15 Years,LNRS5T15,88359000.0
20230331,Over 5 Years Through 15 Years,LNRS5T15,49384000.0
20260630,Over 15 Years,LNRSOV15,156565000.0
20260331,Over 15 Years,LNRSOV15,157799000.0
20251231,Over 15 Years,LNRSOV15,161787000.0
20250930,Over 15 Years,LNRSOV15,161510000.0
20250630,Over 15 Years,LNRSOV15,162409000.0
20250331,Over 15 Years,LNRSOV15,163453000.0
20241231,Over 15 Years,LNRSOV15,165962000.0
20240930,Over 15 Years,LNRSOV15,168702000.0
20240630,Over 15 Years,LNRSOV15,168860000.0
20240331,Over 15 Years,LNRSOV15,171928000.0
20231231,Over 15 Years,LNRSOV15,176080000.0
20230930,Over 15 Years,LNRSOV15,173220000.0
20230630,Over 15 Years,LNRSOV15,173853000.0
20230331,Over 15 Years,LNRSOV15,147950000.0
20260630,All Other Loans Secured by First Liens on 1-4 Residential Loans,N/A,
20260331,All Other Loans Secured by First Liens on 1-4 Residential Loans,N/A,
20251231,All Other Loans Secured by First Liens on 1-4 Residential Loans,N/A,
20250930,All Other Loans Secured by First Liens on 1-4 Residential Loans,N/A,
20250630,All Other Loans Secured by First Liens on 1-4 Residential Loans,N/A,
20250331,All Other Loans Secured by First Liens on 1-4 Residential Loans,N/A,
20241231,All Other Loans Secured by First Liens on 1-4 Residential Loans,N/A,
20240930,All Other Loans Secured by First Liens on 1-4 Residential Loans,N/A,
20240630,All Other Loans Secured by First Liens on 1-4 Residential Loans,N/A,
20240331,All Other Loans Secured by First Liens on 1-4 Residential Loans,N/A,
20231231,All Other Loans Secured by First Liens on 1-4 Residential Loans,N/A,
20230930,All Other Loans Secured by First Liens on 1-4 Residential Loans,N/A,
20230630,All Other Loans Secured by First Liens on 1-4 Residential Loans,N/A,
20230331,All Other Loans Secured by First Liens on 1-4 Residential Loans,N/A,
20260630,Three Months or Less,LNOT3LES,958757000.0
20260331,Three Months or Less,LNOT3LES,920550000.0
20251231,Three Months or Less,LNOT3LES,881309000.0
20250930,Three Months or Less,LNOT3LES,855073000.0
20250630,Three Months or Less,LNOT3LES,810507000.0
20250331,Three Months or Less,LNOT3LES,765999000.0
20241231,Three Months or Less,LNOT3LES,757017000.0
20240930,Three Months or Less,LNOT3LES,747659000.0
20240630,Three Months or Less,LNOT3LES,727056000.0
20240331,Three Months or Less,LNOT3LES,708658000.0
20231231,Three Months or Less,LNOT3LES,709945000.0
20230930,Three Months or Less,LNOT3LES,708619000.0
20230630,Three Months or Less,LNOT3LES,679105000.0
20230331,Three Months or Less,LNOT3LES,648494000.0
20260630,Over 3 Months Through 12 Months,LNOT3T12,66282000.0
20260331,Over 3 Months Through 12 Months,LNOT3T12,59796000.0
20251231,Over 3 Months Through 12 Months,LNOT3T12,62430000.0
20250930,Over 3 Months Through 12 Months,LNOT3T12,54628000.0
20250630,Over 3 Months Through 12 Months,LNOT3T12,52989000.0
20250331,Over 3 Months Through 12 Months,LNOT3T12,48504000.0
20241231,Over 3 Months Through 12 Months,LNOT3T12,47367000.0
20240930,Over 3 Months Through 12 Months,LNOT3T12,49497000.0
20240630,Over 3 Months Through 12 Months,LNOT3T12,48781000.0
20240331,Over 3 Months Through 12 Months,LNOT3T12,44330000.0
20231231,Over 3 Months Through 12 Months,LNOT3T12,46820000.0
20230930,Over 3 Months Through 12 Months,LNOT3T12,41116000.0
20230630,Over 3 Months Through 12 Months,LNOT3T12,46962000.0
20230331,Over 3 Months Through 12 Months,LNOT3T12,42594000.0
20260630,Over 1 Year Through 3 Years,LNOT1T3,75237000.0
20260331,Over 1 Year Through 3 Years,LNOT1T3,76050000.0
20251231,Over 1 Year Through 3 Years,LNOT1T3,79143000.0
20250930,Over 1 Year Through 3 Years,LNOT1T3,82059000.0
20250630,Over 1 Year Through 3 Years,LNOT1T3,92711000.0
20250331,Over 1 Year Through 3 Years,LNOT1T3,85472000.0
20241231,Over 1 Year Through 3 Years,LNOT1T3,84733000.0
20240930,Over 1 Year Through 3 Years,LNOT1T3,82004000.0
20240630,Over 1 Year Through 3 Years,LNOT1T3,80794000.0
20240331,Over 1 Year Through 3 Years,LNOT1T3,74813000.0
20231231,Over 1 Year Through 3 Years,LNOT1T3,71315000.0
20230930,Over 1 Year Through 3 Years,LNOT1T3,64939000.0
20230630,Over 1 Year Through 3 Years,LNOT1T3,67439000.0
20230331,Over 1 Year Through 3 Years,LNOT1T3,55233000.0
20260630,Over 3 Years Through 5 Years,LNOT3T5,70448000.0
20260331,Over 3 Years Through 5 Years,LNOT3T5,72827000.0
20251231,Over 3 Years Through 5 Years,LNOT3T5,73016000.0
20250930,Over 3 Years Through 5 Years,LNOT3T5,73895000.0
20250630,Over 3 Years Through 5 Years,LNOT3T5,73838000.0
20250331,Over 3 Years Through 5 Years,LNOT3T5,72370000.0
20241231,Over 3 Years Through 5 Years,LNOT3T5,71820000.0
20240930,Over 3 Years Through 5 Years,LNOT3T5,71134000.0
20240630,Over 3 Years Through 5 Years,LNOT3T5,70571000.0
20240331,Over 3 Years Through 5 Years,LNOT3T5,74755000.0
20231231,Over 3 Years Through 5 Years,LNOT3T5,77642000.0
20230930,Over 3 Years Through 5 Years,LNOT3T5,82210000.0
20230630,Over 3 Years Through 5 Years,LNOT3T5,92758000.0
20230331,Over 3 Years Through 5 Years,LNOT3T5,84093000.0
20260630,Over 5 Years Through 15 Years,LNOT5T15,67311000.0
20260331,Over 5 Years Through 15 Years,LNOT5T15,66607000.0
20251231,Over 5 Years Through 15 Years,LNOT5T15,68768000.0
20250930,Over 5 Years Through 15 Years,LNOT5T15,68092000.0
20250630,Over 5 Years Through 15 Years,LNOT5T15,72355000.0
20250331,Over 5 Years Through 15 Years,LNOT5T15,73686000.0
20241231,Over 5 Years Through 15 Years,LNOT5T15,74295000.0
20240930,Over 5 Years Through 15 Years,LNOT5T15,76608000.0
20240630,Over 5 Years Through 15 Years,LNOT5T15,81188000.0
20240331,Over 5 Years Through 15 Years,LNOT5T15,87119000.0
20231231,Over 5 Years Through 15 Years,LNOT5T15,92218000.0
20230930,Over 5 Years Through 15 Years,LNOT5T15,90225000.0
20230630,Over 5 Years Through 15 Years,LNOT5T15,90364000.0
20230331,Over 5 Years Through 15 Years,LNOT5T15,67061000.0
20260630,Over 15 Years,LNOTOV15,11572000.0
20260331,Over 15 Years,LNOTOV15,12083000.0
20251231,Over 15 Years,LNOTOV15,18144000.0
20250930,Over 15 Years,LNOTOV15,13659000.0
20250630,Over 15 Years,LNOTOV15,14863000.0
20250331,Over 15 Years,LNOTOV15,13580000.0
20241231,Over 15 Years,LNOTOV15,12958000.0
20240930,Over 15 Years,LNOTOV15,12879000.0
20240630,Over 15 Years,LNOTOV15,12022000.0
20240331,Over 15 Years,LNOTOV15,11973000.0
20231231,Over 15 Years,LNOTOV15,11460000.0
20230930,Over 15 Years,LNOTOV15,9664000.0
20230630,Over 15 Years,LNOTOV15,9553000.0
20230331,Over 15 Years,LNOTOV15,6956000.0
20260630,Small Business Loans (footnote: 4,N/A,
20260331,Small Business Loans (footnote: 4,N/A,
20251231,Small Business Loans (footnote: 4,N/A,
20250930,Small Business Loans (footnote: 4,N/A,
20250630,Small Business Loans (footnote: 4,N/A,
20250331,Small Business Loans (footnote: 4,N/A,
20241231,Small Business Loans (footnote: 4,N/A,
20240930,Small Business Loans (footnote: 4,N/A,
20240630,Small Business Loans (footnote: 4,N/A,
20240331,Small Business Loans (footnote: 4,N/A,
20231231,Small Business Loans (footnote: 4,N/A,
20230930,Small Business Loans (footnote: 4,N/A,
20230630,Small Business Loans (footnote: 4,N/A,
20230331,Small Business Loans (footnote: 4,N/A,
20260630,Total Loans Secured by Nonfarm Nonresidential Properties,LNRENR4,3243000.0
20260331,Total Loans Secured by Nonfarm Nonresidential Properties,LNRENR4,3349000.0
20251231,Total Loans Secured by Nonfarm Nonresidential Properties,LNRENR4,3430000.0
20250930,Total Loans Secured by Nonfarm Nonresidential Properties,LNRENR4,3507000.0
20250630,Total Loans Secured by Nonfarm Nonresidential Properties,LNRENR4,3590000.0
20250331,Total Loans Secured by Nonfarm Nonresidential Properties,LNRENR4,3680000.0
20241231,Total Loans Secured by Nonfarm Nonresidential Properties,LNRENR4,3752000.0
20240930,Total Loans Secured by Nonfarm Nonresidential Properties,LNRENR4,3814000.0
20240630,Total Loans Secured by Nonfarm Nonresidential Properties,LNRENR4,3920000.0
20240331,Total Loans Secured by Nonfarm Nonresidential Properties,LNRENR4,4018000.0
20231231,Total Loans Secured by Nonfarm Nonresidential Properties,LNRENR4,4103000.0
20230930,Total Loans Secured by Nonfarm Nonresidential Properties,LNRENR4,4176000.0
20230630,Total Loans Secured by Nonfarm Nonresidential Properties,LNRENR4,4149000.0
20230331,Total Loans Secured by Nonfarm Nonresidential Properties,LNRENR4,3577000.0
20260630,"Total with Original Amounts of $100,000 or Less",LNRENR1,10000.0
20260331,"Total with Original Amounts of $100,000 or Less",LNRENR1,10000.0
20251231,"Total with Original Amounts of $100,000 or Less",LNRENR1,11000.0
20250930,"Total with Original Amounts of $100,000 or Less",LNRENR1,11000.0
20250630,"Total with Original Amounts of $100,000 or Less",LNRENR1,11000.0
20250331,"Total with Original Amounts of $100,000 or Less",LNRENR1,12000.0
20241231,"Total with Original Amounts of $100,000 or Less",LNRENR1,13000.0
20240930,"Total with Original Amounts of $100,000 or Less",LNRENR1,13000.0
20240630,"Total with Original Amounts of $100,000 or Less",LNRENR1,13000.0
20240331,"Total with Original Amounts of $100,000 or Less",LNRENR1,14000.0
20231231,"Total with Original Amounts of $100,000 or Less",LNRENR1,15000.0
20230930,"Total with Original Amounts of $100,000 or Less",LNRENR1,15000.0
20230630,"Total with Original Amounts of $100,000 or Less",LNRENR1,16000.0
20230331,"Total with Original Amounts of $100,000 or Less",LNRENR1,13000.0
20260630,"Total with Original Amounts of More Than $100,000 Through $250,000",LNRENR2,150000.0
20260331,"Total with Original Amounts of More Than $100,000 Through $250,000",LNRENR2,158000.0
20251231,"Total with Original Amounts of More Than $100,000 Through $250,000",LNRENR2,165000.0
20250930,"Total with Original Amounts of More Than $100,000 Through $250,000",LNRENR2,176000.0
20250630,"Total with Original Amounts of More Than $100,000 Through $250,000",LNRENR2,187000.0
20250331,"Total with Original Amounts of More Than $100,000 Through $250,000",LNRENR2,197000.0
20241231,"Total with Original Amounts of More Than $100,000 Through $250,000",LNRENR2,205000.0
20240930,"Total with Original Amounts of More Than $100,000 Through $250,000",LNRENR2,212000.0
20240630,"Total with Original Amounts of More Than $100,000 Through $250,000",LNRENR2,221000.0
20240331,"Total with Original Amounts of More Than $100,000 Through $250,000",LNRENR2,227000.0
20231231,"Total with Original Amounts of More Than $100,000 Through $250,000",LNRENR2,236000.0
20230930,"Total with Original Amounts of More Than $100,000 Through $250,000",LNRENR2,244000.0
20230630,"Total with Original Amounts of More Than $100,000 Through $250,000",LNRENR2,251000.0
20230331,"Total with Original Amounts of More Than $100,000 Through $250,000",LNRENR2,236000.0
20260630,"Total with Original Amounts of More Than $250,000 Through $1,000,000",LNRENR3,3083000.0
20260331,"Total with Original Amounts of More Than $250,000 Through $1,000,000",LNRENR3,3181000.0
20251231,"Total with Original Amounts of More Than $250,000 Through $1,000,000",LNRENR3,3254000.0
20250930,"Total with Original Amounts of More Than $250,000 Through $1,000,000",LNRENR3,3320000.0
20250630,"Total with Original Amounts of More Than $250,000 Through $1,000,000",LNRENR3,3392000.0
20250331,"Total with Original Amounts of More Than $250,000 Through $1,000,000",LNRENR3,3471000.0
20241231,"Total with Original Amounts of More Than $250,000 Through $1,000,000",LNRENR3,3534000.0
20240930,"Total with Original Amounts of More Than $250,000 Through $1,000,000",LNRENR3,3589000.0
20240630,"Total with Original Amounts of More Than $250,000 Through $1,000,000",LNRENR3,3686000.0
20240331,"Total with Original Amounts of More Than $250,000 Through $1,000,000",LNRENR3,3777000.0
20231231,"Total with Original Amounts of More Than $250,000 Through $1,000,000",LNRENR3,3852000.0
20230930,"Total with Original Amounts of More Than $250,000 Through $1,000,000",LNRENR3,3917000.0
20230630,"Total with Original Amounts of More Than $250,000 Through $1,000,000",LNRENR3,3882000.0
20230331,"Total with Original Amounts of More Than $250,000 Through $1,000,000",LNRENR3,3328000.0
20260630,Total Loans Secured Commercial and Industrial Loans to U.S. Addressees,LNCI4,41418000.0
20260331,Total Loans Secured Commercial and Industrial Loans to U.S. Addressees,LNCI4,40750000.0
20251231,Total Loans Secured Commercial and Industrial Loans to U.S. Addressees,LNCI4,39729000.0
20250930,Total Loans Secured Commercial and Industrial Loans to U.S. Addressees,LNCI4,39603000.0
20250630,Total Loans Secured Commercial and Industrial Loans to U.S. Addressees,LNCI4,39152000.0
20250331,Total Loans Secured Commercial and Industrial Loans to U.S. Addressees,LNCI4,38345000.0
20241231,Total Loans Secured Commercial and Industrial Loans to U.S. Addressees,LNCI4,37113000.0
20240930,Total Loans Secured Commercial and Industrial Loans to U.S. Addressees,LNCI4,36813000.0
20240630,Total Loans Secured Commercial and Industrial Loans to U.S. Addressees,LNCI4,35956000.0
20240331,Total Loans Secured Commercial and Industrial Loans to U.S. Addressees,LNCI4,34394000.0
20231231,Total Loans Secured Commercial and Industrial Loans to U.S. Addressees,LNCI4,32414000.0
20230930,Total Loans Secured Commercial and Industrial Loans to U.S. Addressees,LNCI4,31370000.0
20230630,Total Loans Secured Commercial and Industrial Loans to U.S. Addressees,LNCI4,29801000.0
20230331,Total Loans Secured Commercial and Industrial Loans to U.S. Addressees,LNCI4,28102000.0
20260630,"Total with Original Amounts of $100,000 or Less",LNCI1,32677000.0
20260331,"Total with Original Amounts of $100,000 or Less",LNCI1,32202000.0
20251231,"Total with Original Amounts of $100,000 or Less",LNCI1,31473000.0
20250930,"Total with Original Amounts of $100,000 or Less",LNCI1,31358000.0
20250630,"Total with Original Amounts of $100,000 or Less",LNCI1,30969000.0
20250331,"Total with Original Amounts of $100,000 or Less",LNCI1,30386000.0
20241231,"Total with Original Amounts of $100,000 or Less",LNCI1,29510000.0
20240930,"Total with Original Amounts of $100,000 or Less",LNCI1,29368000.0
20240630,"Total with Original Amounts of $100,000 or Less",LNCI1,28802000.0
20240331,"Total with Original Amounts of $100,000 or Less",LNCI1,27582000.0
20231231,"Total with Original Amounts of $100,000 or Less",LNCI1,26016000.0
20230930,"Total with Original Amounts of $100,000 or Less",LNCI1,25254000.0
20230630,"Total with Original Amounts of $100,000 or Less",LNCI1,24023000.0
20230331,"Total with Original Amounts of $100,000 or Less",LNCI1,23403000.0
20260630,"Total with Original Amounts of More Than $100,000 Through $250,000",LNCI2,6634000.0
20260331,"Total with Original Amounts of More Than $100,000 Through $250,000",LNCI2,6427000.0
20251231,"Total with Original Amounts of More Than $100,000 Through $250,000",LNCI2,6123000.0
20250930,"Total with Original Amounts of More Than $100,000 Through $250,000",LNCI2,6004000.0
20250630,"Total with Original Amounts of More Than $100,000 Through $250,000",LNCI2,5939000.0
20250331,"Total with Original Amounts of More Than $100,000 Through $250,000",LNCI2,5752000.0
20241231,"Total with Original Amounts of More Than $100,000 Through $250,000",LNCI2,5378000.0
20240930,"Total with Original Amounts of More Than $100,000 Through $250,000",LNCI2,5231000.0
20240630,"Total with Original Amounts of More Than $100,000 Through $250,000",LNCI2,4937000.0
20240331,"Total with Original Amounts of More Than $100,000 Through $250,000",LNCI2,4585000.0
20231231,"Total with Original Amounts of More Than $100,000 Through $250,000",LNCI2,4181000.0
20230930,"Total with Original Amounts of More Than $100,000 Through $250,000",LNCI2,3907000.0
20230630,"Total with Original Amounts of More Than $100,000 Through $250,000",LNCI2,3519000.0
20230331,"Total with Original Amounts of More Than $100,000 Through $250,000",LNCI2,2410000.0
20260630,"Total with Original Amounts of More Than $250,000 Through $1,000,000",LNCI3,2107000.0
20260331,"Total with Original Amounts of More Than $250,000 Through $1,000,000",LNCI3,2121000.0
20251231,"Total with Original Amounts of More Than $250,000 Through $1,000,000",LNCI3,2133000.0
20250930,"Total with Original Amounts of More Than $250,000 Through $1,000,000",LNCI3,2241000.0
20250630,"Total with Original Amounts of More Than $250,000 Through $1,000,000",LNCI3,2244000.0
20250331,"Total with Original Amounts of More Than $250,000 Through $1,000,000",LNCI3,2207000.0
20241231,"Total with Original Amounts of More Than $250,000 Through $1,000,000",LNCI3,2225000.0
20240930,"Total with Original Amounts of More Than $250,000 Through $1,000,000",LNCI3,2214000.0
20240630,"Total with Original Amounts of More Than $250,000 Through $1,000,000",LNCI3,2217000.0
20240331,"Total with Original Amounts of More Than $250,000 Through $1,000,000",LNCI3,2227000.0
20231231,"Total with Original Amounts of More Than $250,000 Through $1,000,000",LNCI3,2217000.0
20230930,"Total with Original Amounts of More Than $250,000 Through $1,000,000",LNCI3,2209000.0
20230630,"Total with Original Amounts of More Than $250,000 Through $1,000,000",LNCI3,2259000.0
20230331,"Total with Original Amounts of More Than $250,000 Through $1,000,000",LNCI3,2289000.0
20260630,Total Loans Secured by Farmland (Including Farm Residential and Other Improvements),LNREAG4,2000.0
20260331,Total Loans Secured by Farmland (Including Farm Residential and Other Improvements),LNREAG4,2000.0
20251231,Total Loans Secured by Farmland (Including Farm Residential and Other Improvements),LNREAG4,2000.0
20250930,Total Loans Secured by Farmland (Including Farm Residential and Other Improvements),LNREAG4,3000.0
20250630,Total Loans Secured by Farmland (Including Farm Residential and Other Improvements),LNREAG4,3000.0
20250331,Total Loans Secured by Farmland (Including Farm Residential and Other Improvements),LNREAG4,3000.0
20241231,Total Loans Secured by Farmland (Including Farm Residential and Other Improvements),LNREAG4,3000.0
20240930,Total Loans Secured by Farmland (Including Farm Residential and Other Improvements),LNREAG4,3000.0
20240630,Total Loans Secured by Farmland (Including Farm Residential and Other Improvements),LNREAG4,3000.0
20240331,Total Loans Secured by Farmland (Including Farm Residential and Other Improvements),LNREAG4,4000.0
20231231,Total Loans Secured by Farmland (Including Farm Residential and Other Improvements),LNREAG4,5000.0
20230930,Total Loans Secured by Farmland (Including Farm Residential and Other Improvements),LNREAG4,5000.0
20230630,Total Loans Secured by Farmland (Including Farm Residential and Other Improvements),LNREAG4,5000.0
20230331,Total Loans Secured by Farmland (Including Farm Residential and Other Improvements),LNREAG4,4000.0
20260630,"Total with Original Amounts of $100,000 or Less",LNREAG1,0.0
20260331,"Total with Original Amounts of $100,000 or Less",LNREAG1,0.0
20251231,"Total with Original Amounts of $100,000 or Less",LNREAG1,0.0
20250930,"Total with Original Amounts of $100,000 or Less",LNREAG1,0.0
20250630,"Total with Original Amounts of $100,000 or Less",LNREAG1,0.0
20250331,"Total with Original Amounts of $100,000 or Less",LNREAG1,0.0
20241231,"Total with Original Amounts of $100,000 or Less",LNREAG1,0.0
20240930,"Total with Original Amounts of $100,000 or Less",LNREAG1,0.0
20240630,"Total with Original Amounts of $100,000 or Less",LNREAG1,0.0
20240331,"Total with Original Amounts of $100,000 or Less",LNREAG1,0.0
20231231,"Total with Original Amounts of $100,000 or Less",LNREAG1,0.0
20230930,"Total with Original Amounts of $100,000 or Less",LNREAG1,0.0
20230630,"Total with Original Amounts of $100,000 or Less",LNREAG1,0.0
20230331,"Total with Original Amounts of $100,000 or Less",LNREAG1,0.0
20260630,"Total with Original Amounts of More Than $100,000 Through $250,000",LNREAG2,0.0
20260331,"Total with Original Amounts of More Than $100,000 Through $250,000",LNREAG2,0.0
20251231,"Total with Original Amounts of More Than $100,000 Through $250,000",LNREAG2,0.0
20250930,"Total with Original Amounts of More Than $100,000 Through $250,000",LNREAG2,1000.0
20250630,"Total with Original Amounts of More Than $100,000 Through $250,000",LNREAG2,1000.0
20250331,"Total with Original Amounts of More Than $100,000 Through $250,000",LNREAG2,1000.0
20241231,"Total with Original Amounts of More Than $100,000 Through $250,000",LNREAG2,1000.0
20240930,"Total with Original Amounts of More Than $100,000 Through $250,000",LNREAG2,1000.0
20240630,"Total with Original Amounts of More Than $100,000 Through $250,000",LNREAG2,1000.0
20240331,"Total with Original Amounts of More Than $100,000 Through $250,000",LNREAG2,1000.0
20231231,"Total with Original Amounts of More Than $100,000 Through $250,000",LNREAG2,1000.0
20230930,"Total with Original Amounts of More Than $100,000 Through $250,000",LNREAG2,1000.0
20230630,"Total with Original Amounts of More Than $100,000 Through $250,000",LNREAG2,1000.0
20230331,"Total with Original Amounts of More Than $100,000 Through $250,000",LNREAG2,1000.0
20260630,"Total with Original Amounts of More Than $250,000 Through $1,000,000",LNREAG3,2000.0
20260331,"Total with Original Amounts of More Than $250,000 Through $1,000,000",LNREAG3,2000.0
20251231,"Total with Original Amounts of More Than $250,000 Through $1,000,000",LNREAG3,2000.0
20250930,"Total with Original Amounts of More Than $250,000 Through $1,000,000",LNREAG3,2000.0
20250630,"Total with Original Amounts of More Than $250,000 Through $1,000,000",LNREAG3,2000.0
20250331,"Total with Original Amounts of More Than $250,000 Through $1,000,000",LNREAG3,2000.0
20241231,"Total with Original Amounts of More Than $250,000 Through $1,000,000",LNREAG3,2000.0
20240930,"Total with Original Amounts of More Than $250,000 Through $1,000,000",LNREAG3,2000.0
20240630,"Total with Original Amounts of More Than $250,000 Through $1,000,000",LNREAG3,2000.0
20240331,"Total with Original Amounts of More Than $250,000 Through $1,000,000",LNREAG3,3000.0
20231231,"Total with Original Amounts of More Than $250,000 Through $1,000,000",LNREAG3,4000.0
20230930,"Total with Original Amounts of More Than $250,000 Through $1,000,000",LNREAG3,4000.0
20230630,"Total with Original Amounts of More Than $250,000 Through $1,000,000",LNREAG3,4000.0
20230331,"Total with Original Amounts of More Than $250,000 Through $1,000,000",LNREAG3,3000.0
20260630,Total Loans to Finance Agriculture Production and Other Loans to Farmers,LNAG4,454000.0
20260331,Total Loans to Finance Agriculture Production and Other Loans to Farmers,LNAG4,436000.0
20251231,Total Loans to Finance Agriculture Production and Other Loans to Farmers,LNAG4,414000.0
20250930,Total Loans to Finance Agriculture Production and Other Loans to Farmers,LNAG4,425000.0
20250630,Total Loans to Finance Agriculture Production and Other Loans to Farmers,LNAG4,422000.0
20250331,Total Loans to Finance Agriculture Production and Other Loans to Farmers,LNAG4,403000.0
20241231,Total Loans to Finance Agriculture Production and Other Loans to Farmers,LNAG4,382000.0
20240930,Total Loans to Finance Agriculture Production and Other Loans to Farmers,LNAG4,399000.0
20240630,Total Loans to Finance Agriculture Production and Other Loans to Farmers,LNAG4,394000.0
20240331,Total Loans to Finance Agriculture Production and Other Loans to Farmers,LNAG4,373000.0
20231231,Total Loans to Finance Agriculture Production and Other Loans to Farmers,LNAG4,349000.0
20230930,Total Loans to Finance Agriculture Production and Other Loans to Farmers,LNAG4,355000.0
20230630,Total Loans to Finance Agriculture Production and Other Loans to Farmers,LNAG4,341000.0
20230331,Total Loans to Finance Agriculture Production and Other Loans to Farmers,LNAG4,313000.0
20260630,"Total with Original Amounts of $100,000 or Less",LNAG1,410000.0
20260331,"Total with Original Amounts of $100,000 or Less",LNAG1,395000.0
20251231,"Total with Original Amounts of $100,000 or Less",LNAG1,379000.0
20250930,"Total with Original Amounts of $100,000 or Less",LNAG1,390000.0
20250630,"Total with Original Amounts of $100,000 or Less",LNAG1,387000.0
20250331,"Total with Original Amounts of $100,000 or Less",LNAG1,375000.0
20241231,"Total with Original Amounts of $100,000 or Less",LNAG1,357000.0
20240930,"Total with Original Amounts of $100,000 or Less",LNAG1,374000.0
20240630,"Total with Original Amounts of $100,000 or Less",LNAG1,369000.0
20240331,"Total with Original Amounts of $100,000 or Less",LNAG1,351000.0
20231231,"Total with Original Amounts of $100,000 or Less",LNAG1,329000.0
20230930,"Total with Original Amounts of $100,000 or Less",LNAG1,336000.0
20230630,"Total with Original Amounts of $100,000 or Less",LNAG1,323000.0
20230331,"Total with Original Amounts of $100,000 or Less",LNAG1,305000.0
20260630,"Total with Original Amounts of More Than $100,000 Through $250,000",LNAG2,42000.0
20260331,"Total with Original Amounts of More Than $100,000 Through $250,000",LNAG2,39000.0
20251231,"Total with Original Amounts of More Than $100,000 Through $250,000",LNAG2,34000.0
20250930,"Total with Original Amounts of More Than $100,000 Through $250,000",LNAG2,33000.0
20250630,"Total with Original Amounts of More Than $100,000 Through $250,000",LNAG2,32000.0
20250331,"Total with Original Amounts of More Than $100,000 Through $250,000",LNAG2,26000.0
20241231,"Total with Original Amounts of More Than $100,000 Through $250,000",LNAG2,24000.0
20240930,"Total with Original Amounts of More Than $100,000 Through $250,000",LNAG2,23000.0
20240630,"Total with Original Amounts of More Than $100,000 Through $250,000",LNAG2,22000.0
20240331,"Total with Original Amounts of More Than $100,000 Through $250,000",LNAG2,19000.0
20231231,"Total with Original Amounts of More Than $100,000 Through $250,000",LNAG2,17000.0
20230930,"Total with Original Amounts of More Than $100,000 Through $250,000",LNAG2,16000.0
20230630,"Total with Original Amounts of More Than $100,000 Through $250,000",LNAG2,15000.0
20230331,"Total with Original Amounts of More Than $100,000 Through $250,000",LNAG2,6000.0
20260630,"Total with Original Amounts of More Than $250,000 Through $1,000,000",LNAG3,2000.0
20260331,"Total with Original Amounts of More Than $250,000 Through $1,000,000",LNAG3,2000.0
20251231,"Total with Original Amounts of More Than $250,000 Through $1,000,000",LNAG3,1000.0
20250930,"Total with Original Amounts of More Than $250,000 Through $1,000,000",LNAG3,2000.0
20250630,"Total with Original Amounts of More Than $250,000 Through $1,000,000",LNAG3,3000.0
20250331,"Total with Original Amounts of More Than $250,000 Through $1,000,000",LNAG3,2000.0
20241231,"Total with Original Amounts of More Than $250,000 Through $1,000,000",LNAG3,1000.0
20240930,"Total with Original Amounts of More Than $250,000 Through $1,000,000",LNAG3,2000.0
20240630,"Total with Original Amounts of More Than $250,000 Through $1,000,000",LNAG3,3000.0
20240331,"Total with Original Amounts of More Than $250,000 Through $1,000,000",LNAG3,3000.0
20231231,"Total with Original Amounts of More Than $250,000 Through $1,000,000",LNAG3,3000.0
20230930,"Total with Original Amounts of More Than $250,000 Through $1,000,000",LNAG3,3000.0
20230630,"Total with Original Amounts of More Than $250,000 Through $1,000,000",LNAG3,3000.0
20230331,"Total with Original Amounts of More Than $250,000 Through $1,000,000",LNAG3,2000.0
20260630,Number Loans Secured by Nonfarm Nonresidential Properties,LNRENR4N,9404.0
20260331,Number Loans Secured by Nonfarm Nonresidential Properties,LNRENR4N,9683.0
20251231,Number Loans Secured by Nonfarm Nonresidential Properties,LNRENR4N,9966.0
20250930,Number Loans Secured by Nonfarm Nonresidential Properties,LNRENR4N,10194.0
20250630,Number Loans Secured by Nonfarm Nonresidential Properties,LNRENR4N,10431.0
20250331,Number Loans Secured by Nonfarm Nonresidential Properties,LNRENR4N,10664.0
20241231,Number Loans Secured by Nonfarm Nonresidential Properties,LNRENR4N,10897.0
20240930,Number Loans Secured by Nonfarm Nonresidential Properties,LNRENR4N,10903.0
20240630,Number Loans Secured by Nonfarm Nonresidential Properties,LNRENR4N,11197.0
20240331,Number Loans Secured by Nonfarm Nonresidential Properties,LNRENR4N,11443.0
20231231,Number Loans Secured by Nonfarm Nonresidential Properties,LNRENR4N,11683.0
20230930,Number Loans Secured by Nonfarm Nonresidential Properties,LNRENR4N,11935.0
20230630,Number Loans Secured by Nonfarm Nonresidential Properties,LNRENR4N,11781.0
20230331,Number Loans Secured by Nonfarm Nonresidential Properties,LNRENR4N,10837.0
20260630,"Number with Original Amounts of $100,000 or Less",LNRENR1N,337.0
20260331,"Number with Original Amounts of $100,000 or Less",LNRENR1N,346.0
20251231,"Number with Original Amounts of $100,000 or Less",LNRENR1N,365.0
20250930,"Number with Original Amounts of $100,000 or Less",LNRENR1N,380.0
20250630,"Number with Original Amounts of $100,000 or Less",LNRENR1N,389.0
20250331,"Number with Original Amounts of $100,000 or Less",LNRENR1N,404.0
20241231,"Number with Original Amounts of $100,000 or Less",LNRENR1N,420.0
20240930,"Number with Original Amounts of $100,000 or Less",LNRENR1N,440.0
20240630,"Number with Original Amounts of $100,000 or Less",LNRENR1N,440.0
20240331,"Number with Original Amounts of $100,000 or Less",LNRENR1N,465.0
20231231,"Number with Original Amounts of $100,000 or Less",LNRENR1N,483.0
20230930,"Number with Original Amounts of $100,000 or Less",LNRENR1N,478.0
20230630,"Number with Original Amounts of $100,000 or Less",LNRENR1N,494.0
20230331,"Number with Original Amounts of $100,000 or Less",LNRENR1N,414.0
20260630,"Number with Original Amounts of More Than $100,000 Through $250,000",LNRENR2N,1532.0
20260331,"Number with Original Amounts of More Than $100,000 Through $250,000",LNRENR2N,1608.0
20251231,"Number with Original Amounts of More Than $100,000 Through $250,000",LNRENR2N,1693.0
20250930,"Number with Original Amounts of More Than $100,000 Through $250,000",LNRENR2N,1771.0
20250630,"Number with Original Amounts of More Than $100,000 Through $250,000",LNRENR2N,1862.0
20250331,"Number with Original Amounts of More Than $100,000 Through $250,000",LNRENR2N,1935.0
20241231,"Number with Original Amounts of More Than $100,000 Through $250,000",LNRENR2N,1983.0
20240930,"Number with Original Amounts of More Than $100,000 Through $250,000",LNRENR2N,2039.0
20240630,"Number with Original Amounts of More Than $100,000 Through $250,000",LNRENR2N,2101.0
20240331,"Number with Original Amounts of More Than $100,000 Through $250,000",LNRENR2N,2155.0
20231231,"Number with Original Amounts of More Than $100,000 Through $250,000",LNRENR2N,2224.0
20230930,"Number with Original Amounts of More Than $100,000 Through $250,000",LNRENR2N,2299.0
20230630,"Number with Original Amounts of More Than $100,000 Through $250,000",LNRENR2N,2350.0
20230331,"Number with Original Amounts of More Than $100,000 Through $250,000",LNRENR2N,2270.0
20260630,"Number with Original Amounts of More Than $250,000 Through $1,000,000",LNRENR3N,7535.0
20260331,"Number with Original Amounts of More Than $250,000 Through $1,000,000",LNRENR3N,7729.0
20251231,"Number with Original Amounts of More Than $250,000 Through $1,000,000",LNRENR3N,7908.0
20250930,"Number with Original Amounts of More Than $250,000 Through $1,000,000",LNRENR3N,8043.0
20250630,"Number with Original Amounts of More Than $250,000 Through $1,000,000",LNRENR3N,8180.0
20250331,"Number with Original Amounts of More Than $250,000 Through $1,000,000",LNRENR3N,8325.0
20241231,"Number with Original Amounts of More Than $250,000 Through $1,000,000",LNRENR3N,8494.0
20240930,"Number with Original Amounts of More Than $250,000 Through $1,000,000",LNRENR3N,8424.0
20240630,"Number with Original Amounts of More Than $250,000 Through $1,000,000",LNRENR3N,8656.0
20240331,"Number with Original Amounts of More Than $250,000 Through $1,000,000",LNRENR3N,8823.0
20231231,"Number with Original Amounts of More Than $250,000 Through $1,000,000",LNRENR3N,8976.0
20230930,"Number with Original Amounts of More Than $250,000 Through $1,000,000",LNRENR3N,9158.0
20230630,"Number with Original Amounts of More Than $250,000 Through $1,000,000",LNRENR3N,8937.0
20230331,"Number with Original Amounts of More Than $250,000 Through $1,000,000",LNRENR3N,8153.0
20260630,Number Loans Secured Commercial and Industrial Loans to U.S. Addressees,LNCI4N,4121593.0
20260331,Number Loans Secured Commercial and Industrial Loans to U.S. Addressees,LNCI4N,4064986.0
20251231,Number Loans Secured Commercial and Industrial Loans to U.S. Addressees,LNCI4N,3984630.0
20250930,Number Loans Secured Commercial and Industrial Loans to U.S. Addressees,LNCI4N,3950493.0
20250630,Number Loans Secured Commercial and Industrial Loans to U.S. Addressees,LNCI4N,3872885.0
20250331,Number Loans Secured Commercial and Industrial Loans to U.S. Addressees,LNCI4N,3805110.0
20241231,Number Loans Secured Commercial and Industrial Loans to U.S. Addressees,LNCI4N,3708629.0
20240930,Number Loans Secured Commercial and Industrial Loans to U.S. Addressees,LNCI4N,3686469.0
20240630,Number Loans Secured Commercial and Industrial Loans to U.S. Addressees,LNCI4N,3536679.0
20240331,Number Loans Secured Commercial and Industrial Loans to U.S. Addressees,LNCI4N,3419661.0
20231231,Number Loans Secured Commercial and Industrial Loans to U.S. Addressees,LNCI4N,3233501.0
20230930,Number Loans Secured Commercial and Industrial Loans to U.S. Addressees,LNCI4N,3105608.0
20230630,Number Loans Secured Commercial and Industrial Loans to U.S. Addressees,LNCI4N,2971727.0
20230331,Number Loans Secured Commercial and Industrial Loans to U.S. Addressees,LNCI4N,2951526.0
20260630,"Number with Original Amounts of $100,000 or Less",LNCI1N,3994625.0
20260331,"Number with Original Amounts of $100,000 or Less",LNCI1N,3942551.0
20251231,"Number with Original Amounts of $100,000 or Less",LNCI1N,3867248.0
20250930,"Number with Original Amounts of $100,000 or Less",LNCI1N,3835691.0
20250630,"Number with Original Amounts of $100,000 or Less",LNCI1N,3760378.0
20250331,"Number with Original Amounts of $100,000 or Less",LNCI1N,3697087.0
20241231,"Number with Original Amounts of $100,000 or Less",LNCI1N,3606999.0
20240930,"Number with Original Amounts of $100,000 or Less",LNCI1N,3587924.0
20240630,"Number with Original Amounts of $100,000 or Less",LNCI1N,3444230.0
20240331,"Number with Original Amounts of $100,000 or Less",LNCI1N,3332259.0
20231231,"Number with Original Amounts of $100,000 or Less",LNCI1N,3150897.0
20230930,"Number with Original Amounts of $100,000 or Less",LNCI1N,3026151.0
20230630,"Number with Original Amounts of $100,000 or Less",LNCI1N,2899186.0
20230331,"Number with Original Amounts of $100,000 or Less",LNCI1N,2903524.0
20260630,"Number with Original Amounts of More Than $100,000 Through $250,000",LNCI2N,112858.0
20260331,"Number with Original Amounts of More Than $100,000 Through $250,000",LNCI2N,108252.0
20251231,"Number with Original Amounts of More Than $100,000 Through $250,000",LNCI2N,103015.0
20250930,"Number with Original Amounts of More Than $100,000 Through $250,000",LNCI2N,99792.0
20250630,"Number with Original Amounts of More Than $100,000 Through $250,000",LNCI2N,97444.0
20250331,"Number with Original Amounts of More Than $100,000 Through $250,000",LNCI2N,93064.0
20241231,"Number with Original Amounts of More Than $100,000 Through $250,000",LNCI2N,86700.0
20240930,"Number with Original Amounts of More Than $100,000 Through $250,000",LNCI2N,83634.0
20240630,"Number with Original Amounts of More Than $100,000 Through $250,000",LNCI2N,77537.0
20240331,"Number with Original Amounts of More Than $100,000 Through $250,000",LNCI2N,72504.0
20231231,"Number with Original Amounts of More Than $100,000 Through $250,000",LNCI2N,67589.0
20230930,"Number with Original Amounts of More Than $100,000 Through $250,000",LNCI2N,63820.0
20230630,"Number with Original Amounts of More Than $100,000 Through $250,000",LNCI2N,57596.0
20230331,"Number with Original Amounts of More Than $100,000 Through $250,000",LNCI2N,33513.0
20260630,"Number with Original Amounts of More Than $250,000 Through $1,000,000",LNCI3N,14110.0
20260331,"Number with Original Amounts of More Than $250,000 Through $1,000,000",LNCI3N,14183.0
20251231,"Number with Original Amounts of More Than $250,000 Through $1,000,000",LNCI3N,14367.0
20250930,"Number with Original Amounts of More Than $250,000 Through $1,000,000",LNCI3N,15010.0
20250630,"Number with Original Amounts of More Than $250,000 Through $1,000,000",LNCI3N,15063.0
20250331,"Number with Original Amounts of More Than $250,000 Through $1,000,000",LNCI3N,14959.0
20241231,"Number with Original Amounts of More Than $250,000 Through $1,000,000",LNCI3N,14930.0
20240930,"Number with Original Amounts of More Than $250,000 Through $1,000,000",LNCI3N,14911.0
20240630,"Number with Original Amounts of More Than $250,000 Through $1,000,000",LNCI3N,14912.0
20240331,"Number with Original Amounts of More Than $250,000 Through $1,000,000",LNCI3N,14898.0
20231231,"Number with Original Amounts of More Than $250,000 Through $1,000,000",LNCI3N,15015.0
20230930,"Number with Original Amounts of More Than $250,000 Through $1,000,000",LNCI3N,15637.0
20230630,"Number with Original Amounts of More Than $250,000 Through $1,000,000",LNCI3N,14945.0
20230331,"Number with Original Amounts of More Than $250,000 Through $1,000,000",LNCI3N,14489.0
20260630,Number Loans Secured by Farmland (Including Farm Residential and Other Improvements),LNREAG4N,22.0
20260331,Number Loans Secured by Farmland (Including Farm Residential and Other Improvements),LNREAG4N,22.0
20251231,Number Loans Secured by Farmland (Including Farm Residential and Other Improvements),LNREAG4N,22.0
20250930,Number Loans Secured by Farmland (Including Farm Residential and Other Improvements),LNREAG4N,24.0
20250630,Number Loans Secured by Farmland (Including Farm Residential and Other Improvements),LNREAG4N,24.0
20250331,Number Loans Secured by Farmland (Including Farm Residential and Other Improvements),LNREAG4N,27.0
20241231,Number Loans Secured by Farmland (Including Farm Residential and Other Improvements),LNREAG4N,28.0
20240930,Number Loans Secured by Farmland (Including Farm Residential and Other Improvements),LNREAG4N,27.0
20240630,Number Loans Secured by Farmland (Including Farm Residential and Other Improvements),LNREAG4N,28.0
20240331,Number Loans Secured by Farmland (Including Farm Residential and Other Improvements),LNREAG4N,30.0
20231231,Number Loans Secured by Farmland (Including Farm Residential and Other Improvements),LNREAG4N,34.0
20230930,Number Loans Secured by Farmland (Including Farm Residential and Other Improvements),LNREAG4N,39.0
20230630,Number Loans Secured by Farmland (Including Farm Residential and Other Improvements),LNREAG4N,38.0
20230331,Number Loans Secured by Farmland (Including Farm Residential and Other Improvements),LNREAG4N,36.0
20260630,"Number with Original Amounts of $100,000 or Less",LNREAG1N,3.0
20260331,"Number with Original Amounts of $100,000 or Less",LNREAG1N,3.0
20251231,"Number with Original Amounts of $100,000 or Less",LNREAG1N,3.0
20250930,"Number with Original Amounts of $100,000 or Less",LNREAG1N,3.0
20250630,"Number with Original Amounts of $100,000 or Less",LNREAG1N,3.0
20250331,"Number with Original Amounts of $100,000 or Less",LNREAG1N,3.0
20241231,"Number with Original Amounts of $100,000 or Less",LNREAG1N,3.0
20240930,"Number with Original Amounts of $100,000 or Less",LNREAG1N,3.0
20240630,"Number with Original Amounts of $100,000 or Less",LNREAG1N,3.0
20240331,"Number with Original Amounts of $100,000 or Less",LNREAG1N,3.0
20231231,"Number with Original Amounts of $100,000 or Less",LNREAG1N,3.0
20230930,"Number with Original Amounts of $100,000 or Less",LNREAG1N,6.0
20230630,"Number with Original Amounts of $100,000 or Less",LNREAG1N,5.0
20230331,"Number with Original Amounts of $100,000 or Less",LNREAG1N,5.0
20260630,"Number with Original Amounts of More Than $100,000 Through $250,000",LNREAG2N,8.0
20260331,"Number with Original Amounts of More Than $100,000 Through $250,000",LNREAG2N,8.0
20251231,"Number with Original Amounts of More Than $100,000 Through $250,000",LNREAG2N,8.0
20250930,"Number with Original Amounts of More Than $100,000 Through $250,000",LNREAG2N,9.0
20250630,"Number with Original Amounts of More Than $100,000 Through $250,000",LNREAG2N,9.0
20250331,"Number with Original Amounts of More Than $100,000 Through $250,000",LNREAG2N,11.0
20241231,"Number with Original Amounts of More Than $100,000 Through $250,000",LNREAG2N,11.0
20240930,"Number with Original Amounts of More Than $100,000 Through $250,000",LNREAG2N,12.0
20240630,"Number with Original Amounts of More Than $100,000 Through $250,000",LNREAG2N,12.0
20240331,"Number with Original Amounts of More Than $100,000 Through $250,000",LNREAG2N,11.0
20231231,"Number with Original Amounts of More Than $100,000 Through $250,000",LNREAG2N,13.0
20230930,"Number with Original Amounts of More Than $100,000 Through $250,000",LNREAG2N,14.0
20230630,"Number with Original Amounts of More Than $100,000 Through $250,000",LNREAG2N,14.0
20230331,"Number with Original Amounts of More Than $100,000 Through $250,000",LNREAG2N,15.0
20260630,"Number with Original Amounts of More Than $250,000 Through $1,000,000",LNREAG3N,11.0
20260331,"Number with Original Amounts of More Than $250,000 Through $1,000,000",LNREAG3N,11.0
20251231,"Number with Original Amounts of More Than $250,000 Through $1,000,000",LNREAG3N,11.0
20250930,"Number with Original Amounts of More Than $250,000 Through $1,000,000",LNREAG3N,12.0
20250630,"Number with Original Amounts of More Than $250,000 Through $1,000,000",LNREAG3N,12.0
20250331,"Number with Original Amounts of More Than $250,000 Through $1,000,000",LNREAG3N,13.0
20241231,"Number with Original Amounts of More Than $250,000 Through $1,000,000",LNREAG3N,14.0
20240930,"Number with Original Amounts of More Than $250,000 Through $1,000,000",LNREAG3N,12.0
20240630,"Number with Original Amounts of More Than $250,000 Through $1,000,000",LNREAG3N,13.0
20240331,"Number with Original Amounts of More Than $250,000 Through $1,000,000",LNREAG3N,16.0
20231231,"Number with Original Amounts of More Than $250,000 Through $1,000,000",LNREAG3N,18.0
20230930,"Number with Original Amounts of More Than $250,000 Through $1,000,000",LNREAG3N,19.0
20230630,"Number with Original Amounts of More Than $250,000 Through $1,000,000",LNREAG3N,19.0
20230331,"Number with Original Amounts of More Than $250,000 Through $1,000,000",LNREAG3N,16.0
20260630,Number of Loans to Finance Agriculture Production and Other Loans to Farmers,LNAG4N,60358.0
20260331,Number of Loans to Finance Agriculture Production and Other Loans to Farmers,LNAG4N,59590.0
20251231,Number of Loans to Finance Agriculture Production and Other Loans to Farmers,LNAG4N,58103.0
20250930,Number of Loans to Finance Agriculture Production and Other Loans to Farmers,LNAG4N,58360.0
20250630,Number of Loans to Finance Agriculture Production and Other Loans to Farmers,LNAG4N,58026.0
20250331,Number of Loans to Finance Agriculture Production and Other Loans to Farmers,LNAG4N,57131.0
20241231,Number of Loans to Finance Agriculture Production and Other Loans to Farmers,LNAG4N,55121.0
20240930,Number of Loans to Finance Agriculture Production and Other Loans to Farmers,LNAG4N,55729.0
20240630,Number of Loans to Finance Agriculture Production and Other Loans to Farmers,LNAG4N,54613.0
20240331,Number of Loans to Finance Agriculture Production and Other Loans to Farmers,LNAG4N,53026.0
20231231,Number of Loans to Finance Agriculture Production and Other Loans to Farmers,LNAG4N,50065.0
20230930,Number of Loans to Finance Agriculture Production and Other Loans to Farmers,LNAG4N,49228.0
20230630,Number of Loans to Finance Agriculture Production and Other Loans to Farmers,LNAG4N,48166.0
20230331,Number of Loans to Finance Agriculture Production and Other Loans to Farmers,LNAG4N,48154.0
20260630,"Number with Original Amounts of $100,000 or Less",LNAG1N,59304.0
20260331,"Number with Original Amounts of $100,000 or Less",LNAG1N,58604.0
20251231,"Number with Original Amounts of $100,000 or Less",LNAG1N,57195.0
20250930,"Number with Original Amounts of $100,000 or Less",LNAG1N,57526.0
20250630,"Number with Original Amounts of $100,000 or Less",LNAG1N,57272.0
20250331,"Number with Original Amounts of $100,000 or Less",LNAG1N,56483.0
20241231,"Number with Original Amounts of $100,000 or Less",LNAG1N,54577.0
20240930,"Number with Original Amounts of $100,000 or Less",LNAG1N,55230.0
20240630,"Number with Original Amounts of $100,000 or Less",LNAG1N,54180.0
20240331,"Number with Original Amounts of $100,000 or Less",LNAG1N,52630.0
20231231,"Number with Original Amounts of $100,000 or Less",LNAG1N,49698.0
20230930,"Number with Original Amounts of $100,000 or Less",LNAG1N,48882.0
20230630,"Number with Original Amounts of $100,000 or Less",LNAG1N,47851.0
20230331,"Number with Original Amounts of $100,000 or Less",LNAG1N,48045.0
20260630,"Number with Original Amounts of More Than $100,000 Through $250,000",LNAG2N,1037.0
20260331,"Number with Original Amounts of More Than $100,000 Through $250,000",LNAG2N,966.0
20251231,"Number with Original Amounts of More Than $100,000 Through $250,000",LNAG2N,889.0
20250930,"Number with Original Amounts of More Than $100,000 Through $250,000",LNAG2N,813.0
20250630,"Number with Original Amounts of More Than $100,000 Through $250,000",LNAG2N,732.0
20250331,"Number with Original Amounts of More Than $100,000 Through $250,000",LNAG2N,628.0
20241231,"Number with Original Amounts of More Than $100,000 Through $250,000",LNAG2N,523.0
20240930,"Number with Original Amounts of More Than $100,000 Through $250,000",LNAG2N,481.0
20240630,"Number with Original Amounts of More Than $100,000 Through $250,000",LNAG2N,409.0
20240331,"Number with Original Amounts of More Than $100,000 Through $250,000",LNAG2N,369.0
20231231,"Number with Original Amounts of More Than $100,000 Through $250,000",LNAG2N,339.0
20230930,"Number with Original Amounts of More Than $100,000 Through $250,000",LNAG2N,317.0
20230630,"Number with Original Amounts of More Than $100,000 Through $250,000",LNAG2N,291.0
20230331,"Number with Original Amounts of More Than $100,000 Through $250,000",LNAG2N,85.0
20260630,"Number with Original Amounts of More Than $250,000 Through $1,000,000",LNAG3N,17.0
20260331,"Number with Original Amounts of More Than $250,000 Through $1,000,000",LNAG3N,20.0
20251231,"Number with Original Amounts of More Than $250,000 Through $1,000,000",LNAG3N,19.0
20250930,"Number with Original Amounts of More Than $250,000 Through $1,000,000",LNAG3N,21.0
20250630,"Number with Original Amounts of More Than $250,000 Through $1,000,000",LNAG3N,22.0
20250331,"Number with Original Amounts of More Than $250,000 Through $1,000,000",LNAG3N,20.0
20241231,"Number with Original Amounts of More Than $250,000 Through $1,000,000",LNAG3N,21.0
20240930,"Number with Original Amounts of More Than $250,000 Through $1,000,000",LNAG3N,18.0
20240630,"Number with Original Amounts of More Than $250,000 Through $1,000,000",LNAG3N,24.0
20240331,"Number with Original Amounts of More Than $250,000 Through $1,000,000",LNAG3N,27.0
20231231,"Number with Original Amounts of More Than $250,000 Through $1,000,000",LNAG3N,28.0
20230930,"Number with Original Amounts of More Than $250,000 Through $1,000,000",LNAG3N,29.0
20230630,"Number with Original Amounts of More Than $250,000 Through $1,000,000",LNAG3N,24.0
20230331,"Number with Original Amounts of More Than $250,000 Through $1,000,000",LNAG3N,24.0
20260630,U.S. SBA Paycheck Protection Program (PPP) loans and Federal Reserve PPP Liquidity Facility (PPPLF),N/A,
20260331,U.S. SBA Paycheck Protection Program (PPP) loans and Federal Reserve PPP Liquidity Facility (PPPLF),N/A,
20251231,U.S. SBA Paycheck Protection Program (PPP) loans and Federal Reserve PPP Liquidity Facility (PPPLF),N/A,
20250930,U.S. SBA Paycheck Protection Program (PPP) loans and Federal Reserve PPP Liquidity Facility (PPPLF),N/A,
20250630,U.S. SBA Paycheck Protection Program (PPP) loans and Federal Reserve PPP Liquidity Facility (PPPLF),N/A,
20250331,U.S. SBA Paycheck Protection Program (PPP) loans and Federal Reserve PPP Liquidity Facility (PPPLF),N/A,
20241231,U.S. SBA Paycheck Protection Program (PPP) loans and Federal Reserve PPP Liquidity Facility (PPPLF),N/A,
20240930,U.S. SBA Paycheck Protection Program (PPP) loans and Federal Reserve PPP Liquidity Facility (PPPLF),N/A,
20240630,U.S. SBA Paycheck Protection Program (PPP) loans and Federal Reserve PPP Liquidity Facility (PPPLF),N/A,
20240331,U.S. SBA Paycheck Protection Program (PPP) loans and Federal Reserve PPP Liquidity Facility (PPPLF),N/A,
20231231,U.S. SBA Paycheck Protection Program (PPP) loans and Federal Reserve PPP Liquidity Facility (PPPLF),N/A,
20230930,U.S. SBA Paycheck Protection Program (PPP) loans and Federal Reserve PPP Liquidity Facility (PPPLF),N/A,
20230630,U.S. SBA Paycheck Protection Program (PPP) loans and Federal Reserve PPP Liquidity Facility (PPPLF),N/A,
20230331,U.S. SBA Paycheck Protection Program (PPP) loans and Federal Reserve PPP Liquidity Facility (PPPLF),N/A,
20260630,Number of PPP loans outstanding,PPPLNNUM,26.0
20260331,Number of PPP loans outstanding,PPPLNNUM,153.0
20251231,Number of PPP loans outstanding,PPPLNNUM,633.0
20250930,Number of PPP loans outstanding,PPPLNNUM,826.0
20250630,Number of PPP loans outstanding,PPPLNNUM,1105.0
20250331,Number of PPP loans outstanding,PPPLNNUM,1676.0
20241231,Number of PPP loans outstanding,PPPLNNUM,1877.0
20240930,Number of PPP loans outstanding,PPPLNNUM,2072.0
20240630,Number of PPP loans outstanding,PPPLNNUM,2196.0
20240331,Number of PPP loans outstanding,PPPLNNUM,2341.0
20231231,Number of PPP loans outstanding,PPPLNNUM,2553.0
20230930,Number of PPP loans outstanding,PPPLNNUM,2825.0
20230630,Number of PPP loans outstanding,PPPLNNUM,3059.0
20230331,Number of PPP loans outstanding,PPPLNNUM,3286.0
20260630,Outstanding balance of PPP loans,PPPLNBAL,1000.0
20260331,Outstanding balance of PPP loans,PPPLNBAL,1000.0
20251231,Outstanding balance of PPP loans,PPPLNBAL,4000.0
20250930,Outstanding balance of PPP loans,PPPLNBAL,9000.0
20250630,Outstanding balance of PPP loans,PPPLNBAL,14000.0
20250331,Outstanding balance of PPP loans,PPPLNBAL,26000.0
20241231,Outstanding balance of PPP loans,PPPLNBAL,45000.0
20240930,Outstanding balance of PPP loans,PPPLNBAL,68000.0
20240630,Outstanding balance of PPP loans,PPPLNBAL,87000.0
20240331,Outstanding balance of PPP loans,PPPLNBAL,109000.0
20231231,Outstanding balance of PPP loans,PPPLNBAL,136000.0
20230930,Outstanding balance of PPP loans,PPPLNBAL,183000.0
20230630,Outstanding balance of PPP loans,PPPLNBAL,234000.0
20230331,Outstanding balance of PPP loans,PPPLNBAL,300000.0
20260630,Outstanding balance of PPP loans pledged to the PPPLF,PPPLNPLG,0.0
20260331,Outstanding balance of PPP loans pledged to the PPPLF,PPPLNPLG,0.0
20251231,Outstanding balance of PPP loans pledged to the PPPLF,PPPLNPLG,0.0
20250930,Outstanding balance of PPP loans pledged to the PPPLF,PPPLNPLG,0.0
20250630,Outstanding balance of PPP loans pledged to the PPPLF,PPPLNPLG,0.0
20250331,Outstanding balance of PPP loans pledged to the PPPLF,PPPLNPLG,0.0
20241231,Outstanding balance of PPP loans pledged to the PPPLF,PPPLNPLG,0.0
20240930,Outstanding balance of PPP loans pledged to the PPPLF,PPPLNPLG,0.0
20240630,Outstanding balance of PPP loans pledged to the PPPLF,PPPLNPLG,0.0
20240331,Outstanding balance of PPP loans pledged to the PPPLF,PPPLNPLG,0.0
20231231,Outstanding balance of PPP loans pledged to the PPPLF,PPPLNPLG,0.0
20230930,Outstanding balance of PPP loans pledged to the PPPLF,PPPLNPLG,0.0
20230630,Outstanding balance of PPP loans pledged to the PPPLF,PPPLNPLG,0.0
20230331,Outstanding balance of PPP loans pledged to the PPPLF,PPPLNPLG,0.0
20260630,Outstanding balance under the PPPLF with a remaining maturity of one year or less,PPPLF1LS,0.0
20260331,Outstanding balance under the PPPLF with a remaining maturity of one year or less,PPPLF1LS,0.0
20251231,Outstanding balance under the PPPLF with a remaining maturity of one year or less,PPPLF1LS,0.0
20250930,Outstanding balance under the PPPLF with a remaining maturity of one year or less,PPPLF1LS,0.0
20250630,Outstanding balance under the PPPLF with a remaining maturity of one year or less,PPPLF1LS,0.0
20250331,Outstanding balance under the PPPLF with a remaining maturity of one year or less,PPPLF1LS,0.0
20241231,Outstanding balance under the PPPLF with a remaining maturity of one year or less,PPPLF1LS,0.0
20240930,Outstanding balance under the PPPLF with a remaining maturity of one year or less,PPPLF1LS,0.0
20240630,Outstanding balance under the PPPLF with a remaining maturity of one year or less,PPPLF1LS,0.0
20240331,Outstanding balance under the PPPLF with a remaining maturity of one year or less,PPPLF1LS,0.0
20231231,Outstanding balance under the PPPLF with a remaining maturity of one year or less,PPPLF1LS,0.0
20230930,Outstanding balance under the PPPLF with a remaining maturity of one year or less,PPPLF1LS,0.0
20230630,Outstanding balance under the PPPLF with a remaining maturity of one year or less,PPPLF1LS,0.0
20230331,Outstanding balance under the PPPLF with a remaining maturity of one year or less,PPPLF1LS,0.0
20260630,Outstanding balance under the PPPLF with a remaining maturity of more than one year,PPPLFOV1,0.0
20260331,Outstanding balance under the PPPLF with a remaining maturity of more than one year,PPPLFOV1,0.0
20251231,Outstanding balance under the PPPLF with a remaining maturity of more than one year,PPPLFOV1,0.0
20250930,Outstanding balance under the PPPLF with a remaining maturity of more than one year,PPPLFOV1,0.0
20250630,Outstanding balance under the PPPLF with a remaining maturity of more than one year,PPPLFOV1,0.0
20250331,Outstanding balance under the PPPLF with a remaining maturity of more than one year,PPPLFOV1,0.0
20241231,Outstanding balance under the PPPLF with a remaining maturity of more than one year,PPPLFOV1,0.0
20240930,Outstanding balance under the PPPLF with a remaining maturity of more than one year,PPPLFOV1,0.0
20240630,Outstanding balance under the PPPLF with a remaining maturity of more than one year,PPPLFOV1,0.0
20240331,Outstanding balance under the PPPLF with a remaining maturity of more than one year,PPPLFOV1,0.0
20231231,Outstanding balance under the PPPLF with a remaining maturity of more than one year,PPPLFOV1,0.0
20230930,Outstanding balance under the PPPLF with a remaining maturity of more than one year,PPPLFOV1,0.0
20230630,Outstanding balance under the PPPLF with a remaining maturity of more than one year,PPPLFOV1,0.0
20230331,Outstanding balance under the PPPLF with a remaining maturity of more than one year,PPPLFOV1,0.0
20260630,Quarterly average amount of PPP loans pledged to the PPPLF and excluded from “Total assets for the leverage ratio.”,AVPPPPLG,0.0
20260331,Quarterly average amount of PPP loans pledged to the PPPLF and excluded from “Total assets for the leverage ratio.”,AVPPPPLG,0.0
20251231,Quarterly average amount of PPP loans pledged to the PPPLF and excluded from “Total assets for the leverage ratio.”,AVPPPPLG,0.0
20250930,Quarterly average amount of PPP loans pledged to the PPPLF and excluded from “Total assets for the leverage ratio.”,AVPPPPLG,0.0
20250630,Quarterly average amount of PPP loans pledged to the PPPLF and excluded from “Total assets for the leverage ratio.”,AVPPPPLG,0.0
20250331,Quarterly average amount of PPP loans pledged to the PPPLF and excluded from “Total assets for the leverage ratio.”,AVPPPPLG,0.0
20241231,Quarterly average amount of PPP loans pledged to the PPPLF and excluded from “Total assets for the leverage ratio.”,AVPPPPLG,0.0
20240930,Quarterly average amount of PPP loans pledged to the PPPLF and excluded from “Total assets for the leverage ratio.”,AVPPPPLG,0.0
20240630,Quarterly average amount of PPP loans pledged to the PPPLF and excluded from “Total assets for the leverage ratio.”,AVPPPPLG,0.0
20240331,Quarterly average amount of PPP loans pledged to the PPPLF and excluded from “Total assets for the leverage ratio.”,AVPPPPLG,0.0
20231231,Quarterly average amount of PPP loans pledged to the PPPLF and excluded from “Total assets for the leverage ratio.”,AVPPPPLG,0.0
20230930,Quarterly average amount of PPP loans pledged to the PPPLF and excluded from “Total assets for the leverage ratio.”,AVPPPPLG,0.0
20230630,Quarterly average amount of PPP loans pledged to the PPPLF and excluded from “Total assets for the leverage ratio.”,AVPPPPLG,0.0
20230331,Quarterly average amount of PPP loans pledged to the PPPLF and excluded from “Total assets for the leverage ratio.”,AVPPPPLG,0.0
20260630,Outstanding balance of assets purchased under the Money Market Mutual Fund Liquidity Facility (MMLF).,MMLFBAL,
20260331,Outstanding balance of assets purchased under the Money Market Mutual Fund Liquidity Facility (MMLF).,MMLFBAL,
20251231,Outstanding balance of assets purchased under the Money Market Mutual Fund Liquidity Facility (MMLF).,MMLFBAL,
20250930,Outstanding balance of assets purchased under the Money Market Mutual Fund Liquidity Facility (MMLF).,MMLFBAL,
20250630,Outstanding balance of assets purchased under the Money Market Mutual Fund Liquidity Facility (MMLF).,MMLFBAL,
20250331,Outstanding balance of assets purchased under the Money Market Mutual Fund Liquidity Facility (MMLF).,MMLFBAL,
20241231,Outstanding balance of assets purchased under the Money Market Mutual Fund Liquidity Facility (MMLF).,MMLFBAL,
20240930,Outstanding balance of assets purchased under the Money Market Mutual Fund Liquidity Facility (MMLF).,MMLFBAL,
20240630,Outstanding balance of assets purchased under the Money Market Mutual Fund Liquidity Facility (MMLF).,MMLFBAL,
20240331,Outstanding balance of assets purchased under the Money Market Mutual Fund Liquidity Facility (MMLF).,MMLFBAL,
20231231,Outstanding balance of assets purchased under the Money Market Mutual Fund Liquidity Facility (MMLF).,MMLFBAL,
20230930,Outstanding balance of assets purchased under the Money Market Mutual Fund Liquidity Facility (MMLF).,MMLFBAL,
20230630,Outstanding balance of assets purchased under the Money Market Mutual Fund Liquidity Facility (MMLF).,MMLFBAL,0.0
20230331,Outstanding balance of assets purchased under the Money Market Mutual Fund Liquidity Facility (MMLF).,MMLFBAL,0.0
20260630,Quarterly average amount of assets purchased under the MMLF and excluded from “Total assets for the leverage ratio.”,AVMMLF,
20260331,Quarterly average amount of assets purchased under the MMLF and excluded from “Total assets for the leverage ratio.”,AVMMLF,
20251231,Quarterly average amount of assets purchased under the MMLF and excluded from “Total assets for the leverage ratio.”,AVMMLF,
20250930,Quarterly average amount of assets purchased under the MMLF and excluded from “Total assets for the leverage ratio.”,AVMMLF,
20250630,Quarterly average amount of assets purchased under the MMLF and excluded from “Total assets for the leverage ratio.”,AVMMLF,
20250331,Quarterly average amount of assets purchased under the MMLF and excluded from “Total assets for the leverage ratio.”,AVMMLF,
20241231,Quarterly average amount of assets purchased under the MMLF and excluded from “Total assets for the leverage ratio.”,AVMMLF,
20240930,Quarterly average amount of assets purchased under the MMLF and excluded from “Total assets for the leverage ratio.”,AVMMLF,
20240630,Quarterly average amount of assets purchased under the MMLF and excluded from “Total assets for the leverage ratio.”,AVMMLF,
20240331,Quarterly average amount of assets purchased under the MMLF and excluded from “Total assets for the leverage ratio.”,AVMMLF,
20231231,Quarterly average amount of assets purchased under the MMLF and excluded from “Total assets for the leverage ratio.”,AVMMLF,
20230930,Quarterly average amount of assets purchased under the MMLF and excluded from “Total assets for the leverage ratio.”,AVMMLF,
20230630,Quarterly average amount of assets purchased under the MMLF and excluded from “Total assets for the leverage ratio.”,AVMMLF,0.0
20230331,Quarterly average amount of assets purchased under the MMLF and excluded from “Total assets for the leverage ratio.”,AVMMLF,0.0
20260630,Trading Account Assets,TRADE,677345000.0
20260331,Trading Account Assets,TRADE,658737000.0
20251231,Trading Account Assets,TRADE,475678000.0
20250930,Trading Account Assets,TRADE,590323000.0
20250630,Trading Account Assets,TRADE,528540000.0
20250331,Trading Account Assets,TRADE,521502000.0
20241231,Trading Account Assets,TRADE,374425000.0
20240930,Trading Account Assets,TRADE,506346000.0
20240630,Trading Account Assets,TRADE,460657000.0
20240331,Trading Account Assets,TRADE,475614000.0
20231231,Trading Account Assets,TRADE,329090000.0
20230930,Trading Account Assets,TRADE,397273000.0
20230630,Trading Account Assets,TRADE,401476000.0
20230331,Trading Account Assets,TRADE,355166000.0
20260630,Bank Premises and Fixed Assets,BKPREM,31891000.0
20260331,Bank Premises and Fixed Assets,BKPREM,31148000.0
20251231,Bank Premises and Fixed Assets,BKPREM,30563000.0
20250930,Bank Premises and Fixed Assets,BKPREM,29758000.0
20250630,Bank Premises and Fixed Assets,BKPREM,28963000.0
20250331,Bank Premises and Fixed Assets,BKPREM,28255000.0
20241231,Bank Premises and Fixed Assets,BKPREM,27659000.0
20240930,Bank Premises and Fixed Assets,BKPREM,26596000.0
20240630,Bank Premises and Fixed Assets,BKPREM,25770000.0
20240331,Bank Premises and Fixed Assets,BKPREM,25404000.0
20231231,Bank Premises and Fixed Assets,BKPREM,25284000.0
20230930,Bank Premises and Fixed Assets,BKPREM,24872000.0
20230630,Bank Premises and Fixed Assets,BKPREM,24624000.0
20230331,Bank Premises and Fixed Assets,BKPREM,23451000.0
20260630,Other Real Estate Owned,ORE,271000.0
20260331,Other Real Estate Owned,ORE,243000.0
20251231,Other Real Estate Owned,ORE,257000.0
20250930,Other Real Estate Owned,ORE,245000.0
20250630,Other Real Estate Owned,ORE,253000.0
20250331,Other Real Estate Owned,ORE,259000.0
20241231,Other Real Estate Owned,ORE,267000.0
20240930,Other Real Estate Owned,ORE,275000.0
20240630,Other Real Estate Owned,ORE,287000.0
20240331,Other Real Estate Owned,ORE,259000.0
20231231,Other Real Estate Owned,ORE,282000.0
20230930,Other Real Estate Owned,ORE,290000.0
20230630,Other Real Estate Owned,ORE,252000.0
20230331,Other Real Estate Owned,ORE,206000.0
20260630,Direct and Indirect Investments in Real Estate,OREINV,
20260331,Direct and Indirect Investments in Real Estate,OREINV,
20251231,Direct and Indirect Investments in Real Estate,OREINV,
20250930,Direct and Indirect Investments in Real Estate,OREINV,
20250630,Direct and Indirect Investments in Real Estate,OREINV,
20250331,Direct and Indirect Investments in Real Estate,OREINV,
20241231,Direct and Indirect Investments in Real Estate,OREINV,
20240930,Direct and Indirect Investments in Real Estate,OREINV,
20240630,Direct and Indirect Investments in Real Estate,OREINV,
20240331,Direct and Indirect Investments in Real Estate,OREINV,
20231231,Direct and Indirect Investments in Real Estate,OREINV,
20230930,Direct and Indirect Investments in Real Estate,OREINV,
20230630,Direct and Indirect Investments in Real Estate,OREINV,
20230331,Direct and Indirect Investments in Real Estate,OREINV,
20260630,Real Estate Acquired,OREOTH,271000.0
20260331,Real Estate Acquired,OREOTH,243000.0
20251231,Real Estate Acquired,OREOTH,257000.0
20250930,Real Estate Acquired,OREOTH,245000.0
20250630,Real Estate Acquired,OREOTH,253000.0
20250331,Real Estate Acquired,OREOTH,259000.0
20241231,Real Estate Acquired,OREOTH,267000.0
20240930,Real Estate Acquired,OREOTH,275000.0
20240630,Real Estate Acquired,OREOTH,287000.0
20240331,Real Estate Acquired,OREOTH,259000.0
20231231,Real Estate Acquired,OREOTH,282000.0
20230930,Real Estate Acquired,OREOTH,290000.0
20230630,Real Estate Acquired,OREOTH,252000.0
20230331,Real Estate Acquired,OREOTH,206000.0
20260630,1-4 Family Residential,ORERES,90000.0
20260331,1-4 Family Residential,ORERES,103000.0
20251231,1-4 Family Residential,ORERES,105000.0
20250930,1-4 Family Residential,ORERES,85000.0
20250630,1-4 Family Residential,ORERES,77000.0
20250331,1-4 Family Residential,ORERES,80000.0
20241231,1-4 Family Residential,ORERES,84000.0
20240930,1-4 Family Residential,ORERES,88000.0
20240630,1-4 Family Residential,ORERES,97000.0
20240331,1-4 Family Residential,ORERES,110000.0
20231231,1-4 Family Residential,ORERES,128000.0
20230930,1-4 Family Residential,ORERES,130000.0
20230630,1-4 Family Residential,ORERES,135000.0
20230331,1-4 Family Residential,ORERES,134000.0
20260630,Multifamily Residential Real Estate,OREMULT,1000.0
20260331,Multifamily Residential Real Estate,OREMULT,0.0
20251231,Multifamily Residential Real Estate,OREMULT,6000.0
20250930,Multifamily Residential Real Estate,OREMULT,6000.0
20250630,Multifamily Residential Real Estate,OREMULT,6000.0
20250331,Multifamily Residential Real Estate,OREMULT,6000.0
20241231,Multifamily Residential Real Estate,OREMULT,6000.0
20240930,Multifamily Residential Real Estate,OREMULT,6000.0
20240630,Multifamily Residential Real Estate,OREMULT,6000.0
20240331,Multifamily Residential Real Estate,OREMULT,0.0
20231231,Multifamily Residential Real Estate,OREMULT,0.0
20230930,Multifamily Residential Real Estate,OREMULT,0.0
20230630,Multifamily Residential Real Estate,OREMULT,0.0
20230331,Multifamily Residential Real Estate,OREMULT,0.0
20260630,Commercial Real Estate,ORENRES,180000.0
20260331,Commercial Real Estate,ORENRES,140000.0
20251231,Commercial Real Estate,ORENRES,146000.0
20250930,Commercial Real Estate,ORENRES,154000.0
20250630,Commercial Real Estate,ORENRES,170000.0
20250331,Commercial Real Estate,ORENRES,173000.0
20241231,Commercial Real Estate,ORENRES,177000.0
20240930,Commercial Real Estate,ORENRES,181000.0
20240630,Commercial Real Estate,ORENRES,184000.0
20240331,Commercial Real Estate,ORENRES,149000.0
20231231,Commercial Real Estate,ORENRES,154000.0
20230930,Commercial Real Estate,ORENRES,160000.0
20230630,Commercial Real Estate,ORENRES,117000.0
20230331,Commercial Real Estate,ORENRES,72000.0
20260630,Construction and Development,ORECONS,0.0
20260331,Construction and Development,ORECONS,0.0
20251231,Construction and Development,ORECONS,0.0
20250930,Construction and Development,ORECONS,0.0
20250630,Construction and Development,ORECONS,0.0
20250331,Construction and Development,ORECONS,0.0
20241231,Construction and Development,ORECONS,0.0
20240930,Construction and Development,ORECONS,0.0
20240630,Construction and Development,ORECONS,0.0
20240331,Construction and Development,ORECONS,0.0
20231231,Construction and Development,ORECONS,0.0
20230930,Construction and Development,ORECONS,0.0
20230630,Construction and Development,ORECONS,0.0
20230331,Construction and Development,ORECONS,0.0
20260630,Farmland,OREAG,0.0
20260331,Farmland,OREAG,0.0
20251231,Farmland,OREAG,0.0
20250930,Farmland,OREAG,0.0
20250630,Farmland,OREAG,0.0
20250331,Farmland,OREAG,0.0
20241231,Farmland,OREAG,0.0
20240930,Farmland,OREAG,0.0
20240630,Farmland,OREAG,0.0
20240331,Farmland,OREAG,0.0
20231231,Farmland,OREAG,0.0
20230930,Farmland,OREAG,0.0
20230630,Farmland,OREAG,0.0
20230331,Farmland,OREAG,0.0
20260630,Other Real Estate Owned in Foreign Offices,OREOTHF,0.0
20260331,Other Real Estate Owned in Foreign Offices,OREOTHF,0.0
20251231,Other Real Estate Owned in Foreign Offices,OREOTHF,0.0
20250930,Other Real Estate Owned in Foreign Offices,OREOTHF,0.0
20250630,Other Real Estate Owned in Foreign Offices,OREOTHF,0.0
20250331,Other Real Estate Owned in Foreign Offices,OREOTHF,0.0
20241231,Other Real Estate Owned in Foreign Offices,OREOTHF,0.0
20240930,Other Real Estate Owned in Foreign Offices,OREOTHF,0.0
20240630,Other Real Estate Owned in Foreign Offices,OREOTHF,0.0
20240331,Other Real Estate Owned in Foreign Offices,OREOTHF,0.0
20231231,Other Real Estate Owned in Foreign Offices,OREOTHF,0.0
20230930,Other Real Estate Owned in Foreign Offices,OREOTHF,0.0
20230630,Other Real Estate Owned in Foreign Offices,OREOTHF,0.0
20230331,Other Real Estate Owned in Foreign Offices,OREOTHF,0.0
20260630,Goodwill and Other Intangibles,INTAN,50505000.0
20260331,Goodwill and Other Intangibles,INTAN,50492000.0
20251231,Goodwill and Other Intangibles,INTAN,50518000.0
20250930,Goodwill and Other Intangibles,INTAN,50505000.0
20250630,Goodwill and Other Intangibles,INTAN,50451000.0
20250331,Goodwill and Other Intangibles,INTAN,50608000.0
20241231,Goodwill and Other Intangibles,INTAN,50644000.0
20240930,Goodwill and Other Intangibles,INTAN,50351000.0
20240630,Goodwill and Other Intangibles,INTAN,50493000.0
20240331,Goodwill and Other Intangibles,INTAN,50313000.0
20231231,Goodwill and Other Intangibles,INTAN,50295000.0
20230930,Goodwill and Other Intangibles,INTAN,51056000.0
20230630,Goodwill and Other Intangibles,INTAN,50257000.0
20230331,Goodwill and Other Intangibles,INTAN,48371000.0
20260630,Goodwill,INTANGW,40620000.0
20260331,Goodwill,INTANGW,40624000.0
20251231,Goodwill,INTANGW,40534000.0
20250930,Goodwill,INTANGW,40531000.0
20250630,Goodwill,INTANGW,40534000.0
20250331,Goodwill,INTANGW,40515000.0
20241231,Goodwill,INTANGW,40510000.0
20240930,Goodwill,INTANGW,40534000.0
20240630,Goodwill,INTANGW,40526000.0
20240331,Goodwill,INTANGW,40528000.0
20231231,Goodwill,INTANGW,40536000.0
20230930,Goodwill,INTANGW,40515000.0
20230630,Goodwill,INTANGW,40523000.0
20230331,Goodwill,INTANGW,40521000.0
20260630,Mortgage Servicing Assets,INTANMSR,9156000.0
20260331,Mortgage Servicing Assets,INTANMSR,9093000.0
20251231,Mortgage Servicing Assets,INTANMSR,9167000.0
20250930,Mortgage Servicing Assets,INTANMSR,9110000.0
20250630,Mortgage Servicing Assets,INTANMSR,8996000.0
20250331,Mortgage Servicing Assets,INTANMSR,9127000.0
20241231,Mortgage Servicing Assets,INTANMSR,9121000.0
20240930,Mortgage Servicing Assets,INTANMSR,8753000.0
20240630,Mortgage Servicing Assets,INTANMSR,8847000.0
20240331,Mortgage Servicing Assets,INTANMSR,8605000.0
20231231,Mortgage Servicing Assets,INTANMSR,8522000.0
20230930,Mortgage Servicing Assets,INTANMSR,9109000.0
20230630,Mortgage Servicing Assets,INTANMSR,8229000.0
20230331,Mortgage Servicing Assets,INTANMSR,7755000.0
20260630,All Other Identifiable Intangible Assets,INTANOTH,729000.0
20260331,All Other Identifiable Intangible Assets,INTANOTH,775000.0
20251231,All Other Identifiable Intangible Assets,INTANOTH,817000.0
20250930,All Other Identifiable Intangible Assets,INTANOTH,864000.0
20250630,All Other Identifiable Intangible Assets,INTANOTH,921000.0
20250331,All Other Identifiable Intangible Assets,INTANOTH,966000.0
20241231,All Other Identifiable Intangible Assets,INTANOTH,1013000.0
20240930,All Other Identifiable Intangible Assets,INTANOTH,1064000.0
20240630,All Other Identifiable Intangible Assets,INTANOTH,1120000.0
20240331,All Other Identifiable Intangible Assets,INTANOTH,1180000.0
20231231,All Other Identifiable Intangible Assets,INTANOTH,1237000.0
20230930,All Other Identifiable Intangible Assets,INTANOTH,1432000.0
20230630,All Other Identifiable Intangible Assets,INTANOTH,1505000.0
20230331,All Other Identifiable Intangible Assets,INTANOTH,95000.0
20260630,All Other Assets,AOA,263736000.0
20260331,All Other Assets,AOA,249362000.0
20251231,All Other Assets,AOA,236478000.0
20250930,All Other Assets,AOA,227424000.0
20250630,All Other Assets,AOA,219217000.0
20250331,All Other Assets,AOA,212149000.0
20241231,All Other Assets,AOA,203150000.0
20240930,All Other Assets,AOA,209697000.0
20240630,All Other Assets,AOA,206453000.0
20240331,All Other Assets,AOA,208346000.0
20231231,All Other Assets,AOA,196131000.0
20230930,All Other Assets,AOA,206050000.0
20230630,All Other Assets,AOA,193774000.0
20230331,All Other Assets,AOA,196961000.0
20260630,4. Total Liabilities and Capital,LIABEQ,4091315000.0
20260331,4. Total Liabilities and Capital,LIABEQ,4016571000.0
20251231,4. Total Liabilities and Capital,LIABEQ,3752662000.0
20250930,4. Total Liabilities and Capital,LIABEQ,3813431000.0
20250630,4. Total Liabilities and Capital,LIABEQ,3788551000.0
20250331,4. Total Liabilities and Capital,LIABEQ,3643099000.0
20241231,4. Total Liabilities and Capital,LIABEQ,3459261000.0
20240930,4. Total Liabilities and Capital,LIABEQ,3584105000.0
20240630,4. Total Liabilities and Capital,LIABEQ,3510536000.0
20240331,4. Total Liabilities and Capital,LIABEQ,3503360000.0
20231231,4. Total Liabilities and Capital,LIABEQ,3395126000.0
20230930,4. Total Liabilities and Capital,LIABEQ,3385581000.0
20230630,4. Total Liabilities and Capital,LIABEQ,3382195000.0
20230331,4. Total Liabilities and Capital,LIABEQ,3267963000.0
20260630,Total Liabilities,LIAB,3749705000.0
20260331,Total Liabilities,LIAB,3680610000.0
20251231,Total Liabilities,LIAB,3416692000.0
20250930,Total Liabilities,LIAB,3481445000.0
20250630,Total Liabilities,LIAB,3465741000.0
20250331,Total Liabilities,LIAB,3326444000.0
20241231,Total Liabilities,LIAB,3146423000.0
20240930,Total Liabilities,LIAB,3266317000.0
20240630,Total Liabilities,LIAB,3196308000.0
20240331,Total Liabilities,LIAB,3198322000.0
20231231,Total Liabilities,LIAB,3095803000.0
20230930,Total Liabilities,LIAB,3067739000.0
20230630,Total Liabilities,LIAB,3066788000.0
20230331,Total Liabilities,LIAB,2958911000.0
20260630,Total Deposits,DEP,2820284000.0
20260331,Total Deposits,DEP,2787994000.0
20251231,Total Deposits,DEP,2697842000.0
20250930,Total Deposits,DEP,2649438000.0
20250630,Total Deposits,DEP,2669161000.0
20250331,Total Deposits,DEP,2601221000.0
20241231,Total Deposits,DEP,2516998000.0
20240930,Total Deposits,DEP,2532004000.0
20240630,Total Deposits,DEP,2488231000.0
20240331,Total Deposits,DEP,2525885000.0
20231231,Total Deposits,DEP,2498231000.0
20230930,Total Deposits,DEP,2459921000.0
20230630,Total Deposits,DEP,2505650000.0
20230331,Total Deposits,DEP,2472913000.0
20260630,Deposits held in Domestic Offices,DEPDOM,2226790000.0
20260331,Deposits held in Domestic Offices,DEPDOM,2209823000.0
20251231,Deposits held in Domestic Offices,DEPDOM,2167793000.0
20250930,Deposits held in Domestic Offices,DEPDOM,2116593000.0
20250630,Deposits held in Domestic Offices,DEPDOM,2132981000.0
20250331,Deposits held in Domestic Offices,DEPDOM,2097135000.0
20241231,Deposits held in Domestic Offices,DEPDOM,2042646000.0
20240930,Deposits held in Domestic Offices,DEPDOM,2032340000.0
20240630,Deposits held in Domestic Offices,DEPDOM,2008751000.0
20240331,Deposits held in Domestic Offices,DEPDOM,2061107000.0
20231231,Deposits held in Domestic Offices,DEPDOM,2037915000.0
20230930,Deposits held in Domestic Offices,DEPDOM,2020955000.0
20230630,Deposits held in Domestic Offices,DEPDOM,2068042000.0
20230331,Deposits held in Domestic Offices,DEPDOM,2043646000.0
20260630,% Insured (Estimated) (footnote: 7,ESTINS,39.08
20260331,% Insured (Estimated) (footnote: 7,ESTINS,42.91
20251231,% Insured (Estimated) (footnote: 7,ESTINS,42.46
20250930,% Insured (Estimated) (footnote: 7,ESTINS,43.41
20250630,% Insured (Estimated) (footnote: 7,ESTINS,43.72
20250331,% Insured (Estimated) (footnote: 7,ESTINS,44.78
20241231,% Insured (Estimated) (footnote: 7,ESTINS,44.92
20240930,% Insured (Estimated) (footnote: 7,ESTINS,45.74
20240630,% Insured (Estimated) (footnote: 7,ESTINS,47.82
20240331,% Insured (Estimated) (footnote: 7,ESTINS,48.31
20231231,% Insured (Estimated) (footnote: 7,ESTINS,48.59
20230930,% Insured (Estimated) (footnote: 7,ESTINS,48.62
20230630,% Insured (Estimated) (footnote: 7,ESTINS,48.64
20230331,% Insured (Estimated) (footnote: 7,ESTINS,47.86
20260630,Domestic Transaction Accounts,TRN,532851000.0
20260331,Domestic Transaction Accounts,TRN,536852000.0
20251231,Domestic Transaction Accounts,TRN,566924000.0
20250930,Domestic Transaction Accounts,TRN,539920000.0
20250630,Domestic Transaction Accounts,TRN,542700000.0
20250331,Domestic Transaction Accounts,TRN,515721000.0
20241231,Domestic Transaction Accounts,TRN,487214000.0
20240930,Domestic Transaction Accounts,TRN,461033000.0
20240630,Domestic Transaction Accounts,TRN,451073000.0
20240331,Domestic Transaction Accounts,TRN,465408000.0
20231231,Domestic Transaction Accounts,TRN,463202000.0
20230930,Domestic Transaction Accounts,TRN,454604000.0
20230630,Domestic Transaction Accounts,TRN,494467000.0
20230331,Domestic Transaction Accounts,TRN,499447000.0
20260630,"Individuals, Partnerships, and Corporations",TRNIPCOC,464396000.0
20260331,"Individuals, Partnerships, and Corporations",TRNIPCOC,467774000.0
20251231,"Individuals, Partnerships, and Corporations",TRNIPCOC,495418000.0
20250930,"Individuals, Partnerships, and Corporations",TRNIPCOC,469786000.0
20250630,"Individuals, Partnerships, and Corporations",TRNIPCOC,473515000.0
20250331,"Individuals, Partnerships, and Corporations",TRNIPCOC,448933000.0
20241231,"Individuals, Partnerships, and Corporations",TRNIPCOC,430802000.0
20240930,"Individuals, Partnerships, and Corporations",TRNIPCOC,406802000.0
20240630,"Individuals, Partnerships, and Corporations",TRNIPCOC,400267000.0
20240331,"Individuals, Partnerships, and Corporations",TRNIPCOC,409777000.0
20231231,"Individuals, Partnerships, and Corporations",TRNIPCOC,412042000.0
20230930,"Individuals, Partnerships, and Corporations",TRNIPCOC,400265000.0
20230630,"Individuals, Partnerships, and Corporations",TRNIPCOC,437899000.0
20230331,"Individuals, Partnerships, and Corporations",TRNIPCOC,441181000.0
20260630,US Government,TRNUSGOV,293000.0
20260331,US Government,TRNUSGOV,291000.0
20251231,US Government,TRNUSGOV,301000.0
20250930,US Government,TRNUSGOV,299000.0
20250630,US Government,TRNUSGOV,291000.0
20250331,US Government,TRNUSGOV,269000.0
20241231,US Government,TRNUSGOV,273000.0
20240930,US Government,TRNUSGOV,245000.0
20240630,US Government,TRNUSGOV,234000.0
20240331,US Government,TRNUSGOV,217000.0
20231231,US Government,TRNUSGOV,227000.0
20230930,US Government,TRNUSGOV,211000.0
20230630,US Government,TRNUSGOV,234000.0
20230331,US Government,TRNUSGOV,222000.0
20260630,States and Political Subdivision in US,TRNMUNI,8535000.0
20260331,States and Political Subdivision in US,TRNMUNI,8599000.0
20251231,States and Political Subdivision in US,TRNMUNI,9862000.0
20250930,States and Political Subdivision in US,TRNMUNI,9090000.0
20250630,States and Political Subdivision in US,TRNMUNI,9381000.0
20250331,States and Political Subdivision in US,TRNMUNI,10184000.0
20241231,States and Political Subdivision in US,TRNMUNI,9443000.0
20240930,States and Political Subdivision in US,TRNMUNI,8064000.0
20240630,States and Political Subdivision in US,TRNMUNI,10361000.0
20240331,States and Political Subdivision in US,TRNMUNI,8848000.0
20231231,States and Political Subdivision in US,TRNMUNI,7411000.0
20230930,States and Political Subdivision in US,TRNMUNI,8126000.0
20230630,States and Political Subdivision in US,TRNMUNI,7135000.0
20230331,States and Political Subdivision in US,TRNMUNI,6682000.0
20260630,Commercial Banks and Other Depository Institutions in US,TRNCBO,1352000.0
20260331,Commercial Banks and Other Depository Institutions in US,TRNCBO,3313000.0
20251231,Commercial Banks and Other Depository Institutions in US,TRNCBO,3000000.0
20250930,Commercial Banks and Other Depository Institutions in US,TRNCBO,2934000.0
20250630,Commercial Banks and Other Depository Institutions in US,TRNCBO,2615000.0
20250331,Commercial Banks and Other Depository Institutions in US,TRNCBO,2655000.0
20241231,Commercial Banks and Other Depository Institutions in US,TRNCBO,1838000.0
20240930,Commercial Banks and Other Depository Institutions in US,TRNCBO,2228000.0
20240630,Commercial Banks and Other Depository Institutions in US,TRNCBO,1268000.0
20240331,Commercial Banks and Other Depository Institutions in US,TRNCBO,2636000.0
20231231,Commercial Banks and Other Depository Institutions in US,TRNCBO,1241000.0
20230930,Commercial Banks and Other Depository Institutions in US,TRNCBO,1492000.0
20230630,Commercial Banks and Other Depository Institutions in US,TRNCBO,1924000.0
20230331,Commercial Banks and Other Depository Institutions in US,TRNCBO,2074000.0
20260630,Foreign Deposits,TRNFCFG,58275000.0
20260331,Foreign Deposits,TRNFCFG,56875000.0
20251231,Foreign Deposits,TRNFCFG,58343000.0
20250930,Foreign Deposits,TRNFCFG,57811000.0
20250630,Foreign Deposits,TRNFCFG,56898000.0
20250331,Foreign Deposits,TRNFCFG,53680000.0
20241231,Foreign Deposits,TRNFCFG,44858000.0
20240930,Foreign Deposits,TRNFCFG,43694000.0
20240630,Foreign Deposits,TRNFCFG,38943000.0
20240331,Foreign Deposits,TRNFCFG,43930000.0
20231231,Foreign Deposits,TRNFCFG,42281000.0
20230930,Foreign Deposits,TRNFCFG,44510000.0
20230630,Foreign Deposits,TRNFCFG,47275000.0
20230331,Foreign Deposits,TRNFCFG,49288000.0
20260630,Domestic Nontransaction Accounts,NTR,1693939000.0
20260331,Domestic Nontransaction Accounts,NTR,1672971000.0
20251231,Domestic Nontransaction Accounts,NTR,1600869000.0
20250930,Domestic Nontransaction Accounts,NTR,1576673000.0
20250630,Domestic Nontransaction Accounts,NTR,1590281000.0
20250331,Domestic Nontransaction Accounts,NTR,1581414000.0
20241231,Domestic Nontransaction Accounts,NTR,1555432000.0
20240930,Domestic Nontransaction Accounts,NTR,1571307000.0
20240630,Domestic Nontransaction Accounts,NTR,1557678000.0
20240331,Domestic Nontransaction Accounts,NTR,1595699000.0
20231231,Domestic Nontransaction Accounts,NTR,1574713000.0
20230930,Domestic Nontransaction Accounts,NTR,1566351000.0
20230630,Domestic Nontransaction Accounts,NTR,1573575000.0
20230331,Domestic Nontransaction Accounts,NTR,1544199000.0
20260630,"Individuals, Partnerships, and Corporations",NTRIPC,1600040000.0
20260331,"Individuals, Partnerships, and Corporations",NTRIPC,1586572000.0
20251231,"Individuals, Partnerships, and Corporations",NTRIPC,1515487000.0
20250930,"Individuals, Partnerships, and Corporations",NTRIPC,1494708000.0
20250630,"Individuals, Partnerships, and Corporations",NTRIPC,1504987000.0
20250331,"Individuals, Partnerships, and Corporations",NTRIPC,1499991000.0
20241231,"Individuals, Partnerships, and Corporations",NTRIPC,1480372000.0
20240930,"Individuals, Partnerships, and Corporations",NTRIPC,1492575000.0
20240630,"Individuals, Partnerships, and Corporations",NTRIPC,1480545000.0
20240331,"Individuals, Partnerships, and Corporations",NTRIPC,1520338000.0
20231231,"Individuals, Partnerships, and Corporations",NTRIPC,1500699000.0
20230930,"Individuals, Partnerships, and Corporations",NTRIPC,1494274000.0
20230630,"Individuals, Partnerships, and Corporations",NTRIPC,1500386000.0
20230331,"Individuals, Partnerships, and Corporations",NTRIPC,1476389000.0
20260630,US Government,NTRUSGOV,236000.0
20260331,US Government,NTRUSGOV,54000.0
20251231,US Government,NTRUSGOV,53000.0
20250930,US Government,NTRUSGOV,54000.0
20250630,US Government,NTRUSGOV,72000.0
20250331,US Government,NTRUSGOV,53000.0
20241231,US Government,NTRUSGOV,29000.0
20240930,US Government,NTRUSGOV,19000.0
20240630,US Government,NTRUSGOV,52000.0
20240331,US Government,NTRUSGOV,13000.0
20231231,US Government,NTRUSGOV,8000.0
20230930,US Government,NTRUSGOV,7000.0
20230630,US Government,NTRUSGOV,7000.0
20230331,US Government,NTRUSGOV,7000.0
20260630,States and Political Subdivision in US,NTRMUNI,42838000.0
20260331,States and Political Subdivision in US,NTRMUNI,44532000.0
20251231,States and Political Subdivision in US,NTRMUNI,48696000.0
20250930,States and Political Subdivision in US,NTRMUNI,38060000.0
20250630,States and Political Subdivision in US,NTRMUNI,38417000.0
20250331,States and Political Subdivision in US,NTRMUNI,37763000.0
20241231,States and Political Subdivision in US,NTRMUNI,39360000.0
20240930,States and Political Subdivision in US,NTRMUNI,36223000.0
20240630,States and Political Subdivision in US,NTRMUNI,36359000.0
20240331,States and Political Subdivision in US,NTRMUNI,35425000.0
20231231,States and Political Subdivision in US,NTRMUNI,38784000.0
20230930,States and Political Subdivision in US,NTRMUNI,34079000.0
20230630,States and Political Subdivision in US,NTRMUNI,38277000.0
20230331,States and Political Subdivision in US,NTRMUNI,39349000.0
20260630,Commercial Banks and Other Depository Institutions in US,NTRCOMOT,6493000.0
20260331,Commercial Banks and Other Depository Institutions in US,NTRCOMOT,4881000.0
20251231,Commercial Banks and Other Depository Institutions in US,NTRCOMOT,3512000.0
20250930,Commercial Banks and Other Depository Institutions in US,NTRCOMOT,5352000.0
20250630,Commercial Banks and Other Depository Institutions in US,NTRCOMOT,6713000.0
20250331,Commercial Banks and Other Depository Institutions in US,NTRCOMOT,4723000.0
20241231,Commercial Banks and Other Depository Institutions in US,NTRCOMOT,4164000.0
20240930,Commercial Banks and Other Depository Institutions in US,NTRCOMOT,4858000.0
20240630,Commercial Banks and Other Depository Institutions in US,NTRCOMOT,4477000.0
20240331,Commercial Banks and Other Depository Institutions in US,NTRCOMOT,3665000.0
20231231,Commercial Banks and Other Depository Institutions in US,NTRCOMOT,4476000.0
20230930,Commercial Banks and Other Depository Institutions in US,NTRCOMOT,4402000.0
20230630,Commercial Banks and Other Depository Institutions in US,NTRCOMOT,4492000.0
20230331,Commercial Banks and Other Depository Institutions in US,NTRCOMOT,4432000.0
20260630,Foreign Deposits,NTRFCFG,44332000.0
20260331,Foreign Deposits,NTRFCFG,36932000.0
20251231,Foreign Deposits,NTRFCFG,33121000.0
20250930,Foreign Deposits,NTRFCFG,38499000.0
20250630,Foreign Deposits,NTRFCFG,40092000.0
20250331,Foreign Deposits,NTRFCFG,38884000.0
20241231,Foreign Deposits,NTRFCFG,31507000.0
20240930,Foreign Deposits,NTRFCFG,37632000.0
20240630,Foreign Deposits,NTRFCFG,36245000.0
20240331,Foreign Deposits,NTRFCFG,36258000.0
20231231,Foreign Deposits,NTRFCFG,30746000.0
20230930,Foreign Deposits,NTRFCFG,33589000.0
20230630,Foreign Deposits,NTRFCFG,30413000.0
20230331,Foreign Deposits,NTRFCFG,24022000.0
20260630,Deposits held in Foreign Offices,DEPFOR,593494000.0
20260331,Deposits held in Foreign Offices,DEPFOR,578171000.0
20251231,Deposits held in Foreign Offices,DEPFOR,530049000.0
20250930,Deposits held in Foreign Offices,DEPFOR,532845000.0
20250630,Deposits held in Foreign Offices,DEPFOR,536180000.0
20250331,Deposits held in Foreign Offices,DEPFOR,504086000.0
20241231,Deposits held in Foreign Offices,DEPFOR,474352000.0
20240930,Deposits held in Foreign Offices,DEPFOR,499664000.0
20240630,Deposits held in Foreign Offices,DEPFOR,479480000.0
20240331,Deposits held in Foreign Offices,DEPFOR,464778000.0
20231231,Deposits held in Foreign Offices,DEPFOR,460316000.0
20230930,Deposits held in Foreign Offices,DEPFOR,438966000.0
20230630,Deposits held in Foreign Offices,DEPFOR,437608000.0
20230331,Deposits held in Foreign Offices,DEPFOR,429267000.0
20260630,"Individuals, Partnerships, and Corporations",DEPIPCCF,498654000.0
20260331,"Individuals, Partnerships, and Corporations",DEPIPCCF,480889000.0
20251231,"Individuals, Partnerships, and Corporations",DEPIPCCF,454449000.0
20250930,"Individuals, Partnerships, and Corporations",DEPIPCCF,447540000.0
20250630,"Individuals, Partnerships, and Corporations",DEPIPCCF,445493000.0
20250331,"Individuals, Partnerships, and Corporations",DEPIPCCF,417337000.0
20241231,"Individuals, Partnerships, and Corporations",DEPIPCCF,396529000.0
20240930,"Individuals, Partnerships, and Corporations",DEPIPCCF,408126000.0
20240630,"Individuals, Partnerships, and Corporations",DEPIPCCF,390313000.0
20240331,"Individuals, Partnerships, and Corporations",DEPIPCCF,368504000.0
20231231,"Individuals, Partnerships, and Corporations",DEPIPCCF,372239000.0
20230930,"Individuals, Partnerships, and Corporations",DEPIPCCF,347357000.0
20230630,"Individuals, Partnerships, and Corporations",DEPIPCCF,339747000.0
20230331,"Individuals, Partnerships, and Corporations",DEPIPCCF,344304000.0
20260630,Commercial Banks and Other Depository Institutions in US,DEPUSBKF,1788000.0
20260331,Commercial Banks and Other Depository Institutions in US,DEPUSBKF,2483000.0
20251231,Commercial Banks and Other Depository Institutions in US,DEPUSBKF,825000.0
20250930,Commercial Banks and Other Depository Institutions in US,DEPUSBKF,1001000.0
20250630,Commercial Banks and Other Depository Institutions in US,DEPUSBKF,1129000.0
20250331,Commercial Banks and Other Depository Institutions in US,DEPUSBKF,853000.0
20241231,Commercial Banks and Other Depository Institutions in US,DEPUSBKF,650000.0
20240930,Commercial Banks and Other Depository Institutions in US,DEPUSBKF,683000.0
20240630,Commercial Banks and Other Depository Institutions in US,DEPUSBKF,694000.0
20240331,Commercial Banks and Other Depository Institutions in US,DEPUSBKF,668000.0
20231231,Commercial Banks and Other Depository Institutions in US,DEPUSBKF,1069000.0
20230930,Commercial Banks and Other Depository Institutions in US,DEPUSBKF,1211000.0
20230630,Commercial Banks and Other Depository Institutions in US,DEPUSBKF,1526000.0
20230331,Commercial Banks and Other Depository Institutions in US,DEPUSBKF,1862000.0
20260630,Banks in Foreign Countries,DEPFBKF,45443000.0
20260331,Banks in Foreign Countries,DEPFBKF,46411000.0
20251231,Banks in Foreign Countries,DEPFBKF,41714000.0
20250930,Banks in Foreign Countries,DEPFBKF,43808000.0
20250630,Banks in Foreign Countries,DEPFBKF,40262000.0
20250331,Banks in Foreign Countries,DEPFBKF,40227000.0
20241231,Banks in Foreign Countries,DEPFBKF,46247000.0
20240930,Banks in Foreign Countries,DEPFBKF,48309000.0
20240630,Banks in Foreign Countries,DEPFBKF,47633000.0
20240331,Banks in Foreign Countries,DEPFBKF,49373000.0
20231231,Banks in Foreign Countries,DEPFBKF,46913000.0
20230930,Banks in Foreign Countries,DEPFBKF,49103000.0
20230630,Banks in Foreign Countries,DEPFBKF,51244000.0
20230331,Banks in Foreign Countries,DEPFBKF,48107000.0
20260630,Foreign Governments and Official Institutions,DEPFGOVF,47432000.0
20260331,Foreign Governments and Official Institutions,DEPFGOVF,48239000.0
20251231,Foreign Governments and Official Institutions,DEPFGOVF,32886000.0
20250930,Foreign Governments and Official Institutions,DEPFGOVF,40353000.0
20250630,Foreign Governments and Official Institutions,DEPFGOVF,49136000.0
20250331,Foreign Governments and Official Institutions,DEPFGOVF,45512000.0
20241231,Foreign Governments and Official Institutions,DEPFGOVF,30852000.0
20240930,Foreign Governments and Official Institutions,DEPFGOVF,42477000.0
20240630,Foreign Governments and Official Institutions,DEPFGOVF,40779000.0
20240331,Foreign Governments and Official Institutions,DEPFGOVF,46168000.0
20231231,Foreign Governments and Official Institutions,DEPFGOVF,40041000.0
20230930,Foreign Governments and Official Institutions,DEPFGOVF,41247000.0
20230630,Foreign Governments and Official Institutions,DEPFGOVF,45028000.0
20230331,Foreign Governments and Official Institutions,DEPFGOVF,34922000.0
20260630,"US Government, States, and Political Subdivisions",DEPUSMF,177000.0
20260331,"US Government, States, and Political Subdivisions",DEPUSMF,149000.0
20251231,"US Government, States, and Political Subdivisions",DEPUSMF,175000.0
20250930,"US Government, States, and Political Subdivisions",DEPUSMF,143000.0
20250630,"US Government, States, and Political Subdivisions",DEPUSMF,160000.0
20250331,"US Government, States, and Political Subdivisions",DEPUSMF,157000.0
20241231,"US Government, States, and Political Subdivisions",DEPUSMF,74000.0
20240930,"US Government, States, and Political Subdivisions",DEPUSMF,69000.0
20240630,"US Government, States, and Political Subdivisions",DEPUSMF,61000.0
20240331,"US Government, States, and Political Subdivisions",DEPUSMF,65000.0
20231231,"US Government, States, and Political Subdivisions",DEPUSMF,54000.0
20230930,"US Government, States, and Political Subdivisions",DEPUSMF,48000.0
20230630,"US Government, States, and Political Subdivisions",DEPUSMF,63000.0
20230331,"US Government, States, and Political Subdivisions",DEPUSMF,72000.0
20260630,Noninterest-bearing Deposits,DEPNIFOR,43761000.0
20260331,Noninterest-bearing Deposits,DEPNIFOR,45462000.0
20251231,Noninterest-bearing Deposits,DEPNIFOR,38805000.0
20250930,Noninterest-bearing Deposits,DEPNIFOR,35916000.0
20250630,Noninterest-bearing Deposits,DEPNIFOR,31706000.0
20250331,Noninterest-bearing Deposits,DEPNIFOR,31591000.0
20241231,Noninterest-bearing Deposits,DEPNIFOR,28522000.0
20240930,Noninterest-bearing Deposits,DEPNIFOR,33172000.0
20240630,Noninterest-bearing Deposits,DEPNIFOR,28178000.0
20240331,Noninterest-bearing Deposits,DEPNIFOR,25569000.0
20231231,Noninterest-bearing Deposits,DEPNIFOR,24492000.0
20230930,Noninterest-bearing Deposits,DEPNIFOR,23863000.0
20230630,Noninterest-bearing Deposits,DEPNIFOR,25774000.0
20230331,Noninterest-bearing Deposits,DEPNIFOR,26623000.0
20260630,Interest-bearing Deposits,DEPIFOR,549733000.0
20260331,Interest-bearing Deposits,DEPIFOR,532709000.0
20251231,Interest-bearing Deposits,DEPIFOR,491244000.0
20250930,Interest-bearing Deposits,DEPIFOR,496929000.0
20250630,Interest-bearing Deposits,DEPIFOR,504474000.0
20250331,Interest-bearing Deposits,DEPIFOR,472495000.0
20241231,Interest-bearing Deposits,DEPIFOR,445830000.0
20240930,Interest-bearing Deposits,DEPIFOR,466492000.0
20240630,Interest-bearing Deposits,DEPIFOR,451302000.0
20240331,Interest-bearing Deposits,DEPIFOR,439209000.0
20231231,Interest-bearing Deposits,DEPIFOR,435824000.0
20230930,Interest-bearing Deposits,DEPIFOR,415103000.0
20230630,Interest-bearing Deposits,DEPIFOR,411834000.0
20230331,Interest-bearing Deposits,DEPIFOR,402644000.0
20260630,Memoranda: Selected Components of Domestic Deposits,N/A,
20260331,Memoranda: Selected Components of Domestic Deposits,N/A,
20251231,Memoranda: Selected Components of Domestic Deposits,N/A,
20250930,Memoranda: Selected Components of Domestic Deposits,N/A,
20250630,Memoranda: Selected Components of Domestic Deposits,N/A,
20250331,Memoranda: Selected Components of Domestic Deposits,N/A,
20241231,Memoranda: Selected Components of Domestic Deposits,N/A,
20240930,Memoranda: Selected Components of Domestic Deposits,N/A,
20240630,Memoranda: Selected Components of Domestic Deposits,N/A,
20240331,Memoranda: Selected Components of Domestic Deposits,N/A,
20231231,Memoranda: Selected Components of Domestic Deposits,N/A,
20230930,Memoranda: Selected Components of Domestic Deposits,N/A,
20230630,Memoranda: Selected Components of Domestic Deposits,N/A,
20230331,Memoranda: Selected Components of Domestic Deposits,N/A,
20260630,Demand Deposits,DDT,479865000.0
20260331,Demand Deposits,DDT,480970000.0
20251231,Demand Deposits,DDT,512800000.0
20250930,Demand Deposits,DDT,489023000.0
20250630,Demand Deposits,DDT,490203000.0
20250331,Demand Deposits,DDT,460274000.0
20241231,Demand Deposits,DDT,433025000.0
20240930,Demand Deposits,DDT,410517000.0
20240630,Demand Deposits,DDT,401113000.0
20240331,Demand Deposits,DDT,413024000.0
20231231,Demand Deposits,DDT,409903000.0
20230930,Demand Deposits,DDT,403470000.0
20230630,Demand Deposits,DDT,440875000.0
20230331,Demand Deposits,DDT,441320000.0
20260630,Money Market Savings Deposits Nontransactions Accounts (MMDAs),NTRSMMDA,1084237000.0
20260331,Money Market Savings Deposits Nontransactions Accounts (MMDAs),NTRSMMDA,1060735000.0
20251231,Money Market Savings Deposits Nontransactions Accounts (MMDAs),NTRSMMDA,1019737000.0
20250930,Money Market Savings Deposits Nontransactions Accounts (MMDAs),NTRSMMDA,1004992000.0
20250630,Money Market Savings Deposits Nontransactions Accounts (MMDAs),NTRSMMDA,991242000.0
20250331,Money Market Savings Deposits Nontransactions Accounts (MMDAs),NTRSMMDA,973370000.0
20241231,Money Market Savings Deposits Nontransactions Accounts (MMDAs),NTRSMMDA,960948000.0
20240930,Money Market Savings Deposits Nontransactions Accounts (MMDAs),NTRSMMDA,907994000.0
20240630,Money Market Savings Deposits Nontransactions Accounts (MMDAs),NTRSMMDA,885078000.0
20240331,Money Market Savings Deposits Nontransactions Accounts (MMDAs),NTRSMMDA,909749000.0
20231231,Money Market Savings Deposits Nontransactions Accounts (MMDAs),NTRSMMDA,888864000.0
20230930,Money Market Savings Deposits Nontransactions Accounts (MMDAs),NTRSMMDA,901818000.0
20230630,Money Market Savings Deposits Nontransactions Accounts (MMDAs),NTRSMMDA,890560000.0
20230331,Money Market Savings Deposits Nontransactions Accounts (MMDAs),NTRSMMDA,895127000.0
20260630,Other Savings Deposits Nontransaction Accounts (Excluding MMDAs),NTRSOTH,312826000.0
20260331,Other Savings Deposits Nontransaction Accounts (Excluding MMDAs),NTRSOTH,317834000.0
20251231,Other Savings Deposits Nontransaction Accounts (Excluding MMDAs),NTRSOTH,312700000.0
20250930,Other Savings Deposits Nontransaction Accounts (Excluding MMDAs),NTRSOTH,314440000.0
20250630,Other Savings Deposits Nontransaction Accounts (Excluding MMDAs),NTRSOTH,318996000.0
20250331,Other Savings Deposits Nontransaction Accounts (Excluding MMDAs),NTRSOTH,329494000.0
20241231,Other Savings Deposits Nontransaction Accounts (Excluding MMDAs),NTRSOTH,322287000.0
20240930,Other Savings Deposits Nontransaction Accounts (Excluding MMDAs),NTRSOTH,359812000.0
20240630,Other Savings Deposits Nontransaction Accounts (Excluding MMDAs),NTRSOTH,369498000.0
20240331,Other Savings Deposits Nontransaction Accounts (Excluding MMDAs),NTRSOTH,382013000.0
20231231,Other Savings Deposits Nontransaction Accounts (Excluding MMDAs),NTRSOTH,393445000.0
20230930,Other Savings Deposits Nontransaction Accounts (Excluding MMDAs),NTRSOTH,416143000.0
20230630,Other Savings Deposits Nontransaction Accounts (Excluding MMDAs),NTRSOTH,477647000.0
20230331,Other Savings Deposits Nontransaction Accounts (Excluding MMDAs),NTRSOTH,482211000.0
20260630,Total Time and Savings Deposits,TS,1746925000.0
20260331,Total Time and Savings Deposits,TS,1728853000.0
20251231,Total Time and Savings Deposits,TS,1654993000.0
20250930,Total Time and Savings Deposits,TS,1627570000.0
20250630,Total Time and Savings Deposits,TS,1642778000.0
20250331,Total Time and Savings Deposits,TS,1636861000.0
20241231,Total Time and Savings Deposits,TS,1609621000.0
20240930,Total Time and Savings Deposits,TS,1621823000.0
20240630,Total Time and Savings Deposits,TS,1607638000.0
20240331,Total Time and Savings Deposits,TS,1648083000.0
20231231,Total Time and Savings Deposits,TS,1628012000.0
20230930,Total Time and Savings Deposits,TS,1617485000.0
20230630,Total Time and Savings Deposits,TS,1627167000.0
20230331,Total Time and Savings Deposits,TS,1602326000.0
20260630,Noninterest-bearing Deposits,DEPNIDOM,628795000.0
20260331,Noninterest-bearing Deposits,DEPNIDOM,598286000.0
20251231,Noninterest-bearing Deposits,DEPNIDOM,586628000.0
20250930,Noninterest-bearing Deposits,DEPNIDOM,591524000.0
20250630,Noninterest-bearing Deposits,DEPNIDOM,593318000.0
20250331,Noninterest-bearing Deposits,DEPNIDOM,583708000.0
20241231,Noninterest-bearing Deposits,DEPNIDOM,594716000.0
20240930,Noninterest-bearing Deposits,DEPNIDOM,613366000.0
20240630,Noninterest-bearing Deposits,DEPNIDOM,634654000.0
20240331,Noninterest-bearing Deposits,DEPNIDOM,659690000.0
20231231,Noninterest-bearing Deposits,DEPNIDOM,645872000.0
20230930,Noninterest-bearing Deposits,DEPNIDOM,653677000.0
20230630,Noninterest-bearing Deposits,DEPNIDOM,661020000.0
20230331,Noninterest-bearing Deposits,DEPNIDOM,667827000.0
20260630,Interest-bearing Deposits,DEPIDOM,1597995000.0
20260331,Interest-bearing Deposits,DEPIDOM,1611537000.0
20251231,Interest-bearing Deposits,DEPIDOM,1581165000.0
20250930,Interest-bearing Deposits,DEPIDOM,1525069000.0
20250630,Interest-bearing Deposits,DEPIDOM,1539663000.0
20250331,Interest-bearing Deposits,DEPIDOM,1513427000.0
20241231,Interest-bearing Deposits,DEPIDOM,1447930000.0
20240930,Interest-bearing Deposits,DEPIDOM,1418974000.0
20240630,Interest-bearing Deposits,DEPIDOM,1374097000.0
20240331,Interest-bearing Deposits,DEPIDOM,1401417000.0
20231231,Interest-bearing Deposits,DEPIDOM,1392043000.0
20230930,Interest-bearing Deposits,DEPIDOM,1367278000.0
20230630,Interest-bearing Deposits,DEPIDOM,1407022000.0
20230331,Interest-bearing Deposits,DEPIDOM,1375819000.0
20260630,Core (Retail) Deposits,COREDEP,1986736000.0
20260331,Core (Retail) Deposits,COREDEP,1976710000.0
20251231,Core (Retail) Deposits,COREDEP,1955670000.0
20250930,Core (Retail) Deposits,COREDEP,1914921000.0
20250630,Core (Retail) Deposits,COREDEP,1913736000.0
20250331,Core (Retail) Deposits,COREDEP,1878776000.0
20241231,Core (Retail) Deposits,COREDEP,1833157000.0
20240930,Core (Retail) Deposits,COREDEP,1798410000.0
20240630,Core (Retail) Deposits,COREDEP,1770984000.0
20240331,Core (Retail) Deposits,COREDEP,1820326000.0
20231231,Core (Retail) Deposits,COREDEP,1796046000.0
20230930,Core (Retail) Deposits,COREDEP,1814374000.0
20230630,Core (Retail) Deposits,COREDEP,1891138000.0
20230331,Core (Retail) Deposits,COREDEP,1891963000.0
20260630,Estimated Insured Deposits,DEPINS,893279000.0
20260331,Estimated Insured Deposits,DEPINS,967916000.0
20251231,Estimated Insured Deposits,DEPINS,938897000.0
20250930,Estimated Insured Deposits,DEPINS,938795000.0
20250630,Estimated Insured Deposits,DEPINS,951653000.0
20250331,Estimated Insured Deposits,DEPINS,960501000.0
20241231,Estimated Insured Deposits,DEPINS,938629000.0
20240930,Estimated Insured Deposits,DEPINS,952582000.0
20240630,Estimated Insured Deposits,DEPINS,982939000.0
20240331,Estimated Insured Deposits,DEPINS,1019452000.0
20231231,Estimated Insured Deposits,DEPINS,1011022000.0
20230930,Estimated Insured Deposits,DEPINS,1010634000.0
20230630,Estimated Insured Deposits,DEPINS,1031013000.0
20230331,Estimated Insured Deposits,DEPINS,1002751000.0
20260630,Estimated Uninsured Deposits in Domestic Offices and in Insured Branches in US Territories and Possessions,DEPUNINS,1392514000.0
20260331,Estimated Uninsured Deposits in Domestic Offices and in Insured Branches in US Territories and Possessions,DEPUNINS,1287930000.0
20251231,Estimated Uninsured Deposits in Domestic Offices and in Insured Branches in US Territories and Possessions,DEPUNINS,1272310000.0
20250930,Estimated Uninsured Deposits in Domestic Offices and in Insured Branches in US Territories and Possessions,DEPUNINS,1223904000.0
20250630,Estimated Uninsured Deposits in Domestic Offices and in Insured Branches in US Territories and Possessions,DEPUNINS,1225122000.0
20250331,Estimated Uninsured Deposits in Domestic Offices and in Insured Branches in US Territories and Possessions,DEPUNINS,1184618000.0
20241231,Estimated Uninsured Deposits in Domestic Offices and in Insured Branches in US Territories and Possessions,DEPUNINS,1151030000.0
20240930,Estimated Uninsured Deposits in Domestic Offices and in Insured Branches in US Territories and Possessions,DEPUNINS,1129926000.0
20240630,Estimated Uninsured Deposits in Domestic Offices and in Insured Branches in US Territories and Possessions,DEPUNINS,1072729000.0
20240331,Estimated Uninsured Deposits in Domestic Offices and in Insured Branches in US Territories and Possessions,DEPUNINS,1090561000.0
20231231,Estimated Uninsured Deposits in Domestic Offices and in Insured Branches in US Territories and Possessions,DEPUNINS,1069513000.0
20230930,Estimated Uninsured Deposits in Domestic Offices and in Insured Branches in US Territories and Possessions,DEPUNINS,1068007000.0
20230630,Estimated Uninsured Deposits in Domestic Offices and in Insured Branches in US Territories and Possessions,DEPUNINS,1088824000.0
20230331,Estimated Uninsured Deposits in Domestic Offices and in Insured Branches in US Territories and Possessions,DEPUNINS,1092458000.0
20260630,IRAs and Keogh Plan Accounts,IRAKEOGH,10665000.0
20260331,IRAs and Keogh Plan Accounts,IRAKEOGH,10966000.0
20251231,IRAs and Keogh Plan Accounts,IRAKEOGH,11432000.0
20250930,IRAs and Keogh Plan Accounts,IRAKEOGH,11059000.0
20250630,IRAs and Keogh Plan Accounts,IRAKEOGH,11464000.0
20250331,IRAs and Keogh Plan Accounts,IRAKEOGH,11509000.0
20241231,IRAs and Keogh Plan Accounts,IRAKEOGH,11794000.0
20240930,IRAs and Keogh Plan Accounts,IRAKEOGH,11142000.0
20240630,IRAs and Keogh Plan Accounts,IRAKEOGH,10927000.0
20240331,IRAs and Keogh Plan Accounts,IRAKEOGH,11428000.0
20231231,IRAs and Keogh Plan Accounts,IRAKEOGH,12040000.0
20230930,IRAs and Keogh Plan Accounts,IRAKEOGH,11927000.0
20230630,IRAs and Keogh Plan Accounts,IRAKEOGH,14090000.0
20230331,IRAs and Keogh Plan Accounts,IRAKEOGH,11995000.0
20260630,Total Brokered Deposits,BRO,54909000.0
20260331,Total Brokered Deposits,BRO,49354000.0
20251231,Total Brokered Deposits,BRO,51372000.0
20250930,Total Brokered Deposits,BRO,65046000.0
20250630,Total Brokered Deposits,BRO,71773000.0
20250331,Total Brokered Deposits,BRO,67758000.0
20241231,Total Brokered Deposits,BRO,63085000.0
20240930,Total Brokered Deposits,BRO,81369000.0
20240630,Total Brokered Deposits,BRO,100385000.0
20240331,Total Brokered Deposits,BRO,112902000.0
20231231,Total Brokered Deposits,BRO,113470000.0
20230930,Total Brokered Deposits,BRO,100400000.0
20230630,Total Brokered Deposits,BRO,90816000.0
20230331,Total Brokered Deposits,BRO,68715000.0
20260630,Fully Insured Brokered Deposits,BROINS,37909000.0
20260331,Fully Insured Brokered Deposits,BROINS,31399000.0
20251231,Fully Insured Brokered Deposits,BROINS,33031000.0
20250930,Fully Insured Brokered Deposits,BROINS,47129000.0
20250630,Fully Insured Brokered Deposits,BROINS,53398000.0
20250331,Fully Insured Brokered Deposits,BROINS,48936000.0
20241231,Fully Insured Brokered Deposits,BROINS,44180000.0
20240930,Fully Insured Brokered Deposits,BROINS,62324000.0
20240630,Fully Insured Brokered Deposits,BROINS,80555000.0
20240331,Fully Insured Brokered Deposits,BROINS,91924000.0
20231231,Fully Insured Brokered Deposits,BROINS,93186000.0
20230930,Fully Insured Brokered Deposits,BROINS,79756000.0
20230630,Fully Insured Brokered Deposits,BROINS,72626000.0
20230331,Fully Insured Brokered Deposits,BROINS,57591000.0
20260630,Estimated Amount of Deposits Obtained Through the Use of Deposit Listing Services that are not Brokered,DEPLSNB,0.0
20260331,Estimated Amount of Deposits Obtained Through the Use of Deposit Listing Services that are not Brokered,DEPLSNB,0.0
20251231,Estimated Amount of Deposits Obtained Through the Use of Deposit Listing Services that are not Brokered,DEPLSNB,0.0
20250930,Estimated Amount of Deposits Obtained Through the Use of Deposit Listing Services that are not Brokered,DEPLSNB,0.0
20250630,Estimated Amount of Deposits Obtained Through the Use of Deposit Listing Services that are not Brokered,DEPLSNB,0.0
20250331,Estimated Amount of Deposits Obtained Through the Use of Deposit Listing Services that are not Brokered,DEPLSNB,0.0
20241231,Estimated Amount of Deposits Obtained Through the Use of Deposit Listing Services that are not Brokered,DEPLSNB,0.0
20240930,Estimated Amount of Deposits Obtained Through the Use of Deposit Listing Services that are not Brokered,DEPLSNB,0.0
20240630,Estimated Amount of Deposits Obtained Through the Use of Deposit Listing Services that are not Brokered,DEPLSNB,0.0
20240331,Estimated Amount of Deposits Obtained Through the Use of Deposit Listing Services that are not Brokered,DEPLSNB,1000.0
20231231,Estimated Amount of Deposits Obtained Through the Use of Deposit Listing Services that are not Brokered,DEPLSNB,1000.0
20230930,Estimated Amount of Deposits Obtained Through the Use of Deposit Listing Services that are not Brokered,DEPLSNB,2000.0
20230630,Estimated Amount of Deposits Obtained Through the Use of Deposit Listing Services that are not Brokered,DEPLSNB,2000.0
20230331,Estimated Amount of Deposits Obtained Through the Use of Deposit Listing Services that are not Brokered,DEPLSNB,0.0
20260630,Deposit Liabilities after Exclusions,DEPCSBQ,2285793000.0
20260331,Deposit Liabilities after Exclusions,DEPCSBQ,2255846000.0
20251231,Deposit Liabilities after Exclusions,DEPCSBQ,2211207000.0
20250930,Deposit Liabilities after Exclusions,DEPCSBQ,2162699000.0
20250630,Deposit Liabilities after Exclusions,DEPCSBQ,2176775000.0
20250331,Deposit Liabilities after Exclusions,DEPCSBQ,2145119000.0
20241231,Deposit Liabilities after Exclusions,DEPCSBQ,2089659000.0
20240930,Deposit Liabilities after Exclusions,DEPCSBQ,2082508000.0
20240630,Deposit Liabilities after Exclusions,DEPCSBQ,2055668000.0
20240331,Deposit Liabilities after Exclusions,DEPCSBQ,2110013000.0
20231231,Deposit Liabilities after Exclusions,DEPCSBQ,2080535000.0
20230930,Deposit Liabilities after Exclusions,DEPCSBQ,2078641000.0
20230630,Deposit Liabilities after Exclusions,DEPCSBQ,2119837000.0
20230331,Deposit Liabilities after Exclusions,DEPCSBQ,2095209000.0
20260630,"Domestic Deposits and Maturity Based on the FDIC Insurance Threshold of $250,000 or $100,000",N/A,
20260331,"Domestic Deposits and Maturity Based on the FDIC Insurance Threshold of $250,000 or $100,000",N/A,
20251231,"Domestic Deposits and Maturity Based on the FDIC Insurance Threshold of $250,000 or $100,000",N/A,
20250930,"Domestic Deposits and Maturity Based on the FDIC Insurance Threshold of $250,000 or $100,000",N/A,
20250630,"Domestic Deposits and Maturity Based on the FDIC Insurance Threshold of $250,000 or $100,000",N/A,
20250331,"Domestic Deposits and Maturity Based on the FDIC Insurance Threshold of $250,000 or $100,000",N/A,
20241231,"Domestic Deposits and Maturity Based on the FDIC Insurance Threshold of $250,000 or $100,000",N/A,
20240930,"Domestic Deposits and Maturity Based on the FDIC Insurance Threshold of $250,000 or $100,000",N/A,
20240630,"Domestic Deposits and Maturity Based on the FDIC Insurance Threshold of $250,000 or $100,000",N/A,
20240331,"Domestic Deposits and Maturity Based on the FDIC Insurance Threshold of $250,000 or $100,000",N/A,
20231231,"Domestic Deposits and Maturity Based on the FDIC Insurance Threshold of $250,000 or $100,000",N/A,
20230930,"Domestic Deposits and Maturity Based on the FDIC Insurance Threshold of $250,000 or $100,000",N/A,
20230630,"Domestic Deposits and Maturity Based on the FDIC Insurance Threshold of $250,000 or $100,000",N/A,
20230331,"Domestic Deposits and Maturity Based on the FDIC Insurance Threshold of $250,000 or $100,000",N/A,
20260630,"Amount of Deposit accounts at $250,000 or less (or $100,000 through June 2009)",DEPSMAMT,800979000.0
20260331,"Amount of Deposit accounts at $250,000 or less (or $100,000 through June 2009)",DEPSMAMT,807193000.0
20251231,"Amount of Deposit accounts at $250,000 or less (or $100,000 through June 2009)",DEPSMAMT,784933000.0
20250930,"Amount of Deposit accounts at $250,000 or less (or $100,000 through June 2009)",DEPSMAMT,786831000.0
20250630,"Amount of Deposit accounts at $250,000 or less (or $100,000 through June 2009)",DEPSMAMT,799366000.0
20250331,"Amount of Deposit accounts at $250,000 or less (or $100,000 through June 2009)",DEPSMAMT,806240000.0
20241231,"Amount of Deposit accounts at $250,000 or less (or $100,000 through June 2009)",DEPSMAMT,788166000.0
20240930,"Amount of Deposit accounts at $250,000 or less (or $100,000 through June 2009)",DEPSMAMT,804060000.0
20240630,"Amount of Deposit accounts at $250,000 or less (or $100,000 through June 2009)",DEPSMAMT,833032000.0
20240331,"Amount of Deposit accounts at $250,000 or less (or $100,000 through June 2009)",DEPSMAMT,862007000.0
20231231,"Amount of Deposit accounts at $250,000 or less (or $100,000 through June 2009)",DEPSMAMT,853021000.0
20230930,"Amount of Deposit accounts at $250,000 or less (or $100,000 through June 2009)",DEPSMAMT,843866000.0
20230630,"Amount of Deposit accounts at $250,000 or less (or $100,000 through June 2009)",DEPSMAMT,853680000.0
20230331,"Amount of Deposit accounts at $250,000 or less (or $100,000 through June 2009)",DEPSMAMT,821393000.0
20260630,"Number of Deposit Accounts Equal to or Less than Equal to $250,000 (or $100,000 through June 2009)",DEPSMB,122279962.0
20260331,"Number of Deposit Accounts Equal to or Less than Equal to $250,000 (or $100,000 through June 2009)",DEPSMB,121617759.0
20251231,"Number of Deposit Accounts Equal to or Less than Equal to $250,000 (or $100,000 through June 2009)",DEPSMB,120152750.0
20250930,"Number of Deposit Accounts Equal to or Less than Equal to $250,000 (or $100,000 through June 2009)",DEPSMB,119131525.0
20250630,"Number of Deposit Accounts Equal to or Less than Equal to $250,000 (or $100,000 through June 2009)",DEPSMB,117078238.0
20250331,"Number of Deposit Accounts Equal to or Less than Equal to $250,000 (or $100,000 through June 2009)",DEPSMB,115691397.0
20241231,"Number of Deposit Accounts Equal to or Less than Equal to $250,000 (or $100,000 through June 2009)",DEPSMB,114463061.0
20240930,"Number of Deposit Accounts Equal to or Less than Equal to $250,000 (or $100,000 through June 2009)",DEPSMB,115040086.0
20240630,"Number of Deposit Accounts Equal to or Less than Equal to $250,000 (or $100,000 through June 2009)",DEPSMB,112160734.0
20240331,"Number of Deposit Accounts Equal to or Less than Equal to $250,000 (or $100,000 through June 2009)",DEPSMB,111802134.0
20231231,"Number of Deposit Accounts Equal to or Less than Equal to $250,000 (or $100,000 through June 2009)",DEPSMB,110165438.0
20230930,"Number of Deposit Accounts Equal to or Less than Equal to $250,000 (or $100,000 through June 2009)",DEPSMB,109164297.0
20230630,"Number of Deposit Accounts Equal to or Less than Equal to $250,000 (or $100,000 through June 2009)",DEPSMB,107545091.0
20230331,"Number of Deposit Accounts Equal to or Less than Equal to $250,000 (or $100,000 through June 2009)",DEPSMB,105240427.0
20260630,"Amount of Deposit Accounts greater than $250,000 (or $100,00 through 2009)",DEPLGAMT,1474149000.0
20260331,"Amount of Deposit Accounts greater than $250,000 (or $100,00 through 2009)",DEPLGAMT,1437686000.0
20251231,"Amount of Deposit Accounts greater than $250,000 (or $100,00 through 2009)",DEPLGAMT,1414842000.0
20250930,"Amount of Deposit Accounts greater than $250,000 (or $100,00 through 2009)",DEPLGAMT,1364809000.0
20250630,"Amount of Deposit Accounts greater than $250,000 (or $100,00 through 2009)",DEPLGAMT,1365945000.0
20250331,"Amount of Deposit Accounts greater than $250,000 (or $100,00 through 2009)",DEPLGAMT,1327369000.0
20241231,"Amount of Deposit Accounts greater than $250,000 (or $100,00 through 2009)",DEPLGAMT,1289699000.0
20240930,"Amount of Deposit Accounts greater than $250,000 (or $100,00 through 2009)",DEPLGAMT,1267306000.0
20240630,"Amount of Deposit Accounts greater than $250,000 (or $100,00 through 2009)",DEPLGAMT,1211709000.0
20240331,"Amount of Deposit Accounts greater than $250,000 (or $100,00 through 2009)",DEPLGAMT,1236577000.0
20231231,"Amount of Deposit Accounts greater than $250,000 (or $100,00 through 2009)",DEPLGAMT,1215474000.0
20230930,"Amount of Deposit Accounts greater than $250,000 (or $100,00 through 2009)",DEPLGAMT,1222846000.0
20230630,"Amount of Deposit Accounts greater than $250,000 (or $100,00 through 2009)",DEPLGAMT,1252067000.0
20230331,"Amount of Deposit Accounts greater than $250,000 (or $100,00 through 2009)",DEPLGAMT,1261820000.0
20260630,"Number of Deposit Account Greater than $250,000 (or $100,000)",DEPLGB,727640.0
20260331,"Number of Deposit Account Greater than $250,000 (or $100,000)",DEPLGB,736736.0
20251231,"Number of Deposit Account Greater than $250,000 (or $100,000)",DEPLGB,708188.0
20250930,"Number of Deposit Account Greater than $250,000 (or $100,000)",DEPLGB,696672.0
20250630,"Number of Deposit Account Greater than $250,000 (or $100,000)",DEPLGB,696349.0
20250331,"Number of Deposit Account Greater than $250,000 (or $100,000)",DEPLGB,718370.0
20241231,"Number of Deposit Account Greater than $250,000 (or $100,000)",DEPLGB,699303.0
20240930,"Number of Deposit Account Greater than $250,000 (or $100,000)",DEPLGB,694663.0
20240630,"Number of Deposit Account Greater than $250,000 (or $100,000)",DEPLGB,704253.0
20240331,"Number of Deposit Account Greater than $250,000 (or $100,000)",DEPLGB,725898.0
20231231,"Number of Deposit Account Greater than $250,000 (or $100,000)",DEPLGB,722326.0
20230930,"Number of Deposit Account Greater than $250,000 (or $100,000)",DEPLGB,743943.0
20230630,"Number of Deposit Account Greater than $250,000 (or $100,000)",DEPLGB,769074.0
20230331,"Number of Deposit Account Greater than $250,000 (or $100,000)",DEPLGB,766658.0
20260630,"Amount of Retirement Deposit Accounts of $250,000 or less",DEPSMRA,8677000.0
20260331,"Amount of Retirement Deposit Accounts of $250,000 or less",DEPSMRA,9007000.0
20251231,"Amount of Retirement Deposit Accounts of $250,000 or less",DEPSMRA,9520000.0
20250930,"Amount of Retirement Deposit Accounts of $250,000 or less",DEPSMRA,9204000.0
20250630,"Amount of Retirement Deposit Accounts of $250,000 or less",DEPSMRA,9681000.0
20250331,"Amount of Retirement Deposit Accounts of $250,000 or less",DEPSMRA,9717000.0
20241231,"Amount of Retirement Deposit Accounts of $250,000 or less",DEPSMRA,10052000.0
20240930,"Amount of Retirement Deposit Accounts of $250,000 or less",DEPSMRA,9445000.0
20240630,"Amount of Retirement Deposit Accounts of $250,000 or less",DEPSMRA,9305000.0
20240331,"Amount of Retirement Deposit Accounts of $250,000 or less",DEPSMRA,9698000.0
20231231,"Amount of Retirement Deposit Accounts of $250,000 or less",DEPSMRA,10184000.0
20230930,"Amount of Retirement Deposit Accounts of $250,000 or less",DEPSMRA,9960000.0
20230630,"Amount of Retirement Deposit Accounts of $250,000 or less",DEPSMRA,10693000.0
20230331,"Amount of Retirement Deposit Accounts of $250,000 or less",DEPSMRA,9830000.0
20260630,"Number of Retirement Deposit Accounts of $250,000 or less",DEPSMRN,2535386.0
20260331,"Number of Retirement Deposit Accounts of $250,000 or less",DEPSMRN,2479454.0
20251231,"Number of Retirement Deposit Accounts of $250,000 or less",DEPSMRN,2445718.0
20250930,"Number of Retirement Deposit Accounts of $250,000 or less",DEPSMRN,2399869.0
20250630,"Number of Retirement Deposit Accounts of $250,000 or less",DEPSMRN,2414854.0
20250331,"Number of Retirement Deposit Accounts of $250,000 or less",DEPSMRN,2372596.0
20241231,"Number of Retirement Deposit Accounts of $250,000 or less",DEPSMRN,2315290.0
20240930,"Number of Retirement Deposit Accounts of $250,000 or less",DEPSMRN,2267289.0
20240630,"Number of Retirement Deposit Accounts of $250,000 or less",DEPSMRN,2226349.0
20240331,"Number of Retirement Deposit Accounts of $250,000 or less",DEPSMRN,2127923.0
20231231,"Number of Retirement Deposit Accounts of $250,000 or less",DEPSMRN,2108658.0
20230930,"Number of Retirement Deposit Accounts of $250,000 or less",DEPSMRN,2067679.0
20230630,"Number of Retirement Deposit Accounts of $250,000 or less",DEPSMRN,2030624.0
20230331,"Number of Retirement Deposit Accounts of $250,000 or less",DEPSMRN,1950319.0
20260630,"Amount of Retirement Deposit Account of more than $250,000",DEPLGRA,1988000.0
20260331,"Amount of Retirement Deposit Account of more than $250,000",DEPLGRA,1960000.0
20251231,"Amount of Retirement Deposit Account of more than $250,000",DEPLGRA,1912000.0
20250930,"Amount of Retirement Deposit Account of more than $250,000",DEPLGRA,1855000.0
20250630,"Amount of Retirement Deposit Account of more than $250,000",DEPLGRA,1783000.0
20250331,"Amount of Retirement Deposit Account of more than $250,000",DEPLGRA,1793000.0
20241231,"Amount of Retirement Deposit Account of more than $250,000",DEPLGRA,1742000.0
20240930,"Amount of Retirement Deposit Account of more than $250,000",DEPLGRA,1697000.0
20240630,"Amount of Retirement Deposit Account of more than $250,000",DEPLGRA,1622000.0
20240331,"Amount of Retirement Deposit Account of more than $250,000",DEPLGRA,1731000.0
20231231,"Amount of Retirement Deposit Account of more than $250,000",DEPLGRA,1856000.0
20230930,"Amount of Retirement Deposit Account of more than $250,000",DEPLGRA,1969000.0
20230630,"Amount of Retirement Deposit Account of more than $250,000",DEPLGRA,3397000.0
20230331,"Amount of Retirement Deposit Account of more than $250,000",DEPLGRA,2166000.0
20260630,"Number of Retirement Deposit Accounts more than $250,000",DEPLGRN,3965.0
20260331,"Number of Retirement Deposit Accounts more than $250,000",DEPLGRN,3946.0
20251231,"Number of Retirement Deposit Accounts more than $250,000",DEPLGRN,3875.0
20250930,"Number of Retirement Deposit Accounts more than $250,000",DEPLGRN,3831.0
20250630,"Number of Retirement Deposit Accounts more than $250,000",DEPLGRN,3790.0
20250331,"Number of Retirement Deposit Accounts more than $250,000",DEPLGRN,3782.0
20241231,"Number of Retirement Deposit Accounts more than $250,000",DEPLGRN,3693.0
20240930,"Number of Retirement Deposit Accounts more than $250,000",DEPLGRN,3647.0
20240630,"Number of Retirement Deposit Accounts more than $250,000",DEPLGRN,3628.0
20240331,"Number of Retirement Deposit Accounts more than $250,000",DEPLGRN,3839.0
20231231,"Number of Retirement Deposit Accounts more than $250,000",DEPLGRN,4121.0
20230930,"Number of Retirement Deposit Accounts more than $250,000",DEPLGRN,4263.0
20230630,"Number of Retirement Deposit Accounts more than $250,000",DEPLGRN,4669.0
20230331,"Number of Retirement Deposit Accounts more than $250,000",DEPLGRN,4722.0
20260630,"Amount of Non-Interest Bearing Transaction Accounts of More Than $250,000 (2010-2013)",TRNNIA,
20260331,"Amount of Non-Interest Bearing Transaction Accounts of More Than $250,000 (2010-2013)",TRNNIA,
20251231,"Amount of Non-Interest Bearing Transaction Accounts of More Than $250,000 (2010-2013)",TRNNIA,
20250930,"Amount of Non-Interest Bearing Transaction Accounts of More Than $250,000 (2010-2013)",TRNNIA,
20250630,"Amount of Non-Interest Bearing Transaction Accounts of More Than $250,000 (2010-2013)",TRNNIA,
20250331,"Amount of Non-Interest Bearing Transaction Accounts of More Than $250,000 (2010-2013)",TRNNIA,
20241231,"Amount of Non-Interest Bearing Transaction Accounts of More Than $250,000 (2010-2013)",TRNNIA,
20240930,"Amount of Non-Interest Bearing Transaction Accounts of More Than $250,000 (2010-2013)",TRNNIA,
20240630,"Amount of Non-Interest Bearing Transaction Accounts of More Than $250,000 (2010-2013)",TRNNIA,
20240331,"Amount of Non-Interest Bearing Transaction Accounts of More Than $250,000 (2010-2013)",TRNNIA,
20231231,"Amount of Non-Interest Bearing Transaction Accounts of More Than $250,000 (2010-2013)",TRNNIA,
20230930,"Amount of Non-Interest Bearing Transaction Accounts of More Than $250,000 (2010-2013)",TRNNIA,
20230630,"Amount of Non-Interest Bearing Transaction Accounts of More Than $250,000 (2010-2013)",TRNNIA,
20230331,"Amount of Non-Interest Bearing Transaction Accounts of More Than $250,000 (2010-2013)",TRNNIA,
20260630,"Number of Non-Interest Bearing Transaction Account of More Than $250,000 (2010-2013)",TRNNIN,
20260331,"Number of Non-Interest Bearing Transaction Account of More Than $250,000 (2010-2013)",TRNNIN,
20251231,"Number of Non-Interest Bearing Transaction Account of More Than $250,000 (2010-2013)",TRNNIN,
20250930,"Number of Non-Interest Bearing Transaction Account of More Than $250,000 (2010-2013)",TRNNIN,
20250630,"Number of Non-Interest Bearing Transaction Account of More Than $250,000 (2010-2013)",TRNNIN,
20250331,"Number of Non-Interest Bearing Transaction Account of More Than $250,000 (2010-2013)",TRNNIN,
20241231,"Number of Non-Interest Bearing Transaction Account of More Than $250,000 (2010-2013)",TRNNIN,
20240930,"Number of Non-Interest Bearing Transaction Account of More Than $250,000 (2010-2013)",TRNNIN,
20240630,"Number of Non-Interest Bearing Transaction Account of More Than $250,000 (2010-2013)",TRNNIN,
20240331,"Number of Non-Interest Bearing Transaction Account of More Than $250,000 (2010-2013)",TRNNIN,
20231231,"Number of Non-Interest Bearing Transaction Account of More Than $250,000 (2010-2013)",TRNNIN,
20230930,"Number of Non-Interest Bearing Transaction Account of More Than $250,000 (2010-2013)",TRNNIN,
20230630,"Number of Non-Interest Bearing Transaction Account of More Than $250,000 (2010-2013)",TRNNIN,
20230331,"Number of Non-Interest Bearing Transaction Account of More Than $250,000 (2010-2013)",TRNNIN,
20260630,"Amount of Time Deposits of $100,000 or less",NTRCDSM,42346000.0
20260331,"Amount of Time Deposits of $100,000 or less",NTRCDSM,36415000.0
20251231,"Amount of Time Deposits of $100,000 or less",NTRCDSM,37718000.0
20250930,"Amount of Time Deposits of $100,000 or less",NTRCDSM,52437000.0
20250630,"Amount of Time Deposits of $100,000 or less",NTRCDSM,60431000.0
20250331,"Amount of Time Deposits of $100,000 or less",NTRCDSM,56344000.0
20241231,"Amount of Time Deposits of $100,000 or less",NTRCDSM,52185000.0
20240930,"Amount of Time Deposits of $100,000 or less",NTRCDSM,72422000.0
20240630,"Amount of Time Deposits of $100,000 or less",NTRCDSM,88838000.0
20240331,"Amount of Time Deposits of $100,000 or less",NTRCDSM,98983000.0
20231231,"Amount of Time Deposits of $100,000 or less",NTRCDSM,94947000.0
20230930,"Amount of Time Deposits of $100,000 or less",NTRCDSM,80622000.0
20230630,"Amount of Time Deposits of $100,000 or less",NTRCDSM,67133000.0
20230331,"Amount of Time Deposits of $100,000 or less",NTRCDSM,49841000.0
20260630,"Amount of Time Deposits of $250,000 or less (or $100,000 through December 2009)",NTRTMMED,52385000.0
20260331,"Amount of Time Deposits of $250,000 or less (or $100,000 through December 2009)",NTRTMMED,56273000.0
20251231,"Amount of Time Deposits of $250,000 or less (or $100,000 through December 2009)",NTRTMMED,51622000.0
20250930,"Amount of Time Deposits of $250,000 or less (or $100,000 through December 2009)",NTRTMMED,50261000.0
20250630,"Amount of Time Deposits of $250,000 or less (or $100,000 through December 2009)",NTRTMMED,53765000.0
20250331,"Amount of Time Deposits of $250,000 or less (or $100,000 through December 2009)",NTRTMMED,52783000.0
20241231,"Amount of Time Deposits of $250,000 or less (or $100,000 through December 2009)",NTRTMMED,54703000.0
20240930,"Amount of Time Deposits of $250,000 or less (or $100,000 through December 2009)",NTRTMMED,59473000.0
20240630,"Amount of Time Deposits of $250,000 or less (or $100,000 through December 2009)",NTRTMMED,57052000.0
20240331,"Amount of Time Deposits of $250,000 or less (or $100,000 through December 2009)",NTRTMMED,56097000.0
20231231,"Amount of Time Deposits of $250,000 or less (or $100,000 through December 2009)",NTRTMMED,48774000.0
20230930,"Amount of Time Deposits of $250,000 or less (or $100,000 through December 2009)",NTRTMMED,40943000.0
20230630,"Amount of Time Deposits of $250,000 or less (or $100,000 through December 2009)",NTRTMMED,33957000.0
20230331,"Amount of Time Deposits of $250,000 or less (or $100,000 through December 2009)",NTRTMMED,22928000.0
20260630,"Amount of Total Time Deposits of more than $250,000 (or $100,000 through December 2009)",NTRTMLGJ,202145000.0
20260331,"Amount of Total Time Deposits of more than $250,000 (or $100,000 through December 2009)",NTRTMLGJ,201714000.0
20251231,"Amount of Total Time Deposits of more than $250,000 (or $100,000 through December 2009)",NTRTMLGJ,179092000.0
20250930,"Amount of Total Time Deposits of more than $250,000 (or $100,000 through December 2009)",NTRTMLGJ,154543000.0
20250630,"Amount of Total Time Deposits of more than $250,000 (or $100,000 through December 2009)",NTRTMLGJ,165847000.0
20250331,"Amount of Total Time Deposits of more than $250,000 (or $100,000 through December 2009)",NTRTMLGJ,169423000.0
20241231,"Amount of Total Time Deposits of more than $250,000 (or $100,000 through December 2009)",NTRTMLGJ,165309000.0
20240930,"Amount of Total Time Deposits of more than $250,000 (or $100,000 through December 2009)",NTRTMLGJ,171606000.0
20240630,"Amount of Total Time Deposits of more than $250,000 (or $100,000 through December 2009)",NTRTMLGJ,157212000.0
20240331,"Amount of Total Time Deposits of more than $250,000 (or $100,000 through December 2009)",NTRTMLGJ,148857000.0
20231231,"Amount of Total Time Deposits of more than $250,000 (or $100,000 through December 2009)",NTRTMLGJ,148683000.0
20230930,"Amount of Total Time Deposits of more than $250,000 (or $100,000 through December 2009)",NTRTMLGJ,126825000.0
20230630,"Amount of Total Time Deposits of more than $250,000 (or $100,000 through December 2009)",NTRTMLGJ,104278000.0
20230331,"Amount of Total Time Deposits of more than $250,000 (or $100,000 through December 2009)",NTRTMLGJ,94092000.0
20260630,"Time Deposits Maturity and repricing based on threshold of $250,000 (or $100,000 through December 2016)",N/A,
20260331,"Time Deposits Maturity and repricing based on threshold of $250,000 (or $100,000 through December 2016)",N/A,
20251231,"Time Deposits Maturity and repricing based on threshold of $250,000 (or $100,000 through December 2016)",N/A,
20250930,"Time Deposits Maturity and repricing based on threshold of $250,000 (or $100,000 through December 2016)",N/A,
20250630,"Time Deposits Maturity and repricing based on threshold of $250,000 (or $100,000 through December 2016)",N/A,
20250331,"Time Deposits Maturity and repricing based on threshold of $250,000 (or $100,000 through December 2016)",N/A,
20241231,"Time Deposits Maturity and repricing based on threshold of $250,000 (or $100,000 through December 2016)",N/A,
20240930,"Time Deposits Maturity and repricing based on threshold of $250,000 (or $100,000 through December 2016)",N/A,
20240630,"Time Deposits Maturity and repricing based on threshold of $250,000 (or $100,000 through December 2016)",N/A,
20240331,"Time Deposits Maturity and repricing based on threshold of $250,000 (or $100,000 through December 2016)",N/A,
20231231,"Time Deposits Maturity and repricing based on threshold of $250,000 (or $100,000 through December 2016)",N/A,
20230930,"Time Deposits Maturity and repricing based on threshold of $250,000 (or $100,000 through December 2016)",N/A,
20230630,"Time Deposits Maturity and repricing based on threshold of $250,000 (or $100,000 through December 2016)",N/A,
20230331,"Time Deposits Maturity and repricing based on threshold of $250,000 (or $100,000 through December 2016)",N/A,
20260630,"Time Deposits of $250,000 or less remaining maturity or repricing of 3-month or less ($100,000 through 2016)",CD3LESS,29689000.0
20260331,"Time Deposits of $250,000 or less remaining maturity or repricing of 3-month or less ($100,000 through 2016)",CD3LESS,66027000.0
20251231,"Time Deposits of $250,000 or less remaining maturity or repricing of 3-month or less ($100,000 through 2016)",CD3LESS,56713000.0
20250930,"Time Deposits of $250,000 or less remaining maturity or repricing of 3-month or less ($100,000 through 2016)",CD3LESS,24969000.0
20250630,"Time Deposits of $250,000 or less remaining maturity or repricing of 3-month or less ($100,000 through 2016)",CD3LESS,55762000.0
20250331,"Time Deposits of $250,000 or less remaining maturity or repricing of 3-month or less ($100,000 through 2016)",CD3LESS,55725000.0
20241231,"Time Deposits of $250,000 or less remaining maturity or repricing of 3-month or less ($100,000 through 2016)",CD3LESS,66984000.0
20240930,"Time Deposits of $250,000 or less remaining maturity or repricing of 3-month or less ($100,000 through 2016)",CD3LESS,60869000.0
20240630,"Time Deposits of $250,000 or less remaining maturity or repricing of 3-month or less ($100,000 through 2016)",CD3LESS,40365000.0
20240331,"Time Deposits of $250,000 or less remaining maturity or repricing of 3-month or less ($100,000 through 2016)",CD3LESS,54869000.0
20231231,"Time Deposits of $250,000 or less remaining maturity or repricing of 3-month or less ($100,000 through 2016)",CD3LESS,43436000.0
20230930,"Time Deposits of $250,000 or less remaining maturity or repricing of 3-month or less ($100,000 through 2016)",CD3LESS,26987000.0
20230630,"Time Deposits of $250,000 or less remaining maturity or repricing of 3-month or less ($100,000 through 2016)",CD3LESS,31371000.0
20230331,"Time Deposits of $250,000 or less remaining maturity or repricing of 3-month or less ($100,000 through 2016)",CD3LESS,17503000.0
20260630,"Time Deposits of $250,000 or less remaining maturity or repricing of 3-12 months ($100,000 through 2016)",CD3T12S,49881000.0
20260331,"Time Deposits of $250,000 or less remaining maturity or repricing of 3-12 months ($100,000 through 2016)",CD3T12S,15662000.0
20251231,"Time Deposits of $250,000 or less remaining maturity or repricing of 3-12 months ($100,000 through 2016)",CD3T12S,22191000.0
20250930,"Time Deposits of $250,000 or less remaining maturity or repricing of 3-12 months ($100,000 through 2016)",CD3T12S,62689000.0
20250630,"Time Deposits of $250,000 or less remaining maturity or repricing of 3-12 months ($100,000 through 2016)",CD3T12S,41522000.0
20250331,"Time Deposits of $250,000 or less remaining maturity or repricing of 3-12 months ($100,000 through 2016)",CD3T12S,36685000.0
20241231,"Time Deposits of $250,000 or less remaining maturity or repricing of 3-12 months ($100,000 through 2016)",CD3T12S,25944000.0
20240930,"Time Deposits of $250,000 or less remaining maturity or repricing of 3-12 months ($100,000 through 2016)",CD3T12S,59716000.0
20240630,"Time Deposits of $250,000 or less remaining maturity or repricing of 3-12 months ($100,000 through 2016)",CD3T12S,93294000.0
20240331,"Time Deposits of $250,000 or less remaining maturity or repricing of 3-12 months ($100,000 through 2016)",CD3T12S,89244000.0
20231231,"Time Deposits of $250,000 or less remaining maturity or repricing of 3-12 months ($100,000 through 2016)",CD3T12S,87216000.0
20230930,"Time Deposits of $250,000 or less remaining maturity or repricing of 3-12 months ($100,000 through 2016)",CD3T12S,78587000.0
20230630,"Time Deposits of $250,000 or less remaining maturity or repricing of 3-12 months ($100,000 through 2016)",CD3T12S,55922000.0
20230331,"Time Deposits of $250,000 or less remaining maturity or repricing of 3-12 months ($100,000 through 2016)",CD3T12S,41753000.0
20260630,"Time Deposits of $250,000 or less remaining maturity or repricing of 1-3 years ($100,000 through 2016)",CD1T3S,8814000.0
20260331,"Time Deposits of $250,000 or less remaining maturity or repricing of 1-3 years ($100,000 through 2016)",CD1T3S,5959000.0
20251231,"Time Deposits of $250,000 or less remaining maturity or repricing of 1-3 years ($100,000 through 2016)",CD1T3S,6277000.0
20250930,"Time Deposits of $250,000 or less remaining maturity or repricing of 1-3 years ($100,000 through 2016)",CD1T3S,10877000.0
20250630,"Time Deposits of $250,000 or less remaining maturity or repricing of 1-3 years ($100,000 through 2016)",CD1T3S,12840000.0
20250331,"Time Deposits of $250,000 or less remaining maturity or repricing of 1-3 years ($100,000 through 2016)",CD1T3S,12528000.0
20241231,"Time Deposits of $250,000 or less remaining maturity or repricing of 1-3 years ($100,000 through 2016)",CD1T3S,7482000.0
20240930,"Time Deposits of $250,000 or less remaining maturity or repricing of 1-3 years ($100,000 through 2016)",CD1T3S,7297000.0
20240630,"Time Deposits of $250,000 or less remaining maturity or repricing of 1-3 years ($100,000 through 2016)",CD1T3S,8219000.0
20240331,"Time Deposits of $250,000 or less remaining maturity or repricing of 1-3 years ($100,000 through 2016)",CD1T3S,7000000.0
20231231,"Time Deposits of $250,000 or less remaining maturity or repricing of 1-3 years ($100,000 through 2016)",CD1T3S,8834000.0
20230930,"Time Deposits of $250,000 or less remaining maturity or repricing of 1-3 years ($100,000 through 2016)",CD1T3S,11755000.0
20230630,"Time Deposits of $250,000 or less remaining maturity or repricing of 1-3 years ($100,000 through 2016)",CD1T3S,9633000.0
20230331,"Time Deposits of $250,000 or less remaining maturity or repricing of 1-3 years ($100,000 through 2016)",CD1T3S,9193000.0
20260630,"Time Deposits of $250,000 or less remaining maturity or repricing of over 3 years ($100,000 through 2016)",CDOV3S,6347000.0
20260331,"Time Deposits of $250,000 or less remaining maturity or repricing of over 3 years ($100,000 through 2016)",CDOV3S,5040000.0
20251231,"Time Deposits of $250,000 or less remaining maturity or repricing of over 3 years ($100,000 through 2016)",CDOV3S,4159000.0
20250930,"Time Deposits of $250,000 or less remaining maturity or repricing of over 3 years ($100,000 through 2016)",CDOV3S,4163000.0
20250630,"Time Deposits of $250,000 or less remaining maturity or repricing of over 3 years ($100,000 through 2016)",CDOV3S,4072000.0
20250331,"Time Deposits of $250,000 or less remaining maturity or repricing of over 3 years ($100,000 through 2016)",CDOV3S,4189000.0
20241231,"Time Deposits of $250,000 or less remaining maturity or repricing of over 3 years ($100,000 through 2016)",CDOV3S,6478000.0
20240930,"Time Deposits of $250,000 or less remaining maturity or repricing of over 3 years ($100,000 through 2016)",CDOV3S,4013000.0
20240630,"Time Deposits of $250,000 or less remaining maturity or repricing of over 3 years ($100,000 through 2016)",CDOV3S,4012000.0
20240331,"Time Deposits of $250,000 or less remaining maturity or repricing of over 3 years ($100,000 through 2016)",CDOV3S,3967000.0
20231231,"Time Deposits of $250,000 or less remaining maturity or repricing of over 3 years ($100,000 through 2016)",CDOV3S,4235000.0
20230930,"Time Deposits of $250,000 or less remaining maturity or repricing of over 3 years ($100,000 through 2016)",CDOV3S,4236000.0
20230630,"Time Deposits of $250,000 or less remaining maturity or repricing of over 3 years ($100,000 through 2016)",CDOV3S,4164000.0
20230331,"Time Deposits of $250,000 or less remaining maturity or repricing of over 3 years ($100,000 through 2016)",CDOV3S,4320000.0
20260630,"Time Deposits of $250,000 or more remaining maturity or repricing of 3 months or less ($100,000 through 2016)",CD3LES,157680000.0
20260331,"Time Deposits of $250,000 or more remaining maturity or repricing of 3 months or less ($100,000 through 2016)",CD3LES,185495000.0
20251231,"Time Deposits of $250,000 or more remaining maturity or repricing of 3 months or less ($100,000 through 2016)",CD3LES,156805000.0
20250930,"Time Deposits of $250,000 or more remaining maturity or repricing of 3 months or less ($100,000 through 2016)",CD3LES,113907000.0
20250630,"Time Deposits of $250,000 or more remaining maturity or repricing of 3 months or less ($100,000 through 2016)",CD3LES,144918000.0
20250331,"Time Deposits of $250,000 or more remaining maturity or repricing of 3 months or less ($100,000 through 2016)",CD3LES,146290000.0
20241231,"Time Deposits of $250,000 or more remaining maturity or repricing of 3 months or less ($100,000 through 2016)",CD3LES,144466000.0
20240930,"Time Deposits of $250,000 or more remaining maturity or repricing of 3 months or less ($100,000 through 2016)",CD3LES,141989000.0
20240630,"Time Deposits of $250,000 or more remaining maturity or repricing of 3 months or less ($100,000 through 2016)",CD3LES,117696000.0
20240331,"Time Deposits of $250,000 or more remaining maturity or repricing of 3 months or less ($100,000 through 2016)",CD3LES,113702000.0
20231231,"Time Deposits of $250,000 or more remaining maturity or repricing of 3 months or less ($100,000 through 2016)",CD3LES,114078000.0
20230930,"Time Deposits of $250,000 or more remaining maturity or repricing of 3 months or less ($100,000 through 2016)",CD3LES,85332000.0
20230630,"Time Deposits of $250,000 or more remaining maturity or repricing of 3 months or less ($100,000 through 2016)",CD3LES,71870000.0
20230331,"Time Deposits of $250,000 or more remaining maturity or repricing of 3 months or less ($100,000 through 2016)",CD3LES,68449000.0
20260630,"Time Deposits of $250,000 or more remaining maturity or repricing of 3-12 months ($100,000 through 2016)",CD3T12,43934000.0
20260331,"Time Deposits of $250,000 or more remaining maturity or repricing of 3-12 months ($100,000 through 2016)",CD3T12,15720000.0
20251231,"Time Deposits of $250,000 or more remaining maturity or repricing of 3-12 months ($100,000 through 2016)",CD3T12,21753000.0
20250930,"Time Deposits of $250,000 or more remaining maturity or repricing of 3-12 months ($100,000 through 2016)",CD3T12,40051000.0
20250630,"Time Deposits of $250,000 or more remaining maturity or repricing of 3-12 months ($100,000 through 2016)",CD3T12,20345000.0
20250331,"Time Deposits of $250,000 or more remaining maturity or repricing of 3-12 months ($100,000 through 2016)",CD3T12,22526000.0
20241231,"Time Deposits of $250,000 or more remaining maturity or repricing of 3-12 months ($100,000 through 2016)",CD3T12,20222000.0
20240930,"Time Deposits of $250,000 or more remaining maturity or repricing of 3-12 months ($100,000 through 2016)",CD3T12,28995000.0
20240630,"Time Deposits of $250,000 or more remaining maturity or repricing of 3-12 months ($100,000 through 2016)",CD3T12,38934000.0
20240331,"Time Deposits of $250,000 or more remaining maturity or repricing of 3-12 months ($100,000 through 2016)",CD3T12,34534000.0
20231231,"Time Deposits of $250,000 or more remaining maturity or repricing of 3-12 months ($100,000 through 2016)",CD3T12,34177000.0
20230930,"Time Deposits of $250,000 or more remaining maturity or repricing of 3-12 months ($100,000 through 2016)",CD3T12,40916000.0
20230630,"Time Deposits of $250,000 or more remaining maturity or repricing of 3-12 months ($100,000 through 2016)",CD3T12,31739000.0
20230331,"Time Deposits of $250,000 or more remaining maturity or repricing of 3-12 months ($100,000 through 2016)",CD3T12,24807000.0
20260630,"Time Deposits of $250,000 or more remaining maturity or repricing of 1-3 years ($100,000 through 2016)",CD1T3,509000.0
20260331,"Time Deposits of $250,000 or more remaining maturity or repricing of 1-3 years ($100,000 through 2016)",CD1T3,476000.0
20251231,"Time Deposits of $250,000 or more remaining maturity or repricing of 1-3 years ($100,000 through 2016)",CD1T3,309000.0
20250930,"Time Deposits of $250,000 or more remaining maturity or repricing of 1-3 years ($100,000 through 2016)",CD1T3,351000.0
20250630,"Time Deposits of $250,000 or more remaining maturity or repricing of 1-3 years ($100,000 through 2016)",CD1T3,349000.0
20250331,"Time Deposits of $250,000 or more remaining maturity or repricing of 1-3 years ($100,000 through 2016)",CD1T3,355000.0
20241231,"Time Deposits of $250,000 or more remaining maturity or repricing of 1-3 years ($100,000 through 2016)",CD1T3,370000.0
20240930,"Time Deposits of $250,000 or more remaining maturity or repricing of 1-3 years ($100,000 through 2016)",CD1T3,372000.0
20240630,"Time Deposits of $250,000 or more remaining maturity or repricing of 1-3 years ($100,000 through 2016)",CD1T3,329000.0
20240331,"Time Deposits of $250,000 or more remaining maturity or repricing of 1-3 years ($100,000 through 2016)",CD1T3,377000.0
20231231,"Time Deposits of $250,000 or more remaining maturity or repricing of 1-3 years ($100,000 through 2016)",CD1T3,190000.0
20230930,"Time Deposits of $250,000 or more remaining maturity or repricing of 1-3 years ($100,000 through 2016)",CD1T3,341000.0
20230630,"Time Deposits of $250,000 or more remaining maturity or repricing of 1-3 years ($100,000 through 2016)",CD1T3,430000.0
20230331,"Time Deposits of $250,000 or more remaining maturity or repricing of 1-3 years ($100,000 through 2016)",CD1T3,595000.0
20260630,"Time Deposits of $250,000 or more remaining maturity or repricing of over 3 years ($100,000 through 2016)",CDOV3,22000.0
20260331,"Time Deposits of $250,000 or more remaining maturity or repricing of over 3 years ($100,000 through 2016)",CDOV3,23000.0
20251231,"Time Deposits of $250,000 or more remaining maturity or repricing of over 3 years ($100,000 through 2016)",CDOV3,225000.0
20250930,"Time Deposits of $250,000 or more remaining maturity or repricing of over 3 years ($100,000 through 2016)",CDOV3,234000.0
20250630,"Time Deposits of $250,000 or more remaining maturity or repricing of over 3 years ($100,000 through 2016)",CDOV3,235000.0
20250331,"Time Deposits of $250,000 or more remaining maturity or repricing of over 3 years ($100,000 through 2016)",CDOV3,252000.0
20241231,"Time Deposits of $250,000 or more remaining maturity or repricing of over 3 years ($100,000 through 2016)",CDOV3,251000.0
20240930,"Time Deposits of $250,000 or more remaining maturity or repricing of over 3 years ($100,000 through 2016)",CDOV3,250000.0
20240630,"Time Deposits of $250,000 or more remaining maturity or repricing of over 3 years ($100,000 through 2016)",CDOV3,253000.0
20240331,"Time Deposits of $250,000 or more remaining maturity or repricing of over 3 years ($100,000 through 2016)",CDOV3,244000.0
20231231,"Time Deposits of $250,000 or more remaining maturity or repricing of over 3 years ($100,000 through 2016)",CDOV3,238000.0
20230930,"Time Deposits of $250,000 or more remaining maturity or repricing of over 3 years ($100,000 through 2016)",CDOV3,236000.0
20230630,"Time Deposits of $250,000 or more remaining maturity or repricing of over 3 years ($100,000 through 2016)",CDOV3,239000.0
20230331,"Time Deposits of $250,000 or more remaining maturity or repricing of over 3 years ($100,000 through 2016)",CDOV3,241000.0
20260630,Federal funds purchased and repurchase agreements,FREPP,259329000.0
20260331,Federal funds purchased and repurchase agreements,FREPP,257537000.0
20251231,Federal funds purchased and repurchase agreements,FREPP,147880000.0
20250930,Federal funds purchased and repurchase agreements,FREPP,237320000.0
20250630,Federal funds purchased and repurchase agreements,FREPP,218102000.0
20250331,Federal funds purchased and repurchase agreements,FREPP,185515000.0
20241231,Federal funds purchased and repurchase agreements,FREPP,105421000.0
20240930,Federal funds purchased and repurchase agreements,FREPP,166470000.0
20240630,Federal funds purchased and repurchase agreements,FREPP,154625000.0
20240331,Federal funds purchased and repurchase agreements,FREPP,117859000.0
20231231,Federal funds purchased and repurchase agreements,FREPP,74609000.0
20230930,Federal funds purchased and repurchase agreements,FREPP,110827000.0
20230630,Federal funds purchased and repurchase agreements,FREPP,99926000.0
20230331,Federal funds purchased and repurchase agreements,FREPP,110991000.0
20260630,Trading Liabilities,TRADEL,169535000.0
20260331,Trading Liabilities,TRADEL,161025000.0
20251231,Trading Liabilities,TRADEL,132799000.0
20250930,Trading Liabilities,TRADEL,149326000.0
20250630,Trading Liabilities,TRADEL,145136000.0
20250331,Trading Liabilities,TRADEL,123235000.0
20241231,Trading Liabilities,TRADEL,115634000.0
20240930,Trading Liabilities,TRADEL,132967000.0
20240630,Trading Liabilities,TRADEL,122709000.0
20240331,Trading Liabilities,TRADEL,126137000.0
20231231,Trading Liabilities,TRADEL,110720000.0
20230930,Trading Liabilities,TRADEL,128276000.0
20230630,Trading Liabilities,TRADEL,123267000.0
20230331,Trading Liabilities,TRADEL,126220000.0
20260630,Other borrowed funds,OTHBRF,281794000.0
20260331,Other borrowed funds,OTHBRF,269093000.0
20251231,Other borrowed funds,OTHBRF,260048000.0
20250930,Other borrowed funds,OTHBRF,257605000.0
20250630,Other borrowed funds,OTHBRF,253053000.0
20250331,Other borrowed funds,OTHBRF,242810000.0
20241231,Other borrowed funds,OTHBRF,246406000.0
20240930,Other borrowed funds,OTHBRF,246692000.0
20240630,Other borrowed funds,OTHBRF,252984000.0
20240331,Other borrowed funds,OTHBRF,253149000.0
20231231,Other borrowed funds,OTHBRF,241771000.0
20230930,Other borrowed funds,OTHBRF,200136000.0
20230630,Other borrowed funds,OTHBRF,180114000.0
20230331,Other borrowed funds,OTHBRF,101065000.0
20260630,Maturity & Repricing for Other Borrowed Funds,N/A,
20260331,Maturity & Repricing for Other Borrowed Funds,N/A,
20251231,Maturity & Repricing for Other Borrowed Funds,N/A,
20250930,Maturity & Repricing for Other Borrowed Funds,N/A,
20250630,Maturity & Repricing for Other Borrowed Funds,N/A,
20250331,Maturity & Repricing for Other Borrowed Funds,N/A,
20241231,Maturity & Repricing for Other Borrowed Funds,N/A,
20240930,Maturity & Repricing for Other Borrowed Funds,N/A,
20240630,Maturity & Repricing for Other Borrowed Funds,N/A,
20240331,Maturity & Repricing for Other Borrowed Funds,N/A,
20231231,Maturity & Repricing for Other Borrowed Funds,N/A,
20230930,Maturity & Repricing for Other Borrowed Funds,N/A,
20230630,Maturity & Repricing for Other Borrowed Funds,N/A,
20230331,Maturity & Repricing for Other Borrowed Funds,N/A,
20260630,FHLB advances maturity or repricing: one year or less,OTBFH1L,17553000.0
20260331,FHLB advances maturity or repricing: one year or less,OTBFH1L,17743000.0
20251231,FHLB advances maturity or repricing: one year or less,OTBFH1L,17736000.0
20250930,FHLB advances maturity or repricing: one year or less,OTBFH1L,21728000.0
20250630,FHLB advances maturity or repricing: one year or less,OTBFH1L,21474000.0
20250331,FHLB advances maturity or repricing: one year or less,OTBFH1L,21867000.0
20241231,FHLB advances maturity or repricing: one year or less,OTBFH1L,27582000.0
20240930,FHLB advances maturity or repricing: one year or less,OTBFH1L,30164000.0
20240630,FHLB advances maturity or repricing: one year or less,OTBFH1L,33052000.0
20240331,FHLB advances maturity or repricing: one year or less,OTBFH1L,35841000.0
20231231,FHLB advances maturity or repricing: one year or less,OTBFH1L,32441000.0
20230930,FHLB advances maturity or repricing: one year or less,OTBFH1L,26128000.0
20230630,FHLB advances maturity or repricing: one year or less,OTBFH1L,20768000.0
20230331,FHLB advances maturity or repricing: one year or less,OTBFH1L,11009000.0
20260630,FHLB advances maturity or repricing: over one year through three years,OTBFH1T3,0.0
20260331,FHLB advances maturity or repricing: over one year through three years,OTBFH1T3,204000.0
20251231,FHLB advances maturity or repricing: over one year through three years,OTBFH1T3,400000.0
20250930,FHLB advances maturity or repricing: over one year through three years,OTBFH1T3,594000.0
20250630,FHLB advances maturity or repricing: over one year through three years,OTBFH1T3,1037000.0
20250331,FHLB advances maturity or repricing: over one year through three years,OTBFH1T3,1431000.0
20241231,FHLB advances maturity or repricing: over one year through three years,OTBFH1T3,1644000.0
20240930,FHLB advances maturity or repricing: over one year through three years,OTBFH1T3,1845000.0
20240630,FHLB advances maturity or repricing: over one year through three years,OTBFH1T3,2542000.0
20240331,FHLB advances maturity or repricing: over one year through three years,OTBFH1T3,3139000.0
20231231,FHLB advances maturity or repricing: over one year through three years,OTBFH1T3,8861000.0
20230930,FHLB advances maturity or repricing: over one year through three years,OTBFH1T3,13432000.0
20230630,FHLB advances maturity or repricing: over one year through three years,OTBFH1T3,16553000.0
20230331,FHLB advances maturity or repricing: over one year through three years,OTBFH1T3,23000.0
20260630,FHLB advances maturity or repricing: over three years through five,OTBFH3T5,0.0
20260331,FHLB advances maturity or repricing: over three years through five,OTBFH3T5,5000.0
20251231,FHLB advances maturity or repricing: over three years through five,OTBFH3T5,5000.0
20250930,FHLB advances maturity or repricing: over three years through five,OTBFH3T5,5000.0
20250630,FHLB advances maturity or repricing: over three years through five,OTBFH3T5,6000.0
20250331,FHLB advances maturity or repricing: over three years through five,OTBFH3T5,6000.0
20241231,FHLB advances maturity or repricing: over three years through five,OTBFH3T5,6000.0
20240930,FHLB advances maturity or repricing: over three years through five,OTBFH3T5,8000.0
20240630,FHLB advances maturity or repricing: over three years through five,OTBFH3T5,8000.0
20240331,FHLB advances maturity or repricing: over three years through five,OTBFH3T5,207000.0
20231231,FHLB advances maturity or repricing: over three years through five,OTBFH3T5,408000.0
20230930,FHLB advances maturity or repricing: over three years through five,OTBFH3T5,608000.0
20230630,FHLB advances maturity or repricing: over three years through five,OTBFH3T5,1056000.0
20230331,FHLB advances maturity or repricing: over three years through five,OTBFH3T5,15000.0
20260630,FHLB advances maturity or repricing: over five years,OTBFHOV5,0.0
20260331,FHLB advances maturity or repricing: over five years,OTBFHOV5,17000.0
20251231,FHLB advances maturity or repricing: over five years,OTBFHOV5,18000.0
20250930,FHLB advances maturity or repricing: over five years,OTBFHOV5,20000.0
20250630,FHLB advances maturity or repricing: over five years,OTBFHOV5,21000.0
20250331,FHLB advances maturity or repricing: over five years,OTBFHOV5,23000.0
20241231,FHLB advances maturity or repricing: over five years,OTBFHOV5,24000.0
20240930,FHLB advances maturity or repricing: over five years,OTBFHOV5,25000.0
20240630,FHLB advances maturity or repricing: over five years,OTBFHOV5,26000.0
20240331,FHLB advances maturity or repricing: over five years,OTBFHOV5,28000.0
20231231,FHLB advances maturity or repricing: over five years,OTBFHOV5,37000.0
20230930,FHLB advances maturity or repricing: over five years,OTBFHOV5,39000.0
20230630,FHLB advances maturity or repricing: over five years,OTBFHOV5,42000.0
20230331,FHLB advances maturity or repricing: over five years,OTBFHOV5,44000.0
20260630,FHLB structured advances,OTBFHSTA,0.0
20260331,FHLB structured advances,OTBFHSTA,0.0
20251231,FHLB structured advances,OTBFHSTA,0.0
20250930,FHLB structured advances,OTBFHSTA,0.0
20250630,FHLB structured advances,OTBFHSTA,0.0
20250331,FHLB structured advances,OTBFHSTA,0.0
20241231,FHLB structured advances,OTBFHSTA,0.0
20240930,FHLB structured advances,OTBFHSTA,0.0
20240630,FHLB structured advances,OTBFHSTA,0.0
20240331,FHLB structured advances,OTBFHSTA,0.0
20231231,FHLB structured advances,OTBFHSTA,0.0
20230930,FHLB structured advances,OTBFHSTA,0.0
20230630,FHLB structured advances,OTBFHSTA,0.0
20230331,FHLB structured advances,OTBFHSTA,0.0
20260630,Other borrowings maturity or next repricing: one year or less,OTBOT1L,174266000.0
20260331,Other borrowings maturity or next repricing: one year or less,OTBOT1L,166241000.0
20251231,Other borrowings maturity or next repricing: one year or less,OTBOT1L,162285000.0
20250930,Other borrowings maturity or next repricing: one year or less,OTBOT1L,155654000.0
20250630,Other borrowings maturity or next repricing: one year or less,OTBOT1L,153830000.0
20250331,Other borrowings maturity or next repricing: one year or less,OTBOT1L,145268000.0
20241231,Other borrowings maturity or next repricing: one year or less,OTBOT1L,143745000.0
20240930,Other borrowings maturity or next repricing: one year or less,OTBOT1L,141291000.0
20240630,Other borrowings maturity or next repricing: one year or less,OTBOT1L,145085000.0
20240331,Other borrowings maturity or next repricing: one year or less,OTBOT1L,142262000.0
20231231,Other borrowings maturity or next repricing: one year or less,OTBOT1L,134448000.0
20230930,Other borrowings maturity or next repricing: one year or less,OTBOT1L,97583000.0
20230630,Other borrowings maturity or next repricing: one year or less,OTBOT1L,81315000.0
20230331,Other borrowings maturity or next repricing: one year or less,OTBOT1L,78618000.0
20260630,Other borrowings maturity or next repricing: over one year through three years,OTBOT1T3,63739000.0
20260331,Other borrowings maturity or next repricing: over one year through three years,OTBOT1T3,62410000.0
20251231,Other borrowings maturity or next repricing: over one year through three years,OTBOT1T3,62007000.0
20250930,Other borrowings maturity or next repricing: over one year through three years,OTBOT1T3,63567000.0
20250630,Other borrowings maturity or next repricing: over one year through three years,OTBOT1T3,62068000.0
20250331,Other borrowings maturity or next repricing: over one year through three years,OTBOT1T3,12458000.0
20241231,Other borrowings maturity or next repricing: over one year through three years,OTBOT1T3,13271000.0
20240930,Other borrowings maturity or next repricing: over one year through three years,OTBOT1T3,13088000.0
20240630,Other borrowings maturity or next repricing: over one year through three years,OTBOT1T3,13163000.0
20240331,Other borrowings maturity or next repricing: over one year through three years,OTBOT1T3,12933000.0
20231231,Other borrowings maturity or next repricing: over one year through three years,OTBOT1T3,8629000.0
20230930,Other borrowings maturity or next repricing: over one year through three years,OTBOT1T3,5550000.0
20230630,Other borrowings maturity or next repricing: over one year through three years,OTBOT1T3,3390000.0
20230331,Other borrowings maturity or next repricing: over one year through three years,OTBOT1T3,3471000.0
20260630,Other borrowings maturity or next repricing: over three years through five years,OTBOT3T5,9960000.0
20260331,Other borrowings maturity or next repricing: over three years through five years,OTBOT3T5,9355000.0
20251231,Other borrowings maturity or next repricing: over three years through five years,OTBOT3T5,8512000.0
20250930,Other borrowings maturity or next repricing: over three years through five years,OTBOT3T5,7428000.0
20250630,Other borrowings maturity or next repricing: over three years through five years,OTBOT3T5,7106000.0
20250331,Other borrowings maturity or next repricing: over three years through five years,OTBOT3T5,55741000.0
20241231,Other borrowings maturity or next repricing: over three years through five years,OTBOT3T5,54628000.0
20240930,Other borrowings maturity or next repricing: over three years through five years,OTBOT3T5,54511000.0
20240630,Other borrowings maturity or next repricing: over three years through five years,OTBOT3T5,53721000.0
20240331,Other borrowings maturity or next repricing: over three years through five years,OTBOT3T5,53604000.0
20231231,Other borrowings maturity or next repricing: over three years through five years,OTBOT3T5,51872000.0
20230930,Other borrowings maturity or next repricing: over three years through five years,OTBOT3T5,51627000.0
20230630,Other borrowings maturity or next repricing: over three years through five years,OTBOT3T5,51278000.0
20230331,Other borrowings maturity or next repricing: over three years through five years,OTBOT3T5,2031000.0
20260630,Other borrowings maturity or next repricing: over five years,OTBOTOV5,16276000.0
20260331,Other borrowings maturity or next repricing: over five years,OTBOTOV5,13118000.0
20251231,Other borrowings maturity or next repricing: over five years,OTBOTOV5,9085000.0
20250930,Other borrowings maturity or next repricing: over five years,OTBOTOV5,8609000.0
20250630,Other borrowings maturity or next repricing: over five years,OTBOTOV5,7511000.0
20250331,Other borrowings maturity or next repricing: over five years,OTBOTOV5,6016000.0
20241231,Other borrowings maturity or next repricing: over five years,OTBOTOV5,5506000.0
20240930,Other borrowings maturity or next repricing: over five years,OTBOTOV5,5760000.0
20240630,Other borrowings maturity or next repricing: over five years,OTBOTOV5,5387000.0
20240331,Other borrowings maturity or next repricing: over five years,OTBOTOV5,5135000.0
20231231,Other borrowings maturity or next repricing: over five years,OTBOTOV5,5075000.0
20230930,Other borrowings maturity or next repricing: over five years,OTBOTOV5,5169000.0
20230630,Other borrowings maturity or next repricing: over five years,OTBOTOV5,5712000.0
20230331,Other borrowings maturity or next repricing: over five years,OTBOTOV5,5854000.0
20260630,Other borrowings with a remaining maturity of one year or less,OTHBOT1L,73445000.0
20260331,Other borrowings with a remaining maturity of one year or less,OTHBOT1L,69154000.0
20251231,Other borrowings with a remaining maturity of one year or less,OTHBOT1L,67814000.0
20250930,Other borrowings with a remaining maturity of one year or less,OTHBOT1L,63594000.0
20250630,Other borrowings with a remaining maturity of one year or less,OTHBOT1L,63328000.0
20250331,Other borrowings with a remaining maturity of one year or less,OTHBOT1L,58108000.0
20241231,Other borrowings with a remaining maturity of one year or less,OTHBOT1L,58223000.0
20240930,Other borrowings with a remaining maturity of one year or less,OTHBOT1L,55547000.0
20240630,Other borrowings with a remaining maturity of one year or less,OTHBOT1L,50702000.0
20240331,Other borrowings with a remaining maturity of one year or less,OTHBOT1L,48760000.0
20231231,Other borrowings with a remaining maturity of one year or less,OTHBOT1L,41701000.0
20230930,Other borrowings with a remaining maturity of one year or less,OTHBOT1L,42467000.0
20230630,Other borrowings with a remaining maturity of one year or less,OTHBOT1L,37857000.0
20230331,Other borrowings with a remaining maturity of one year or less,OTHBOT1L,33252000.0
20260630,Subordinated debt,SUBND,0.0
20260331,Subordinated debt,SUBND,0.0
20251231,Subordinated debt,SUBND,0.0
20250930,Subordinated debt,SUBND,0.0
20250630,Subordinated debt,SUBND,0.0
20250331,Subordinated debt,SUBND,0.0
20241231,Subordinated debt,SUBND,0.0
20240930,Subordinated debt,SUBND,251000.0
20240630,Subordinated debt,SUBND,252000.0
20240331,Subordinated debt,SUBND,254000.0
20231231,Subordinated debt,SUBND,255000.0
20230930,Subordinated debt,SUBND,257000.0
20230630,Subordinated debt,SUBND,258000.0
20230331,Subordinated debt,SUBND,260000.0
20260630,All other liabilities,ALLOTHL,218763000.0
20260331,All other liabilities,ALLOTHL,204961000.0
20251231,All other liabilities,ALLOTHL,178123000.0
20250930,All other liabilities,ALLOTHL,187756000.0
20250630,All other liabilities,ALLOTHL,180289000.0
20250331,All other liabilities,ALLOTHL,173663000.0
20241231,All other liabilities,ALLOTHL,161964000.0
20240930,All other liabilities,ALLOTHL,187933000.0
20240630,All other liabilities,ALLOTHL,177507000.0
20240331,All other liabilities,ALLOTHL,175038000.0
20231231,All other liabilities,ALLOTHL,170217000.0
20230930,All other liabilities,ALLOTHL,168322000.0
20230630,All other liabilities,ALLOTHL,157573000.0
20230331,All other liabilities,ALLOTHL,147462000.0
20260630,Total Equity Capital,EQTOT,341610000.0
20260331,Total Equity Capital,EQTOT,335961000.0
20251231,Total Equity Capital,EQTOT,335970000.0
20250930,Total Equity Capital,EQTOT,331986000.0
20250630,Total Equity Capital,EQTOT,322810000.0
20250331,Total Equity Capital,EQTOT,316655000.0
20241231,Total Equity Capital,EQTOT,312838000.0
20240930,Total Equity Capital,EQTOT,317788000.0
20240630,Total Equity Capital,EQTOT,314228000.0
20240331,Total Equity Capital,EQTOT,305038000.0
20231231,Total Equity Capital,EQTOT,299323000.0
20230930,Total Equity Capital,EQTOT,317842000.0
20230630,Total Equity Capital,EQTOT,315407000.0
20230331,Total Equity Capital,EQTOT,309052000.0
20260630,Bank Equity Capital,EQ,341580000.0
20260331,Bank Equity Capital,EQ,335931000.0
20251231,Bank Equity Capital,EQ,335936000.0
20250930,Bank Equity Capital,EQ,331953000.0
20250630,Bank Equity Capital,EQ,322777000.0
20250331,Bank Equity Capital,EQ,316613000.0
20241231,Bank Equity Capital,EQ,312794000.0
20240930,Bank Equity Capital,EQ,317746000.0
20240630,Bank Equity Capital,EQ,314186000.0
20240331,Bank Equity Capital,EQ,304994000.0
20231231,Bank Equity Capital,EQ,299279000.0
20230930,Bank Equity Capital,EQ,317802000.0
20230630,Bank Equity Capital,EQ,315369000.0
20230331,Bank Equity Capital,EQ,309001000.0
20260630,Perpetual preferred stock,EQPP,0.0
20260331,Perpetual preferred stock,EQPP,0.0
20251231,Perpetual preferred stock,EQPP,0.0
20250930,Perpetual preferred stock,EQPP,0.0
20250630,Perpetual preferred stock,EQPP,0.0
20250331,Perpetual preferred stock,EQPP,0.0
20241231,Perpetual preferred stock,EQPP,0.0
20240930,Perpetual preferred stock,EQPP,0.0
20240630,Perpetual preferred stock,EQPP,0.0
20240331,Perpetual preferred stock,EQPP,0.0
20231231,Perpetual preferred stock,EQPP,0.0
20230930,Perpetual preferred stock,EQPP,0.0
20230630,Perpetual preferred stock,EQPP,0.0
20230331,Perpetual preferred stock,EQPP,0.0
20260630,Common stock,EQCS,2028000.0
20260331,Common stock,EQCS,2028000.0
20251231,Common stock,EQCS,2028000.0
20250930,Common stock,EQCS,2028000.0
20250630,Common stock,EQCS,2028000.0
20250331,Common stock,EQCS,2028000.0
20241231,Common stock,EQCS,2028000.0
20240930,Common stock,EQCS,2028000.0
20240630,Common stock,EQCS,2028000.0
20240331,Common stock,EQCS,2028000.0
20231231,Common stock,EQCS,2028000.0
20230930,Common stock,EQCS,2028000.0
20230630,Common stock,EQCS,2028000.0
20230331,Common stock,EQCS,2028000.0
20260630,Surplus,EQSUR,119540000.0
20260331,Surplus,EQSUR,119540000.0
20251231,Surplus,EQSUR,119403000.0
20250930,Surplus,EQSUR,119403000.0
20250630,Surplus,EQSUR,119401000.0
20250331,Surplus,EQSUR,119421000.0
20241231,Surplus,EQSUR,119421000.0
20240930,Surplus,EQSUR,119359000.0
20240630,Surplus,EQSUR,119359000.0
20240331,Surplus,EQSUR,119358000.0
20231231,Surplus,EQSUR,119356000.0
20230930,Surplus,EQSUR,118335000.0
20230630,Surplus,EQSUR,118335000.0
20230331,Surplus,EQSUR,118293000.0
20260630,Undivided profits,EQUPTOT,220012000.0
20260331,Undivided profits,EQUPTOT,214363000.0
20251231,Undivided profits,EQUPTOT,214505000.0
20250930,Undivided profits,EQUPTOT,210522000.0
20250630,Undivided profits,EQUPTOT,201348000.0
20250331,Undivided profits,EQUPTOT,195164000.0
20241231,Undivided profits,EQUPTOT,191345000.0
20240930,Undivided profits,EQUPTOT,196359000.0
20240630,Undivided profits,EQUPTOT,192799000.0
20240331,Undivided profits,EQUPTOT,183608000.0
20231231,Undivided profits,EQUPTOT,177895000.0
20230930,Undivided profits,EQUPTOT,197439000.0
20230630,Undivided profits,EQUPTOT,195006000.0
20230331,Undivided profits,EQUPTOT,188680000.0
20260630,"Equity, minor interest in consolidated subs",EQCONSUB,30000.0
20260331,"Equity, minor interest in consolidated subs",EQCONSUB,30000.0
20251231,"Equity, minor interest in consolidated subs",EQCONSUB,34000.0
20250930,"Equity, minor interest in consolidated subs",EQCONSUB,33000.0
20250630,"Equity, minor interest in consolidated subs",EQCONSUB,33000.0
20250331,"Equity, minor interest in consolidated subs",EQCONSUB,42000.0
20241231,"Equity, minor interest in consolidated subs",EQCONSUB,44000.0
20240930,"Equity, minor interest in consolidated subs",EQCONSUB,42000.0
20240630,"Equity, minor interest in consolidated subs",EQCONSUB,42000.0
20240331,"Equity, minor interest in consolidated subs",EQCONSUB,44000.0
20231231,"Equity, minor interest in consolidated subs",EQCONSUB,44000.0
20230930,"Equity, minor interest in consolidated subs",EQCONSUB,40000.0
20230630,"Equity, minor interest in consolidated subs",EQCONSUB,38000.0
20230331,"Equity, minor interest in consolidated subs",EQCONSUB,51000.0
20260630,Changes in Bank Equity Capital,N/A,
20260331,Changes in Bank Equity Capital,N/A,
20251231,Changes in Bank Equity Capital,N/A,
20250930,Changes in Bank Equity Capital,N/A,
20250630,Changes in Bank Equity Capital,N/A,
20250331,Changes in Bank Equity Capital,N/A,
20241231,Changes in Bank Equity Capital,N/A,
20240930,Changes in Bank Equity Capital,N/A,
20240630,Changes in Bank Equity Capital,N/A,
20240331,Changes in Bank Equity Capital,N/A,
20231231,Changes in Bank Equity Capital,N/A,
20230930,Changes in Bank Equity Capital,N/A,
20230630,Changes in Bank Equity Capital,N/A,
20230331,Changes in Bank Equity Capital,N/A,
20260630,Amended balance at previous year-end,EQCPREV,335936000.0
20260331,Amended balance at previous year-end,EQCPREV,335936000.0
20251231,Amended balance at previous year-end,EQCPREV,312794000.0
20250930,Amended balance at previous year-end,EQCPREV,312794000.0
20250630,Amended balance at previous year-end,EQCPREV,312794000.0
20250331,Amended balance at previous year-end,EQCPREV,312794000.0
20241231,Amended balance at previous year-end,EQCPREV,299279000.0
20240930,Amended balance at previous year-end,EQCPREV,299279000.0
20240630,Amended balance at previous year-end,EQCPREV,299279000.0
20240331,Amended balance at previous year-end,EQCPREV,299279000.0
20231231,Amended balance at previous year-end,EQCPREV,303620000.0
20230930,Amended balance at previous year-end,EQCPREV,303620000.0
20230630,Amended balance at previous year-end,EQCPREV,303620000.0
20230331,Amended balance at previous year-end,EQCPREV,303620000.0
20260630,"Restatements from amended reports of income, net",EQCREST,0.0
20260331,"Restatements from amended reports of income, net",EQCREST,0.0
20251231,"Restatements from amended reports of income, net",EQCREST,0.0
20250930,"Restatements from amended reports of income, net",EQCREST,0.0
20250630,"Restatements from amended reports of income, net",EQCREST,0.0
20250331,"Restatements from amended reports of income, net",EQCREST,0.0
20241231,"Restatements from amended reports of income, net",EQCREST,-61000.0
20240930,"Restatements from amended reports of income, net",EQCREST,-61000.0
20240630,"Restatements from amended reports of income, net",EQCREST,-61000.0
20240331,"Restatements from amended reports of income, net",EQCREST,-61000.0
20231231,"Restatements from amended reports of income, net",EQCREST,451000.0
20230930,"Restatements from amended reports of income, net",EQCREST,451000.0
20230630,"Restatements from amended reports of income, net",EQCREST,451000.0
20230331,"Restatements from amended reports of income, net",EQCREST,450000.0
20260630,Net income,NETINC,31335000.0
20260331,Net income,NETINC,13974000.0
20251231,Net income,NETINC,49644000.0
20250930,Net income,NETINC,38227000.0
20250630,Net income,NETINC,25810000.0
20250331,Net income,NETINC,12708000.0
20241231,Net income,NETINC,52502000.0
20240930,Net income,NETINC,40057000.0
20240630,Net income,NETINC,28392000.0
20240331,Net income,NETINC,11714000.0
20231231,Net income,NETINC,47496000.0
20230930,Net income,NETINC,38886000.0
20230630,Net income,NETINC,25713000.0
20230331,Net income,NETINC,11714000.0
20260630,"Sale, conversion, retirement of capital stock, net",EQCSTKRX,0.0
20260331,"Sale, conversion, retirement of capital stock, net",EQCSTKRX,0.0
20251231,"Sale, conversion, retirement of capital stock, net",EQCSTKRX,0.0
20250930,"Sale, conversion, retirement of capital stock, net",EQCSTKRX,0.0
20250630,"Sale, conversion, retirement of capital stock, net",EQCSTKRX,0.0
20250331,"Sale, conversion, retirement of capital stock, net",EQCSTKRX,0.0
20241231,"Sale, conversion, retirement of capital stock, net",EQCSTKRX,0.0
20240930,"Sale, conversion, retirement of capital stock, net",EQCSTKRX,0.0
20240630,"Sale, conversion, retirement of capital stock, net",EQCSTKRX,0.0
20240331,"Sale, conversion, retirement of capital stock, net",EQCSTKRX,0.0
20231231,"Sale, conversion, retirement of capital stock, net",EQCSTKRX,0.0
20230930,"Sale, conversion, retirement of capital stock, net",EQCSTKRX,0.0
20230630,"Sale, conversion, retirement of capital stock, net",EQCSTKRX,0.0
20230331,"Sale, conversion, retirement of capital stock, net",EQCSTKRX,0.0
20260630,"Treasury stock transactions, net",EQCTRSTX,0.0
20260331,"Treasury stock transactions, net",EQCTRSTX,0.0
20251231,"Treasury stock transactions, net",EQCTRSTX,0.0
20250930,"Treasury stock transactions, net",EQCTRSTX,0.0
20250630,"Treasury stock transactions, net",EQCTRSTX,0.0
20250331,"Treasury stock transactions, net",EQCTRSTX,0.0
20241231,"Treasury stock transactions, net",EQCTRSTX,0.0
20240930,"Treasury stock transactions, net",EQCTRSTX,0.0
20240630,"Treasury stock transactions, net",EQCTRSTX,0.0
20240331,"Treasury stock transactions, net",EQCTRSTX,0.0
20231231,"Treasury stock transactions, net",EQCTRSTX,0.0
20230930,"Treasury stock transactions, net",EQCTRSTX,0.0
20230630,"Treasury stock transactions, net",EQCTRSTX,0.0
20230331,"Treasury stock transactions, net",EQCTRSTX,0.0
20260630,"Changes incidental to business combinations, net",EQCMRG,0.0
20260331,"Changes incidental to business combinations, net",EQCMRG,0.0
20251231,"Changes incidental to business combinations, net",EQCMRG,0.0
20250930,"Changes incidental to business combinations, net",EQCMRG,0.0
20250630,"Changes incidental to business combinations, net",EQCMRG,0.0
20250331,"Changes incidental to business combinations, net",EQCMRG,0.0
20241231,"Changes incidental to business combinations, net",EQCMRG,0.0
20240930,"Changes incidental to business combinations, net",EQCMRG,0.0
20240630,"Changes incidental to business combinations, net",EQCMRG,0.0
20240331,"Changes incidental to business combinations, net",EQCMRG,0.0
20231231,"Changes incidental to business combinations, net",EQCMRG,0.0
20230930,"Changes incidental to business combinations, net",EQCMRG,0.0
20230630,"Changes incidental to business combinations, net",EQCMRG,0.0
20230331,"Changes incidental to business combinations, net",EQCMRG,0.0
20260630,Cash dividends declared on preferred stock,EQCDIVP,0.0
20260331,Cash dividends declared on preferred stock,EQCDIVP,0.0
20251231,Cash dividends declared on preferred stock,EQCDIVP,0.0
20250930,Cash dividends declared on preferred stock,EQCDIVP,0.0
20250630,Cash dividends declared on preferred stock,EQCDIVP,0.0
20250331,Cash dividends declared on preferred stock,EQCDIVP,0.0
20241231,Cash dividends declared on preferred stock,EQCDIVP,0.0
20240930,Cash dividends declared on preferred stock,EQCDIVP,0.0
20240630,Cash dividends declared on preferred stock,EQCDIVP,0.0
20240331,Cash dividends declared on preferred stock,EQCDIVP,0.0
20231231,Cash dividends declared on preferred stock,EQCDIVP,0.0
20230930,Cash dividends declared on preferred stock,EQCDIVP,0.0
20230630,Cash dividends declared on preferred stock,EQCDIVP,0.0
20230331,Cash dividends declared on preferred stock,EQCDIVP,0.0
20260630,Cash dividends declared on common stock,EQCDIVC,22000000.0
20260331,Cash dividends declared on common stock,EQCDIVC,11000000.0
20251231,Cash dividends declared on common stock,EQCDIVC,35000000.0
20250930,Cash dividends declared on common stock,EQCDIVC,26000000.0
20250630,Cash dividends declared on common stock,EQCDIVC,21000000.0
20250331,Cash dividends declared on common stock,EQCDIVC,12000000.0
20241231,Cash dividends declared on common stock,EQCDIVC,37000000.0
20240930,Cash dividends declared on common stock,EQCDIVC,25500000.0
20240630,Cash dividends declared on common stock,EQCDIVC,12500000.0
20240331,Cash dividends declared on common stock,EQCDIVC,5000000.0
20231231,Cash dividends declared on common stock,EQCDIVC,61000000.0
20230930,Cash dividends declared on common stock,EQCDIVC,26000000.0
20230630,Cash dividends declared on common stock,EQCDIVC,18000000.0
20230331,Cash dividends declared on common stock,EQCDIVC,10000000.0
20260630,Other comprehensive income,EQCCOMPI,-3837000.0
20260331,Other comprehensive income,EQCCOMPI,-3126000.0
20251231,Other comprehensive income,EQCCOMPI,8516000.0
20250930,Other comprehensive income,EQCCOMPI,6950000.0
20250630,Other comprehensive income,EQCCOMPI,5193000.0
20250331,Other comprehensive income,EQCCOMPI,3111000.0
20241231,Other comprehensive income,EQCCOMPI,-1953000.0
20240930,Other comprehensive income,EQCCOMPI,3968000.0
20240630,Other comprehensive income,EQCCOMPI,-927000.0
20240331,Other comprehensive income,EQCCOMPI,-940000.0
20231231,Other comprehensive income,EQCCOMPI,7770000.0
20230930,Other comprehensive income,EQCCOMPI,833000.0
20230630,Other comprehensive income,EQCCOMPI,3573000.0
20230331,Other comprehensive income,EQCCOMPI,3217000.0
20260630,Other transactions with parent holding company,EQCBHCTR,146000.0
20260331,Other transactions with parent holding company,EQCBHCTR,147000.0
20251231,Other transactions with parent holding company,EQCBHCTR,-18000.0
20250930,Other transactions with parent holding company,EQCBHCTR,-18000.0
20250630,Other transactions with parent holding company,EQCBHCTR,-20000.0
20250331,Other transactions with parent holding company,EQCBHCTR,0.0
20241231,Other transactions with parent holding company,EQCBHCTR,27000.0
20240930,Other transactions with parent holding company,EQCBHCTR,3000.0
20240630,Other transactions with parent holding company,EQCBHCTR,3000.0
20240331,Other transactions with parent holding company,EQCBHCTR,2000.0
20231231,Other transactions with parent holding company,EQCBHCTR,942000.0
20230930,Other transactions with parent holding company,EQCBHCTR,12000.0
20230630,Other transactions with parent holding company,EQCBHCTR,12000.0
20230331,Other transactions with parent holding company,EQCBHCTR,0.0
20260630,Bank Equity Capital,EQ,341580000.0
20260331,Bank Equity Capital,EQ,335931000.0
20251231,Bank Equity Capital,EQ,335936000.0
20250930,Bank Equity Capital,EQ,331953000.0
20250630,Bank Equity Capital,EQ,322777000.0
20250331,Bank Equity Capital,EQ,316613000.0
20241231,Bank Equity Capital,EQ,312794000.0
20240930,Bank Equity Capital,EQ,317746000.0
20240630,Bank Equity Capital,EQ,314186000.0
20240331,Bank Equity Capital,EQ,304994000.0
20231231,Bank Equity Capital,EQ,299279000.0
20230930,Bank Equity Capital,EQ,317802000.0
20230630,Bank Equity Capital,EQ,315369000.0
20230331,Bank Equity Capital,EQ,309001000.0
20260630,"Memoranda assets, liabilities & equity",N/A,
20260331,"Memoranda assets, liabilities & equity",N/A,
20251231,"Memoranda assets, liabilities & equity",N/A,
20250930,"Memoranda assets, liabilities & equity",N/A,
20250630,"Memoranda assets, liabilities & equity",N/A,
20250331,"Memoranda assets, liabilities & equity",N/A,
20241231,"Memoranda assets, liabilities & equity",N/A,
20240930,"Memoranda assets, liabilities & equity",N/A,
20240630,"Memoranda assets, liabilities & equity",N/A,
20240331,"Memoranda assets, liabilities & equity",N/A,
20231231,"Memoranda assets, liabilities & equity",N/A,
20230930,"Memoranda assets, liabilities & equity",N/A,
20230630,"Memoranda assets, liabilities & equity",N/A,
20230331,"Memoranda assets, liabilities & equity",N/A,
20260630,Long-term assets (5+ years),ASSTLT,585673000.0
20260331,Long-term assets (5+ years),ASSTLT,593047000.0
20251231,Long-term assets (5+ years),ASSTLT,600016000.0
20250930,Long-term assets (5+ years),ASSTLT,630101000.0
20250630,Long-term assets (5+ years),ASSTLT,642599000.0
20250331,Long-term assets (5+ years),ASSTLT,628499000.0
20241231,Long-term assets (5+ years),ASSTLT,643756000.0
20240930,Long-term assets (5+ years),ASSTLT,650380000.0
20240630,Long-term assets (5+ years),ASSTLT,640751000.0
20240331,Long-term assets (5+ years),ASSTLT,652409000.0
20231231,Long-term assets (5+ years),ASSTLT,675837000.0
20230930,Long-term assets (5+ years),ASSTLT,665033000.0
20230630,Long-term assets (5+ years),ASSTLT,667823000.0
20230331,Long-term assets (5+ years),ASSTLT,579785000.0
20260630,"Average assets, quarterly",ASSET2,4053943000.0
20260331,"Average assets, quarterly",ASSET2,3884616500.0
20251231,"Average assets, quarterly",ASSET2,3783046500.0
20250930,"Average assets, quarterly",ASSET2,3800991000.0
20250630,"Average assets, quarterly",ASSET2,3715825000.0
20250331,"Average assets, quarterly",ASSET2,3551180000.0
20241231,"Average assets, quarterly",ASSET2,3521683000.0
20240930,"Average assets, quarterly",ASSET2,3547320500.0
20240630,"Average assets, quarterly",ASSET2,3506948000.0
20240331,"Average assets, quarterly",ASSET2,3449243000.0
20231231,"Average assets, quarterly",ASSET2,3390353500.0
20230930,"Average assets, quarterly",ASSET2,3383888000.0
20230630,"Average assets, quarterly",ASSET2,3325079000.0
20230331,"Average assets, quarterly",ASSET2,3234952500.0
20260630,Average assets year to date,ASSET5,3953516000.0
20260331,Average assets year to date,ASSET5,3884616500.0
20251231,Average assets year to date,ASSET5,3691400800.0
20250930,Average assets year to date,ASSET5,3676085500.0
20250630,Average assets year to date,ASSET5,3630303667.0
20250331,Average assets year to date,ASSET5,3551180000.0
20241231,Average assets year to date,ASSET5,3490477600.0
20240930,Average assets year to date,ASSET5,3498281750.0
20240630,Average assets year to date,ASSET5,3469674000.0
20240331,Average assets year to date,ASSET5,3449243000.0
20231231,Average assets year to date,ASSET5,3326561400.0
20230930,Average assets year to date,ASSET5,3309420250.0
20230630,Average assets year to date,ASSET5,3284033333.0
20230331,Average assets year to date,ASSET5,3234952500.0
20260630,Earning assets,ERNAST,3646803000.0
20260331,Earning assets,ERNAST,3588900000.0
20251231,Earning assets,ERNAST,3351799000.0
20250930,Earning assets,ERNAST,3421608000.0
20250630,Earning assets,ERNAST,3401680000.0
20250331,Earning assets,ERNAST,3269809000.0
20241231,Earning assets,ERNAST,3090742000.0
20240930,Earning assets,ERNAST,3216546000.0
20240630,Earning assets,ERNAST,3144568000.0
20240331,Earning assets,ERNAST,3140552000.0
20231231,Earning assets,ERNAST,3039347000.0
20230930,Earning assets,ERNAST,3013196000.0
20230630,Earning assets,ERNAST,3023804000.0
20230331,Earning assets,ERNAST,2916720000.0
20260630,Life insurance assets,OALIFINS,13088000.0
20260331,Life insurance assets,OALIFINS,12916000.0
20251231,Life insurance assets,OALIFINS,12902000.0
20250930,Life insurance assets,OALIFINS,12874000.0
20250630,Life insurance assets,OALIFINS,12761000.0
20250331,Life insurance assets,OALIFINS,12658000.0
20241231,Life insurance assets,OALIFINS,12628000.0
20240930,Life insurance assets,OALIFINS,12617000.0
20240630,Life insurance assets,OALIFINS,12516000.0
20240331,Life insurance assets,OALIFINS,12465000.0
20231231,Life insurance assets,OALIFINS,12392000.0
20230930,Life insurance assets,OALIFINS,12299000.0
20230630,Life insurance assets,OALIFINS,12320000.0
20230331,Life insurance assets,OALIFINS,12256000.0
20260630,General account life insurance assets,OALIFGEN,6844000.0
20260331,General account life insurance assets,OALIFGEN,6814000.0
20251231,General account life insurance assets,OALIFGEN,6787000.0
20250930,General account life insurance assets,OALIFGEN,6791000.0
20250630,General account life insurance assets,OALIFGEN,6757000.0
20250331,General account life insurance assets,OALIFGEN,6758000.0
20241231,General account life insurance assets,OALIFGEN,6729000.0
20240930,General account life insurance assets,OALIFGEN,6722000.0
20240630,General account life insurance assets,OALIFGEN,6678000.0
20240331,General account life insurance assets,OALIFGEN,6652000.0
20231231,General account life insurance assets,OALIFGEN,6640000.0
20230930,General account life insurance assets,OALIFGEN,6610000.0
20230630,General account life insurance assets,OALIFGEN,6598000.0
20230331,General account life insurance assets,OALIFGEN,6576000.0
20260630,Hybrid life insurance assets,OALIFHYB,0.0
20260331,Hybrid life insurance assets,OALIFHYB,0.0
20251231,Hybrid life insurance assets,OALIFHYB,0.0
20250930,Hybrid life insurance assets,OALIFHYB,0.0
20250630,Hybrid life insurance assets,OALIFHYB,0.0
20250331,Hybrid life insurance assets,OALIFHYB,0.0
20241231,Hybrid life insurance assets,OALIFHYB,0.0
20240930,Hybrid life insurance assets,OALIFHYB,0.0
20240630,Hybrid life insurance assets,OALIFHYB,0.0
20240331,Hybrid life insurance assets,OALIFHYB,0.0
20231231,Hybrid life insurance assets,OALIFHYB,0.0
20230930,Hybrid life insurance assets,OALIFHYB,0.0
20230630,Hybrid life insurance assets,OALIFHYB,0.0
20230331,Hybrid life insurance assets,OALIFHYB,0.0
20260630,Separate account life insurance assets,OALIFSEP,6244000.0
20260331,Separate account life insurance assets,OALIFSEP,6102000.0
20251231,Separate account life insurance assets,OALIFSEP,6115000.0
20250930,Separate account life insurance assets,OALIFSEP,6083000.0
20250630,Separate account life insurance assets,OALIFSEP,6004000.0
20250331,Separate account life insurance assets,OALIFSEP,5900000.0
20241231,Separate account life insurance assets,OALIFSEP,5899000.0
20240930,Separate account life insurance assets,OALIFSEP,5895000.0
20240630,Separate account life insurance assets,OALIFSEP,5838000.0
20240331,Separate account life insurance assets,OALIFSEP,5813000.0
20231231,Separate account life insurance assets,OALIFSEP,5752000.0
20230930,Separate account life insurance assets,OALIFSEP,5689000.0
20230630,Separate account life insurance assets,OALIFSEP,5722000.0
20230331,Separate account life insurance assets,OALIFSEP,5680000.0
20260630,Adjusted average assets for leverage capital purposes,AVASSETJ,4037380000.0
20260331,Adjusted average assets for leverage capital purposes,AVASSETJ,3878451000.0
20251231,Adjusted average assets for leverage capital purposes,AVASSETJ,3766709000.0
20250930,Adjusted average assets for leverage capital purposes,AVASSETJ,3711780000.0
20250630,Adjusted average assets for leverage capital purposes,AVASSETJ,3649013000.0
20250331,Adjusted average assets for leverage capital purposes,AVASSETJ,3512974000.0
20241231,Adjusted average assets for leverage capital purposes,AVASSETJ,3491283000.0
20240930,Adjusted average assets for leverage capital purposes,AVASSETJ,3471044000.0
20240630,Adjusted average assets for leverage capital purposes,AVASSETJ,3408684000.0
20240331,Adjusted average assets for leverage capital purposes,AVASSETJ,3372219000.0
20231231,Adjusted average assets for leverage capital purposes,AVASSETJ,3337842000.0
20230930,Adjusted average assets for leverage capital purposes,AVASSETJ,3309068000.0
20230630,Adjusted average assets for leverage capital purposes,AVASSETJ,3308478000.0
20230331,Adjusted average assets for leverage capital purposes,AVASSETJ,3180721000.0
20260630,Total risk weighted assets adjusted,RWAJT,2013590745.0
20260331,Total risk weighted assets adjusted,RWAJT,1961368325.0
20251231,Total risk weighted assets adjusted,RWAJT,1864923000.0
20250930,Total risk weighted assets adjusted,RWAJT,1856466050.0
20250630,Total risk weighted assets adjusted,RWAJT,1812986515.0
20250331,Total risk weighted assets adjusted,RWAJT,1763680245.0
20241231,Total risk weighted assets adjusted,RWAJT,1718776545.0
20240930,Total risk weighted assets adjusted,RWAJT,1724916950.0
20240630,Total risk weighted assets adjusted,RWAJT,1692925260.0
20240331,Total risk weighted assets adjusted,RWAJT,1673296870.0
20231231,Total risk weighted assets adjusted,RWAJT,1621789305.0
20230930,Total risk weighted assets adjusted,RWAJT,1636819495.0
20230630,Total risk weighted assets adjusted,RWAJT,1642804465.0
20230331,Total risk weighted assets adjusted,RWAJT,1584591315.0
20260630,Tier 2 Risk-based capital,RBCT2,23838000.0
20260331,Tier 2 Risk-based capital,RBCT2,23022000.0
20251231,Tier 2 Risk-based capital,RBCT2,7925000.0
20250930,Tier 2 Risk-based capital,RBCT2,21992000.0
20250630,Tier 2 Risk-based capital,RBCT2,21468000.0
20250331,Tier 2 Risk-based capital,RBCT2,20743000.0
20241231,Tier 2 Risk-based capital,RBCT2,20304000.0
20240930,Tier 2 Risk-based capital,RBCT2,20454000.0
20240630,Tier 2 Risk-based capital,RBCT2,20057000.0
20240331,Tier 2 Risk-based capital,RBCT2,19879000.0
20231231,Tier 2 Risk-based capital,RBCT2,19276000.0
20230930,Tier 2 Risk-based capital,RBCT2,19568000.0
20230630,Tier 2 Risk-based capital,RBCT2,19346000.0
20230331,Tier 2 Risk-based capital,RBCT2,18690000.0
20260630,Tier one (core) capital,RBCT1J,302589000.0
20260331,Tier one (core) capital,RBCT1J,295758000.0
20251231,Tier one (core) capital,RBCT1J,294807000.0
20250930,Tier one (core) capital,RBCT1J,291292000.0
20250630,Tier one (core) capital,RBCT1J,282311000.0
20250331,Tier one (core) capital,RBCT1J,277699000.0
20241231,Tier one (core) capital,RBCT1J,275737000.0
20240930,Tier one (core) capital,RBCT1J,278985000.0
20240630,Tier one (core) capital,RBCT1J,277099000.0
20240331,Tier one (core) capital,RBCT1J,268043000.0
20231231,Tier one (core) capital,RBCT1J,262032000.0
20230930,Tier one (core) capital,RBCT1J,282482000.0
20230630,Tier one (core) capital,RBCT1J,279236000.0
20230331,Tier one (core) capital,RBCT1J,273554000.0
20260630,FHLB advances,OTHBFHLB,17553000.0
20260331,FHLB advances,OTHBFHLB,17969000.0
20251231,FHLB advances,OTHBFHLB,18159000.0
20250930,FHLB advances,OTHBFHLB,22347000.0
20250630,FHLB advances,OTHBFHLB,22538000.0
20250331,FHLB advances,OTHBFHLB,23327000.0
20241231,FHLB advances,OTHBFHLB,29256000.0
20240930,FHLB advances,OTHBFHLB,32042000.0
20240630,FHLB advances,OTHBFHLB,35628000.0
20240331,FHLB advances,OTHBFHLB,39215000.0
20231231,FHLB advances,OTHBFHLB,41747000.0
20230930,FHLB advances,OTHBFHLB,40207000.0
20230630,FHLB advances,OTHBFHLB,38419000.0
20230331,FHLB advances,OTHBFHLB,11091000.0
20260630,Volatile liabilities,VOLIAB,1238994000.0
20260331,Volatile liabilities,VOLIAB,1218785000.0
20251231,Volatile liabilities,VOLIAB,1013999000.0
20250930,Volatile liabilities,VOLIAB,1099326000.0
20250630,Volatile liabilities,VOLIAB,1089939000.0
20250331,Volatile liabilities,VOLIAB,1010124000.0
20241231,Volatile liabilities,VOLIAB,892123000.0
20240930,Volatile liabilities,VOLIAB,1004983000.0
20240630,Volatile liabilities,VOLIAB,950121000.0
20240331,Volatile liabilities,VOLIAB,893354000.0
20231231,Volatile liabilities,VOLIAB,819299000.0
20230930,Volatile liabilities,VOLIAB,824176000.0
20230630,Volatile liabilities,VOLIAB,776710000.0
20230331,Volatile liabilities,VOLIAB,760256000.0
20260630,5. Past Due and Nonaccrual Assets,N/A,
20260331,5. Past Due and Nonaccrual Assets,N/A,
20251231,5. Past Due and Nonaccrual Assets,N/A,
20250930,5. Past Due and Nonaccrual Assets,N/A,
20250630,5. Past Due and Nonaccrual Assets,N/A,
20250331,5. Past Due and Nonaccrual Assets,N/A,
20241231,5. Past Due and Nonaccrual Assets,N/A,
20240930,5. Past Due and Nonaccrual Assets,N/A,
20240630,5. Past Due and Nonaccrual Assets,N/A,
20240331,5. Past Due and Nonaccrual Assets,N/A,
20231231,5. Past Due and Nonaccrual Assets,N/A,
20230930,5. Past Due and Nonaccrual Assets,N/A,
20230630,5. Past Due and Nonaccrual Assets,N/A,
20230331,5. Past Due and Nonaccrual Assets,N/A,
20260630,Assets Past Due 30-89 Days,P3ASSET,7157000.0
20260331,Assets Past Due 30-89 Days,P3ASSET,6246000.0
20251231,Assets Past Due 30-89 Days,P3ASSET,8067000.0
20250930,Assets Past Due 30-89 Days,P3ASSET,6554000.0
20250630,Assets Past Due 30-89 Days,P3ASSET,7045000.0
20250331,Assets Past Due 30-89 Days,P3ASSET,7907000.0
20241231,Assets Past Due 30-89 Days,P3ASSET,7965000.0
20240930,Assets Past Due 30-89 Days,P3ASSET,6904000.0
20240630,Assets Past Due 30-89 Days,P3ASSET,6828000.0
20240331,Assets Past Due 30-89 Days,P3ASSET,6762000.0
20231231,Assets Past Due 30-89 Days,P3ASSET,6839000.0
20230930,Assets Past Due 30-89 Days,P3ASSET,5730000.0
20230630,Assets Past Due 30-89 Days,P3ASSET,6040000.0
20230331,Assets Past Due 30-89 Days,P3ASSET,6126000.0
20260630,"Loans Secured by Real Estate, Total",P3RE,1577000.0
20260331,"Loans Secured by Real Estate, Total",P3RE,1936000.0
20251231,"Loans Secured by Real Estate, Total",P3RE,1979000.0
20250930,"Loans Secured by Real Estate, Total",P3RE,1570000.0
20250630,"Loans Secured by Real Estate, Total",P3RE,1510000.0
20250331,"Loans Secured by Real Estate, Total",P3RE,2716000.0
20241231,"Loans Secured by Real Estate, Total",P3RE,2613000.0
20240930,"Loans Secured by Real Estate, Total",P3RE,1597000.0
20240630,"Loans Secured by Real Estate, Total",P3RE,1868000.0
20240331,"Loans Secured by Real Estate, Total",P3RE,1524000.0
20231231,"Loans Secured by Real Estate, Total",P3RE,1637000.0
20230930,"Loans Secured by Real Estate, Total",P3RE,1441000.0
20230630,"Loans Secured by Real Estate, Total",P3RE,1149000.0
20230331,"Loans Secured by Real Estate, Total",P3RE,1126000.0
20260630,To Non-U.S. Addressees,P3RENUS,27000.0
20260331,To Non-U.S. Addressees,P3RENUS,73000.0
20251231,To Non-U.S. Addressees,P3RENUS,10000.0
20250930,To Non-U.S. Addressees,P3RENUS,28000.0
20250630,To Non-U.S. Addressees,P3RENUS,7000.0
20250331,To Non-U.S. Addressees,P3RENUS,49000.0
20241231,To Non-U.S. Addressees,P3RENUS,19000.0
20240930,To Non-U.S. Addressees,P3RENUS,3000.0
20240630,To Non-U.S. Addressees,P3RENUS,159000.0
20240331,To Non-U.S. Addressees,P3RENUS,61000.0
20231231,To Non-U.S. Addressees,P3RENUS,56000.0
20230930,To Non-U.S. Addressees,P3RENUS,60000.0
20230630,To Non-U.S. Addressees,P3RENUS,45000.0
20230331,To Non-U.S. Addressees,P3RENUS,44000.0
20260630,Real Estate Loans in Domestic Offices,P3RELNDO,1556000.0
20260331,Real Estate Loans in Domestic Offices,P3RELNDO,1918000.0
20251231,Real Estate Loans in Domestic Offices,P3RELNDO,1978000.0
20250930,Real Estate Loans in Domestic Offices,P3RELNDO,1543000.0
20250630,Real Estate Loans in Domestic Offices,P3RELNDO,1504000.0
20250331,Real Estate Loans in Domestic Offices,P3RELNDO,2715000.0
20241231,Real Estate Loans in Domestic Offices,P3RELNDO,2611000.0
20240930,Real Estate Loans in Domestic Offices,P3RELNDO,1595000.0
20240630,Real Estate Loans in Domestic Offices,P3RELNDO,1864000.0
20240331,Real Estate Loans in Domestic Offices,P3RELNDO,1523000.0
20231231,Real Estate Loans in Domestic Offices,P3RELNDO,1635000.0
20230930,Real Estate Loans in Domestic Offices,P3RELNDO,1441000.0
20230630,Real Estate Loans in Domestic Offices,P3RELNDO,1148000.0
20230331,Real Estate Loans in Domestic Offices,P3RELNDO,1126000.0
20260630,Construction and Land Development,P3RECONS,117000.0
20260331,Construction and Land Development,P3RECONS,65000.0
20251231,Construction and Land Development,P3RECONS,147000.0
20250930,Construction and Land Development,P3RECONS,90000.0
20250630,Construction and Land Development,P3RECONS,135000.0
20250331,Construction and Land Development,P3RECONS,198000.0
20241231,Construction and Land Development,P3RECONS,170000.0
20240930,Construction and Land Development,P3RECONS,188000.0
20240630,Construction and Land Development,P3RECONS,124000.0
20240331,Construction and Land Development,P3RECONS,117000.0
20231231,Construction and Land Development,P3RECONS,97000.0
20230930,Construction and Land Development,P3RECONS,118000.0
20230630,Construction and Land Development,P3RECONS,73000.0
20230331,Construction and Land Development,P3RECONS,29000.0
20260630,1-4 Family Residential Construction,P3RECNFM,16000.0
20260331,1-4 Family Residential Construction,P3RECNFM,15000.0
20251231,1-4 Family Residential Construction,P3RECNFM,55000.0
20250930,1-4 Family Residential Construction,P3RECNFM,19000.0
20250630,1-4 Family Residential Construction,P3RECNFM,41000.0
20250331,1-4 Family Residential Construction,P3RECNFM,126000.0
20241231,1-4 Family Residential Construction,P3RECNFM,46000.0
20240930,1-4 Family Residential Construction,P3RECNFM,42000.0
20240630,1-4 Family Residential Construction,P3RECNFM,50000.0
20240331,1-4 Family Residential Construction,P3RECNFM,16000.0
20231231,1-4 Family Residential Construction,P3RECNFM,47000.0
20230930,1-4 Family Residential Construction,P3RECNFM,12000.0
20230630,1-4 Family Residential Construction,P3RECNFM,8000.0
20230331,1-4 Family Residential Construction,P3RECNFM,0.0
20260630,"Other Construction, All Land Development and Other Land",P3RECNOT,101000.0
20260331,"Other Construction, All Land Development and Other Land",P3RECNOT,50000.0
20251231,"Other Construction, All Land Development and Other Land",P3RECNOT,92000.0
20250930,"Other Construction, All Land Development and Other Land",P3RECNOT,71000.0
20250630,"Other Construction, All Land Development and Other Land",P3RECNOT,94000.0
20250331,"Other Construction, All Land Development and Other Land",P3RECNOT,72000.0
20241231,"Other Construction, All Land Development and Other Land",P3RECNOT,124000.0
20240930,"Other Construction, All Land Development and Other Land",P3RECNOT,146000.0
20240630,"Other Construction, All Land Development and Other Land",P3RECNOT,74000.0
20240331,"Other Construction, All Land Development and Other Land",P3RECNOT,101000.0
20231231,"Other Construction, All Land Development and Other Land",P3RECNOT,50000.0
20230930,"Other Construction, All Land Development and Other Land",P3RECNOT,106000.0
20230630,"Other Construction, All Land Development and Other Land",P3RECNOT,65000.0
20230331,"Other Construction, All Land Development and Other Land",P3RECNOT,29000.0
20260630,Secured by Farmland,P3REAG,0.0
20260331,Secured by Farmland,P3REAG,0.0
20251231,Secured by Farmland,P3REAG,0.0
20250930,Secured by Farmland,P3REAG,0.0
20250630,Secured by Farmland,P3REAG,0.0
20250331,Secured by Farmland,P3REAG,0.0
20241231,Secured by Farmland,P3REAG,0.0
20240930,Secured by Farmland,P3REAG,0.0
20240630,Secured by Farmland,P3REAG,1000.0
20240331,Secured by Farmland,P3REAG,3000.0
20231231,Secured by Farmland,P3REAG,0.0
20230930,Secured by Farmland,P3REAG,1000.0
20230630,Secured by Farmland,P3REAG,0.0
20230331,Secured by Farmland,P3REAG,0.0
20260630,Secured by 1-4 Family Residential Properties,P3RERES,1079000.0
20260331,Secured by 1-4 Family Residential Properties,P3RERES,1247000.0
20251231,Secured by 1-4 Family Residential Properties,P3RERES,1287000.0
20250930,Secured by 1-4 Family Residential Properties,P3RERES,1219000.0
20250630,Secured by 1-4 Family Residential Properties,P3RERES,1201000.0
20250331,Secured by 1-4 Family Residential Properties,P3RERES,1891000.0
20241231,Secured by 1-4 Family Residential Properties,P3RERES,1646000.0
20240930,Secured by 1-4 Family Residential Properties,P3RERES,1174000.0
20240630,Secured by 1-4 Family Residential Properties,P3RERES,1003000.0
20240331,Secured by 1-4 Family Residential Properties,P3RERES,1099000.0
20231231,Secured by 1-4 Family Residential Properties,P3RERES,1132000.0
20230930,Secured by 1-4 Family Residential Properties,P3RERES,921000.0
20230630,Secured by 1-4 Family Residential Properties,P3RERES,926000.0
20230331,Secured by 1-4 Family Residential Properties,P3RERES,858000.0
20260630,Secured by 1-4 family residential real estate secured by first liens,P3RERSFM,915000.0
20260331,Secured by 1-4 family residential real estate secured by first liens,P3RERSFM,1077000.0
20251231,Secured by 1-4 family residential real estate secured by first liens,P3RERSFM,1082000.0
20250930,Secured by 1-4 family residential real estate secured by first liens,P3RERSFM,1065000.0
20250630,Secured by 1-4 family residential real estate secured by first liens,P3RERSFM,1065000.0
20250331,Secured by 1-4 family residential real estate secured by first liens,P3RERSFM,1722000.0
20241231,Secured by 1-4 family residential real estate secured by first liens,P3RERSFM,1501000.0
20240930,Secured by 1-4 family residential real estate secured by first liens,P3RERSFM,1024000.0
20240630,Secured by 1-4 family residential real estate secured by first liens,P3RERSFM,854000.0
20240331,Secured by 1-4 family residential real estate secured by first liens,P3RERSFM,961000.0
20231231,Secured by 1-4 family residential real estate secured by first liens,P3RERSFM,986000.0
20230930,Secured by 1-4 family residential real estate secured by first liens,P3RERSFM,782000.0
20230630,Secured by 1-4 family residential real estate secured by first liens,P3RERSFM,804000.0
20230331,Secured by 1-4 family residential real estate secured by first liens,P3RERSFM,748000.0
20260630,Secured by 1-4 family residential real estate secured by junior liens,P3RERSF2,38000.0
20260331,Secured by 1-4 family residential real estate secured by junior liens,P3RERSF2,26000.0
20251231,Secured by 1-4 family residential real estate secured by junior liens,P3RERSF2,92000.0
20250930,Secured by 1-4 family residential real estate secured by junior liens,P3RERSF2,27000.0
20250630,Secured by 1-4 family residential real estate secured by junior liens,P3RERSF2,23000.0
20250331,Secured by 1-4 family residential real estate secured by junior liens,P3RERSF2,16000.0
20241231,Secured by 1-4 family residential real estate secured by junior liens,P3RERSF2,14000.0
20240930,Secured by 1-4 family residential real estate secured by junior liens,P3RERSF2,10000.0
20240630,Secured by 1-4 family residential real estate secured by junior liens,P3RERSF2,22000.0
20240331,Secured by 1-4 family residential real estate secured by junior liens,P3RERSF2,8000.0
20231231,Secured by 1-4 family residential real estate secured by junior liens,P3RERSF2,4000.0
20230930,Secured by 1-4 family residential real estate secured by junior liens,P3RERSF2,2000.0
20230630,Secured by 1-4 family residential real estate secured by junior liens,P3RERSF2,3000.0
20230331,Secured by 1-4 family residential real estate secured by junior liens,P3RERSF2,3000.0
20260630,Secured by 1-4 family residential real estate home equity loans,P3RELOC,126000.0
20260331,Secured by 1-4 family residential real estate home equity loans,P3RELOC,144000.0
20251231,Secured by 1-4 family residential real estate home equity loans,P3RELOC,113000.0
20250930,Secured by 1-4 family residential real estate home equity loans,P3RELOC,127000.0
20250630,Secured by 1-4 family residential real estate home equity loans,P3RELOC,113000.0
20250331,Secured by 1-4 family residential real estate home equity loans,P3RELOC,153000.0
20241231,Secured by 1-4 family residential real estate home equity loans,P3RELOC,131000.0
20240930,Secured by 1-4 family residential real estate home equity loans,P3RELOC,140000.0
20240630,Secured by 1-4 family residential real estate home equity loans,P3RELOC,127000.0
20240331,Secured by 1-4 family residential real estate home equity loans,P3RELOC,130000.0
20231231,Secured by 1-4 family residential real estate home equity loans,P3RELOC,142000.0
20230930,Secured by 1-4 family residential real estate home equity loans,P3RELOC,137000.0
20230630,Secured by 1-4 family residential real estate home equity loans,P3RELOC,119000.0
20230331,Secured by 1-4 family residential real estate home equity loans,P3RELOC,107000.0
20260630,Secured by Multifamily Residential Properties,P3REMULT,262000.0
20260331,Secured by Multifamily Residential Properties,P3REMULT,405000.0
20251231,Secured by Multifamily Residential Properties,P3REMULT,305000.0
20250930,Secured by Multifamily Residential Properties,P3REMULT,123000.0
20250630,Secured by Multifamily Residential Properties,P3REMULT,91000.0
20250331,Secured by Multifamily Residential Properties,P3REMULT,311000.0
20241231,Secured by Multifamily Residential Properties,P3REMULT,552000.0
20240930,Secured by Multifamily Residential Properties,P3REMULT,84000.0
20240630,Secured by Multifamily Residential Properties,P3REMULT,328000.0
20240331,Secured by Multifamily Residential Properties,P3REMULT,121000.0
20231231,Secured by Multifamily Residential Properties,P3REMULT,283000.0
20230930,Secured by Multifamily Residential Properties,P3REMULT,107000.0
20230630,Secured by Multifamily Residential Properties,P3REMULT,30000.0
20230331,Secured by Multifamily Residential Properties,P3REMULT,50000.0
20260630,Secured by Nonfarm Nonresidential Properties,P3RENRES,98000.0
20260331,Secured by Nonfarm Nonresidential Properties,P3RENRES,201000.0
20251231,Secured by Nonfarm Nonresidential Properties,P3RENRES,239000.0
20250930,Secured by Nonfarm Nonresidential Properties,P3RENRES,111000.0
20250630,Secured by Nonfarm Nonresidential Properties,P3RENRES,77000.0
20250331,Secured by Nonfarm Nonresidential Properties,P3RENRES,315000.0
20241231,Secured by Nonfarm Nonresidential Properties,P3RENRES,243000.0
20240930,Secured by Nonfarm Nonresidential Properties,P3RENRES,149000.0
20240630,Secured by Nonfarm Nonresidential Properties,P3RENRES,408000.0
20240331,Secured by Nonfarm Nonresidential Properties,P3RENRES,183000.0
20231231,Secured by Nonfarm Nonresidential Properties,P3RENRES,123000.0
20230930,Secured by Nonfarm Nonresidential Properties,P3RENRES,294000.0
20230630,Secured by Nonfarm Nonresidential Properties,P3RENRES,119000.0
20230331,Secured by Nonfarm Nonresidential Properties,P3RENRES,189000.0
20260630,Owner-Occupied Non-farm Residential,P3RENROW,30000.0
20260331,Owner-Occupied Non-farm Residential,P3RENROW,86000.0
20251231,Owner-Occupied Non-farm Residential,P3RENROW,167000.0
20250930,Owner-Occupied Non-farm Residential,P3RENROW,46000.0
20250630,Owner-Occupied Non-farm Residential,P3RENROW,16000.0
20250331,Owner-Occupied Non-farm Residential,P3RENROW,40000.0
20241231,Owner-Occupied Non-farm Residential,P3RENROW,80000.0
20240930,Owner-Occupied Non-farm Residential,P3RENROW,86000.0
20240630,Owner-Occupied Non-farm Residential,P3RENROW,70000.0
20240331,Owner-Occupied Non-farm Residential,P3RENROW,89000.0
20231231,Owner-Occupied Non-farm Residential,P3RENROW,43000.0
20230930,Owner-Occupied Non-farm Residential,P3RENROW,44000.0
20230630,Owner-Occupied Non-farm Residential,P3RENROW,39000.0
20230331,Owner-Occupied Non-farm Residential,P3RENROW,45000.0
20260630,Other Non-Farm Non-Residential,P3RENROT,68000.0
20260331,Other Non-Farm Non-Residential,P3RENROT,115000.0
20251231,Other Non-Farm Non-Residential,P3RENROT,72000.0
20250930,Other Non-Farm Non-Residential,P3RENROT,65000.0
20250630,Other Non-Farm Non-Residential,P3RENROT,61000.0
20250331,Other Non-Farm Non-Residential,P3RENROT,275000.0
20241231,Other Non-Farm Non-Residential,P3RENROT,163000.0
20240930,Other Non-Farm Non-Residential,P3RENROT,63000.0
20240630,Other Non-Farm Non-Residential,P3RENROT,338000.0
20240331,Other Non-Farm Non-Residential,P3RENROT,94000.0
20231231,Other Non-Farm Non-Residential,P3RENROT,80000.0
20230930,Other Non-Farm Non-Residential,P3RENROT,250000.0
20230630,Other Non-Farm Non-Residential,P3RENROT,80000.0
20230331,Other Non-Farm Non-Residential,P3RENROT,144000.0
20260630,Real Estate Loans in Foreign Offices,P3REFOR,21000.0
20260331,Real Estate Loans in Foreign Offices,P3REFOR,18000.0
20251231,Real Estate Loans in Foreign Offices,P3REFOR,1000.0
20250930,Real Estate Loans in Foreign Offices,P3REFOR,27000.0
20250630,Real Estate Loans in Foreign Offices,P3REFOR,6000.0
20250331,Real Estate Loans in Foreign Offices,P3REFOR,1000.0
20241231,Real Estate Loans in Foreign Offices,P3REFOR,2000.0
20240930,Real Estate Loans in Foreign Offices,P3REFOR,2000.0
20240630,Real Estate Loans in Foreign Offices,P3REFOR,4000.0
20240331,Real Estate Loans in Foreign Offices,P3REFOR,1000.0
20231231,Real Estate Loans in Foreign Offices,P3REFOR,2000.0
20230930,Real Estate Loans in Foreign Offices,P3REFOR,0.0
20230630,Real Estate Loans in Foreign Offices,P3REFOR,1000.0
20230331,Real Estate Loans in Foreign Offices,P3REFOR,0.0
20260630,Loans to Depository Institutions,P3DEP,0.0
20260331,Loans to Depository Institutions,P3DEP,0.0
20251231,Loans to Depository Institutions,P3DEP,2000.0
20250930,Loans to Depository Institutions,P3DEP,0.0
20250630,Loans to Depository Institutions,P3DEP,0.0
20250331,Loans to Depository Institutions,P3DEP,0.0
20241231,Loans to Depository Institutions,P3DEP,0.0
20240930,Loans to Depository Institutions,P3DEP,0.0
20240630,Loans to Depository Institutions,P3DEP,0.0
20240331,Loans to Depository Institutions,P3DEP,0.0
20231231,Loans to Depository Institutions,P3DEP,0.0
20230930,Loans to Depository Institutions,P3DEP,0.0
20230630,Loans to Depository Institutions,P3DEP,17000.0
20230331,Loans to Depository Institutions,P3DEP,0.0
20260630,To Foreign Banks,P3DEPNUS,0.0
20260331,To Foreign Banks,P3DEPNUS,0.0
20251231,To Foreign Banks,P3DEPNUS,2000.0
20250930,To Foreign Banks,P3DEPNUS,0.0
20250630,To Foreign Banks,P3DEPNUS,0.0
20250331,To Foreign Banks,P3DEPNUS,0.0
20241231,To Foreign Banks,P3DEPNUS,0.0
20240930,To Foreign Banks,P3DEPNUS,0.0
20240630,To Foreign Banks,P3DEPNUS,0.0
20240331,To Foreign Banks,P3DEPNUS,0.0
20231231,To Foreign Banks,P3DEPNUS,0.0
20230930,To Foreign Banks,P3DEPNUS,0.0
20230630,To Foreign Banks,P3DEPNUS,17000.0
20230331,To Foreign Banks,P3DEPNUS,0.0
20260630,Loans to Finance Agricultural Prod and Other Loans to Farmers,P3AG,3000.0
20260331,Loans to Finance Agricultural Prod and Other Loans to Farmers,P3AG,3000.0
20251231,Loans to Finance Agricultural Prod and Other Loans to Farmers,P3AG,3000.0
20250930,Loans to Finance Agricultural Prod and Other Loans to Farmers,P3AG,2000.0
20250630,Loans to Finance Agricultural Prod and Other Loans to Farmers,P3AG,3000.0
20250331,Loans to Finance Agricultural Prod and Other Loans to Farmers,P3AG,3000.0
20241231,Loans to Finance Agricultural Prod and Other Loans to Farmers,P3AG,3000.0
20240930,Loans to Finance Agricultural Prod and Other Loans to Farmers,P3AG,3000.0
20240630,Loans to Finance Agricultural Prod and Other Loans to Farmers,P3AG,2000.0
20240331,Loans to Finance Agricultural Prod and Other Loans to Farmers,P3AG,3000.0
20231231,Loans to Finance Agricultural Prod and Other Loans to Farmers,P3AG,2000.0
20230930,Loans to Finance Agricultural Prod and Other Loans to Farmers,P3AG,3000.0
20230630,Loans to Finance Agricultural Prod and Other Loans to Farmers,P3AG,1000.0
20230331,Loans to Finance Agricultural Prod and Other Loans to Farmers,P3AG,2000.0
20260630,Commercial & Industrial Loans,P3CI,1163000.0
20260331,Commercial & Industrial Loans,P3CI,844000.0
20251231,Commercial & Industrial Loans,P3CI,1912000.0
20250930,Commercial & Industrial Loans,P3CI,972000.0
20250630,Commercial & Industrial Loans,P3CI,1181000.0
20250331,Commercial & Industrial Loans,P3CI,935000.0
20241231,Commercial & Industrial Loans,P3CI,1293000.0
20240930,Commercial & Industrial Loans,P3CI,1056000.0
20240630,Commercial & Industrial Loans,P3CI,1134000.0
20240331,Commercial & Industrial Loans,P3CI,1151000.0
20231231,Commercial & Industrial Loans,P3CI,1227000.0
20230930,Commercial & Industrial Loans,P3CI,879000.0
20230630,Commercial & Industrial Loans,P3CI,1566000.0
20230331,Commercial & Industrial Loans,P3CI,1385000.0
20260630,To Non-U.S. Addressees,P3CINUS,28000.0
20260331,To Non-U.S. Addressees,P3CINUS,3000.0
20251231,To Non-U.S. Addressees,P3CINUS,544000.0
20250930,To Non-U.S. Addressees,P3CINUS,70000.0
20250630,To Non-U.S. Addressees,P3CINUS,19000.0
20250331,To Non-U.S. Addressees,P3CINUS,20000.0
20241231,To Non-U.S. Addressees,P3CINUS,24000.0
20240930,To Non-U.S. Addressees,P3CINUS,24000.0
20240630,To Non-U.S. Addressees,P3CINUS,13000.0
20240331,To Non-U.S. Addressees,P3CINUS,165000.0
20231231,To Non-U.S. Addressees,P3CINUS,21000.0
20230930,To Non-U.S. Addressees,P3CINUS,41000.0
20230630,To Non-U.S. Addressees,P3CINUS,172000.0
20230331,To Non-U.S. Addressees,P3CINUS,201000.0
20260630,Loans to Individuals,P3CON,2798000.0
20260331,Loans to Individuals,P3CON,2784000.0
20251231,Loans to Individuals,P3CON,3101000.0
20250930,Loans to Individuals,P3CON,2925000.0
20250630,Loans to Individuals,P3CON,2861000.0
20250331,Loans to Individuals,P3CON,2792000.0
20241231,Loans to Individuals,P3CON,3020000.0
20240930,Loans to Individuals,P3CON,3051000.0
20240630,Loans to Individuals,P3CON,2689000.0
20240331,Loans to Individuals,P3CON,2696000.0
20231231,Loans to Individuals,P3CON,2971000.0
20230930,Loans to Individuals,P3CON,2493000.0
20230630,Loans to Individuals,P3CON,2329000.0
20230331,Loans to Individuals,P3CON,2249000.0
20260630,Credit Cards,P3CRCD,1920000.0
20260331,Credit Cards,P3CRCD,2044000.0
20251231,Credit Cards,P3CRCD,2236000.0
20250930,Credit Cards,P3CRCD,2150000.0
20250630,Credit Cards,P3CRCD,1949000.0
20250331,Credit Cards,P3CRCD,1968000.0
20241231,Credit Cards,P3CRCD,2041000.0
20240930,Credit Cards,P3CRCD,2050000.0
20240630,Credit Cards,P3CRCD,1843000.0
20240331,Credit Cards,P3CRCD,1879000.0
20231231,Credit Cards,P3CRCD,2011000.0
20230930,Credit Cards,P3CRCD,1733000.0
20230630,Credit Cards,P3CRCD,1446000.0
20230331,Credit Cards,P3CRCD,1337000.0
20260630,Automobile Loans,P3AUTO,593000.0
20260331,Automobile Loans,P3AUTO,610000.0
20251231,Automobile Loans,P3AUTO,700000.0
20250930,Automobile Loans,P3AUTO,657000.0
20250630,Automobile Loans,P3AUTO,696000.0
20250331,Automobile Loans,P3AUTO,689000.0
20241231,Automobile Loans,P3AUTO,803000.0
20240930,Automobile Loans,P3AUTO,737000.0
20240630,Automobile Loans,P3AUTO,715000.0
20240331,Automobile Loans,P3AUTO,641000.0
20231231,Automobile Loans,P3AUTO,764000.0
20230930,Automobile Loans,P3AUTO,653000.0
20230630,Automobile Loans,P3AUTO,576000.0
20230331,Automobile Loans,P3AUTO,521000.0
20260630,Other Consumer Loans,P3CONOTH,285000.0
20260331,Other Consumer Loans,P3CONOTH,130000.0
20251231,Other Consumer Loans,P3CONOTH,165000.0
20250930,Other Consumer Loans,P3CONOTH,118000.0
20250630,Other Consumer Loans,P3CONOTH,216000.0
20250331,Other Consumer Loans,P3CONOTH,135000.0
20241231,Other Consumer Loans,P3CONOTH,176000.0
20240930,Other Consumer Loans,P3CONOTH,264000.0
20240630,Other Consumer Loans,P3CONOTH,131000.0
20240331,Other Consumer Loans,P3CONOTH,176000.0
20231231,Other Consumer Loans,P3CONOTH,196000.0
20230930,Other Consumer Loans,P3CONOTH,107000.0
20230630,Other Consumer Loans,P3CONOTH,307000.0
20230331,Other Consumer Loans,P3CONOTH,391000.0
20260630,Loans to Foreign Governments & Official Institutions,P3FG,0.0
20260331,Loans to Foreign Governments & Official Institutions,P3FG,20000.0
20251231,Loans to Foreign Governments & Official Institutions,P3FG,4000.0
20250930,Loans to Foreign Governments & Official Institutions,P3FG,4000.0
20250630,Loans to Foreign Governments & Official Institutions,P3FG,5000.0
20250331,Loans to Foreign Governments & Official Institutions,P3FG,1000.0
20241231,Loans to Foreign Governments & Official Institutions,P3FG,4000.0
20240930,Loans to Foreign Governments & Official Institutions,P3FG,0.0
20240630,Loans to Foreign Governments & Official Institutions,P3FG,2000.0
20240331,Loans to Foreign Governments & Official Institutions,P3FG,2000.0
20231231,Loans to Foreign Governments & Official Institutions,P3FG,0.0
20230930,Loans to Foreign Governments & Official Institutions,P3FG,0.0
20230630,Loans to Foreign Governments & Official Institutions,P3FG,0.0
20230331,Loans to Foreign Governments & Official Institutions,P3FG,0.0
20260630,Other Loans,P3OTHLN,1616000.0
20260331,Other Loans,P3OTHLN,659000.0
20251231,Other Loans,P3OTHLN,1066000.0
20250930,Other Loans,P3OTHLN,1081000.0
20250630,Other Loans,P3OTHLN,1485000.0
20250331,Other Loans,P3OTHLN,1460000.0
20241231,Other Loans,P3OTHLN,1032000.0
20240930,Other Loans,P3OTHLN,1197000.0
20240630,Other Loans,P3OTHLN,1133000.0
20240331,Other Loans,P3OTHLN,1386000.0
20231231,Other Loans,P3OTHLN,1002000.0
20230930,Other Loans,P3OTHLN,914000.0
20230630,Other Loans,P3OTHLN,978000.0
20230331,Other Loans,P3OTHLN,1364000.0
20260630,Lease Financing Receivables,P3LS,0.0
20260331,Lease Financing Receivables,P3LS,0.0
20251231,Lease Financing Receivables,P3LS,0.0
20250930,Lease Financing Receivables,P3LS,0.0
20250630,Lease Financing Receivables,P3LS,0.0
20250331,Lease Financing Receivables,P3LS,0.0
20241231,Lease Financing Receivables,P3LS,0.0
20240930,Lease Financing Receivables,P3LS,0.0
20240630,Lease Financing Receivables,P3LS,0.0
20240331,Lease Financing Receivables,P3LS,0.0
20231231,Lease Financing Receivables,P3LS,0.0
20230930,Lease Financing Receivables,P3LS,0.0
20230630,Lease Financing Receivables,P3LS,0.0
20230331,Lease Financing Receivables,P3LS,0.0
20260630,Debt Securities and Other Assets,P3SCDEBT,0.0
20260331,Debt Securities and Other Assets,P3SCDEBT,0.0
20251231,Debt Securities and Other Assets,P3SCDEBT,0.0
20250930,Debt Securities and Other Assets,P3SCDEBT,0.0
20250630,Debt Securities and Other Assets,P3SCDEBT,0.0
20250331,Debt Securities and Other Assets,P3SCDEBT,0.0
20241231,Debt Securities and Other Assets,P3SCDEBT,0.0
20240930,Debt Securities and Other Assets,P3SCDEBT,0.0
20240630,Debt Securities and Other Assets,P3SCDEBT,0.0
20240331,Debt Securities and Other Assets,P3SCDEBT,0.0
20231231,Debt Securities and Other Assets,P3SCDEBT,0.0
20230930,Debt Securities and Other Assets,P3SCDEBT,0.0
20230630,Debt Securities and Other Assets,P3SCDEBT,0.0
20230331,Debt Securities and Other Assets,P3SCDEBT,0.0
20260630,Loans to Finance Agricultural Prod and Other Loans to Farmers (small),P3AGSM,
20260331,Loans to Finance Agricultural Prod and Other Loans to Farmers (small),P3AGSM,
20251231,Loans to Finance Agricultural Prod and Other Loans to Farmers (small),P3AGSM,
20250930,Loans to Finance Agricultural Prod and Other Loans to Farmers (small),P3AGSM,
20250630,Loans to Finance Agricultural Prod and Other Loans to Farmers (small),P3AGSM,
20250331,Loans to Finance Agricultural Prod and Other Loans to Farmers (small),P3AGSM,
20241231,Loans to Finance Agricultural Prod and Other Loans to Farmers (small),P3AGSM,
20240930,Loans to Finance Agricultural Prod and Other Loans to Farmers (small),P3AGSM,
20240630,Loans to Finance Agricultural Prod and Other Loans to Farmers (small),P3AGSM,
20240331,Loans to Finance Agricultural Prod and Other Loans to Farmers (small),P3AGSM,
20231231,Loans to Finance Agricultural Prod and Other Loans to Farmers (small),P3AGSM,
20230930,Loans to Finance Agricultural Prod and Other Loans to Farmers (small),P3AGSM,
20230630,Loans to Finance Agricultural Prod and Other Loans to Farmers (small),P3AGSM,
20230331,Loans to Finance Agricultural Prod and Other Loans to Farmers (small),P3AGSM,
20260630,Loans Held for Sale,P3LNSALE,552000.0
20260331,Loans Held for Sale,P3LNSALE,575000.0
20251231,Loans Held for Sale,P3LNSALE,755000.0
20250930,Loans Held for Sale,P3LNSALE,630000.0
20250630,Loans Held for Sale,P3LNSALE,509000.0
20250331,Loans Held for Sale,P3LNSALE,447000.0
20241231,Loans Held for Sale,P3LNSALE,948000.0
20240930,Loans Held for Sale,P3LNSALE,534000.0
20240630,Loans Held for Sale,P3LNSALE,359000.0
20240331,Loans Held for Sale,P3LNSALE,423000.0
20231231,Loans Held for Sale,P3LNSALE,439000.0
20230930,Loans Held for Sale,P3LNSALE,388000.0
20230630,Loans Held for Sale,P3LNSALE,381000.0
20230331,Loans Held for Sale,P3LNSALE,452000.0
20260630,"Loans and Leases, Wholly or Partially Guaranteed by the U.S Government",P3GTYPAR,88000.0
20260331,"Loans and Leases, Wholly or Partially Guaranteed by the U.S Government",P3GTYPAR,129000.0
20251231,"Loans and Leases, Wholly or Partially Guaranteed by the U.S Government",P3GTYPAR,111000.0
20250930,"Loans and Leases, Wholly or Partially Guaranteed by the U.S Government",P3GTYPAR,114000.0
20250630,"Loans and Leases, Wholly or Partially Guaranteed by the U.S Government",P3GTYPAR,91000.0
20250331,"Loans and Leases, Wholly or Partially Guaranteed by the U.S Government",P3GTYPAR,58000.0
20241231,"Loans and Leases, Wholly or Partially Guaranteed by the U.S Government",P3GTYPAR,65000.0
20240930,"Loans and Leases, Wholly or Partially Guaranteed by the U.S Government",P3GTYPAR,67000.0
20240630,"Loans and Leases, Wholly or Partially Guaranteed by the U.S Government",P3GTYPAR,70000.0
20240331,"Loans and Leases, Wholly or Partially Guaranteed by the U.S Government",P3GTYPAR,77000.0
20231231,"Loans and Leases, Wholly or Partially Guaranteed by the U.S Government",P3GTYPAR,92000.0
20230930,"Loans and Leases, Wholly or Partially Guaranteed by the U.S Government",P3GTYPAR,89000.0
20230630,"Loans and Leases, Wholly or Partially Guaranteed by the U.S Government",P3GTYPAR,105000.0
20230331,"Loans and Leases, Wholly or Partially Guaranteed by the U.S Government",P3GTYPAR,107000.0
20260630,"Guaranteed portion of loans and leases, excluding GNMA loans past due 30-89 days",P3GTY,6000.0
20260331,"Guaranteed portion of loans and leases, excluding GNMA loans past due 30-89 days",P3GTY,105000.0
20251231,"Guaranteed portion of loans and leases, excluding GNMA loans past due 30-89 days",P3GTY,81000.0
20250930,"Guaranteed portion of loans and leases, excluding GNMA loans past due 30-89 days",P3GTY,85000.0
20250630,"Guaranteed portion of loans and leases, excluding GNMA loans past due 30-89 days",P3GTY,63000.0
20250331,"Guaranteed portion of loans and leases, excluding GNMA loans past due 30-89 days",P3GTY,28000.0
20241231,"Guaranteed portion of loans and leases, excluding GNMA loans past due 30-89 days",P3GTY,31000.0
20240930,"Guaranteed portion of loans and leases, excluding GNMA loans past due 30-89 days",P3GTY,32000.0
20240630,"Guaranteed portion of loans and leases, excluding GNMA loans past due 30-89 days",P3GTY,32000.0
20240331,"Guaranteed portion of loans and leases, excluding GNMA loans past due 30-89 days",P3GTY,41000.0
20231231,"Guaranteed portion of loans and leases, excluding GNMA loans past due 30-89 days",P3GTY,46000.0
20230930,"Guaranteed portion of loans and leases, excluding GNMA loans past due 30-89 days",P3GTY,44000.0
20230630,"Guaranteed portion of loans and leases, excluding GNMA loans past due 30-89 days",P3GTY,56000.0
20230331,"Guaranteed portion of loans and leases, excluding GNMA loans past due 30-89 days",P3GTY,61000.0
20260630,"Rebooked GNMA loans, repurchased or are eligible for repurchase past due 30-89 days",P3GTYGNM,20000.0
20260331,"Rebooked GNMA loans, repurchased or are eligible for repurchase past due 30-89 days",P3GTYGNM,21000.0
20251231,"Rebooked GNMA loans, repurchased or are eligible for repurchase past due 30-89 days",P3GTYGNM,26000.0
20250930,"Rebooked GNMA loans, repurchased or are eligible for repurchase past due 30-89 days",P3GTYGNM,24000.0
20250630,"Rebooked GNMA loans, repurchased or are eligible for repurchase past due 30-89 days",P3GTYGNM,24000.0
20250331,"Rebooked GNMA loans, repurchased or are eligible for repurchase past due 30-89 days",P3GTYGNM,26000.0
20241231,"Rebooked GNMA loans, repurchased or are eligible for repurchase past due 30-89 days",P3GTYGNM,31000.0
20240930,"Rebooked GNMA loans, repurchased or are eligible for repurchase past due 30-89 days",P3GTYGNM,32000.0
20240630,"Rebooked GNMA loans, repurchased or are eligible for repurchase past due 30-89 days",P3GTYGNM,34000.0
20240331,"Rebooked GNMA loans, repurchased or are eligible for repurchase past due 30-89 days",P3GTYGNM,32000.0
20231231,"Rebooked GNMA loans, repurchased or are eligible for repurchase past due 30-89 days",P3GTYGNM,43000.0
20230930,"Rebooked GNMA loans, repurchased or are eligible for repurchase past due 30-89 days",P3GTYGNM,42000.0
20230630,"Rebooked GNMA loans, repurchased or are eligible for repurchase past due 30-89 days",P3GTYGNM,46000.0
20230331,"Rebooked GNMA loans, repurchased or are eligible for repurchase past due 30-89 days",P3GTYGNM,43000.0
20260630,Assets Past Due 90 or More Days,P9ASSET,2681000.0
20260331,Assets Past Due 90 or More Days,P9ASSET,3076000.0
20251231,Assets Past Due 90 or More Days,P9ASSET,2835000.0
20250930,Assets Past Due 90 or More Days,P9ASSET,3017000.0
20250630,Assets Past Due 90 or More Days,P9ASSET,2639000.0
20250331,Assets Past Due 90 or More Days,P9ASSET,2886000.0
20241231,Assets Past Due 90 or More Days,P9ASSET,2966000.0
20240930,Assets Past Due 90 or More Days,P9ASSET,2887000.0
20240630,Assets Past Due 90 or More Days,P9ASSET,2491000.0
20240331,Assets Past Due 90 or More Days,P9ASSET,2720000.0
20231231,Assets Past Due 90 or More Days,P9ASSET,2629000.0
20230930,Assets Past Due 90 or More Days,P9ASSET,2054000.0
20230630,Assets Past Due 90 or More Days,P9ASSET,2014000.0
20230331,Assets Past Due 90 or More Days,P9ASSET,1761000.0
20260630,"Loans Secured by Real Estate, Total",P9RE,107000.0
20260331,"Loans Secured by Real Estate, Total",P9RE,99000.0
20251231,"Loans Secured by Real Estate, Total",P9RE,86000.0
20250930,"Loans Secured by Real Estate, Total",P9RE,99000.0
20250630,"Loans Secured by Real Estate, Total",P9RE,120000.0
20250331,"Loans Secured by Real Estate, Total",P9RE,154000.0
20241231,"Loans Secured by Real Estate, Total",P9RE,176000.0
20240930,"Loans Secured by Real Estate, Total",P9RE,291000.0
20240630,"Loans Secured by Real Estate, Total",P9RE,96000.0
20240331,"Loans Secured by Real Estate, Total",P9RE,74000.0
20231231,"Loans Secured by Real Estate, Total",P9RE,222000.0
20230930,"Loans Secured by Real Estate, Total",P9RE,83000.0
20230630,"Loans Secured by Real Estate, Total",P9RE,78000.0
20230331,"Loans Secured by Real Estate, Total",P9RE,91000.0
20260630,To Non-U.S. Addressees,P9RENUS,0.0
20260331,To Non-U.S. Addressees,P9RENUS,0.0
20251231,To Non-U.S. Addressees,P9RENUS,0.0
20250930,To Non-U.S. Addressees,P9RENUS,0.0
20250630,To Non-U.S. Addressees,P9RENUS,0.0
20250331,To Non-U.S. Addressees,P9RENUS,0.0
20241231,To Non-U.S. Addressees,P9RENUS,0.0
20240930,To Non-U.S. Addressees,P9RENUS,0.0
20240630,To Non-U.S. Addressees,P9RENUS,0.0
20240331,To Non-U.S. Addressees,P9RENUS,0.0
20231231,To Non-U.S. Addressees,P9RENUS,0.0
20230930,To Non-U.S. Addressees,P9RENUS,1000.0
20230630,To Non-U.S. Addressees,P9RENUS,0.0
20230331,To Non-U.S. Addressees,P9RENUS,0.0
20260630,Real Estate Loans in Domestic Offices,P9RELNDO,107000.0
20260331,Real Estate Loans in Domestic Offices,P9RELNDO,99000.0
20251231,Real Estate Loans in Domestic Offices,P9RELNDO,86000.0
20250930,Real Estate Loans in Domestic Offices,P9RELNDO,99000.0
20250630,Real Estate Loans in Domestic Offices,P9RELNDO,120000.0
20250331,Real Estate Loans in Domestic Offices,P9RELNDO,154000.0
20241231,Real Estate Loans in Domestic Offices,P9RELNDO,176000.0
20240930,Real Estate Loans in Domestic Offices,P9RELNDO,291000.0
20240630,Real Estate Loans in Domestic Offices,P9RELNDO,96000.0
20240331,Real Estate Loans in Domestic Offices,P9RELNDO,74000.0
20231231,Real Estate Loans in Domestic Offices,P9RELNDO,222000.0
20230930,Real Estate Loans in Domestic Offices,P9RELNDO,83000.0
20230630,Real Estate Loans in Domestic Offices,P9RELNDO,78000.0
20230331,Real Estate Loans in Domestic Offices,P9RELNDO,91000.0
20260630,Construction and Land Development,P9RECONS,6000.0
20260331,Construction and Land Development,P9RECONS,0.0
20251231,Construction and Land Development,P9RECONS,22000.0
20250930,Construction and Land Development,P9RECONS,28000.0
20250630,Construction and Land Development,P9RECONS,38000.0
20250331,Construction and Land Development,P9RECONS,75000.0
20241231,Construction and Land Development,P9RECONS,66000.0
20240930,Construction and Land Development,P9RECONS,119000.0
20240630,Construction and Land Development,P9RECONS,27000.0
20240331,Construction and Land Development,P9RECONS,11000.0
20231231,Construction and Land Development,P9RECONS,12000.0
20230930,Construction and Land Development,P9RECONS,0.0
20230630,Construction and Land Development,P9RECONS,0.0
20230331,Construction and Land Development,P9RECONS,0.0
20260630,1-4 Family Residential Construction,P9RECNFM,0.0
20260331,1-4 Family Residential Construction,P9RECNFM,0.0
20251231,1-4 Family Residential Construction,P9RECNFM,0.0
20250930,1-4 Family Residential Construction,P9RECNFM,0.0
20250630,1-4 Family Residential Construction,P9RECNFM,0.0
20250331,1-4 Family Residential Construction,P9RECNFM,0.0
20241231,1-4 Family Residential Construction,P9RECNFM,0.0
20240930,1-4 Family Residential Construction,P9RECNFM,0.0
20240630,1-4 Family Residential Construction,P9RECNFM,0.0
20240331,1-4 Family Residential Construction,P9RECNFM,0.0
20231231,1-4 Family Residential Construction,P9RECNFM,2000.0
20230930,1-4 Family Residential Construction,P9RECNFM,0.0
20230630,1-4 Family Residential Construction,P9RECNFM,0.0
20230331,1-4 Family Residential Construction,P9RECNFM,0.0
20260630,"Other Construction, All Land Development and Other Land",P9RECNOT,6000.0
20260331,"Other Construction, All Land Development and Other Land",P9RECNOT,0.0
20251231,"Other Construction, All Land Development and Other Land",P9RECNOT,22000.0
20250930,"Other Construction, All Land Development and Other Land",P9RECNOT,28000.0
20250630,"Other Construction, All Land Development and Other Land",P9RECNOT,38000.0
20250331,"Other Construction, All Land Development and Other Land",P9RECNOT,75000.0
20241231,"Other Construction, All Land Development and Other Land",P9RECNOT,66000.0
20240930,"Other Construction, All Land Development and Other Land",P9RECNOT,119000.0
20240630,"Other Construction, All Land Development and Other Land",P9RECNOT,27000.0
20240331,"Other Construction, All Land Development and Other Land",P9RECNOT,11000.0
20231231,"Other Construction, All Land Development and Other Land",P9RECNOT,10000.0
20230930,"Other Construction, All Land Development and Other Land",P9RECNOT,0.0
20230630,"Other Construction, All Land Development and Other Land",P9RECNOT,0.0
20230331,"Other Construction, All Land Development and Other Land",P9RECNOT,0.0
20260630,Secured by Farmland,P9REAG,0.0
20260331,Secured by Farmland,P9REAG,0.0
20251231,Secured by Farmland,P9REAG,0.0
20250930,Secured by Farmland,P9REAG,0.0
20250630,Secured by Farmland,P9REAG,0.0
20250331,Secured by Farmland,P9REAG,0.0
20241231,Secured by Farmland,P9REAG,0.0
20240930,Secured by Farmland,P9REAG,0.0
20240630,Secured by Farmland,P9REAG,0.0
20240331,Secured by Farmland,P9REAG,0.0
20231231,Secured by Farmland,P9REAG,0.0
20230930,Secured by Farmland,P9REAG,0.0
20230630,Secured by Farmland,P9REAG,0.0
20230331,Secured by Farmland,P9REAG,0.0
20260630,Secured by 1-4 Family Residential Properties,P9RERES,57000.0
20260331,Secured by 1-4 Family Residential Properties,P9RERES,44000.0
20251231,Secured by 1-4 Family Residential Properties,P9RERES,44000.0
20250930,Secured by 1-4 Family Residential Properties,P9RERES,40000.0
20250630,Secured by 1-4 Family Residential Properties,P9RERES,49000.0
20250331,Secured by 1-4 Family Residential Properties,P9RERES,50000.0
20241231,Secured by 1-4 Family Residential Properties,P9RERES,49000.0
20240930,Secured by 1-4 Family Residential Properties,P9RERES,51000.0
20240630,Secured by 1-4 Family Residential Properties,P9RERES,52000.0
20240331,Secured by 1-4 Family Residential Properties,P9RERES,62000.0
20231231,Secured by 1-4 Family Residential Properties,P9RERES,73000.0
20230930,Secured by 1-4 Family Residential Properties,P9RERES,64000.0
20230630,Secured by 1-4 Family Residential Properties,P9RERES,78000.0
20230331,Secured by 1-4 Family Residential Properties,P9RERES,91000.0
20260630,Secured by 1-4 family residential real estate secured by first liens,P9RERSFM,39000.0
20260331,Secured by 1-4 family residential real estate secured by first liens,P9RERSFM,44000.0
20251231,Secured by 1-4 family residential real estate secured by first liens,P9RERSFM,44000.0
20250930,Secured by 1-4 family residential real estate secured by first liens,P9RERSFM,40000.0
20250630,Secured by 1-4 family residential real estate secured by first liens,P9RERSFM,49000.0
20250331,Secured by 1-4 family residential real estate secured by first liens,P9RERSFM,50000.0
20241231,Secured by 1-4 family residential real estate secured by first liens,P9RERSFM,49000.0
20240930,Secured by 1-4 family residential real estate secured by first liens,P9RERSFM,51000.0
20240630,Secured by 1-4 family residential real estate secured by first liens,P9RERSFM,52000.0
20240331,Secured by 1-4 family residential real estate secured by first liens,P9RERSFM,62000.0
20231231,Secured by 1-4 family residential real estate secured by first liens,P9RERSFM,73000.0
20230930,Secured by 1-4 family residential real estate secured by first liens,P9RERSFM,64000.0
20230630,Secured by 1-4 family residential real estate secured by first liens,P9RERSFM,78000.0
20230331,Secured by 1-4 family residential real estate secured by first liens,P9RERSFM,91000.0
20260630,Secured by 1-4 family residential real estate secured by junior liens,P9RERSF2,18000.0
20260331,Secured by 1-4 family residential real estate secured by junior liens,P9RERSF2,0.0
20251231,Secured by 1-4 family residential real estate secured by junior liens,P9RERSF2,0.0
20250930,Secured by 1-4 family residential real estate secured by junior liens,P9RERSF2,0.0
20250630,Secured by 1-4 family residential real estate secured by junior liens,P9RERSF2,0.0
20250331,Secured by 1-4 family residential real estate secured by junior liens,P9RERSF2,0.0
20241231,Secured by 1-4 family residential real estate secured by junior liens,P9RERSF2,0.0
20240930,Secured by 1-4 family residential real estate secured by junior liens,P9RERSF2,0.0
20240630,Secured by 1-4 family residential real estate secured by junior liens,P9RERSF2,0.0
20240331,Secured by 1-4 family residential real estate secured by junior liens,P9RERSF2,0.0
20231231,Secured by 1-4 family residential real estate secured by junior liens,P9RERSF2,0.0
20230930,Secured by 1-4 family residential real estate secured by junior liens,P9RERSF2,0.0
20230630,Secured by 1-4 family residential real estate secured by junior liens,P9RERSF2,0.0
20230331,Secured by 1-4 family residential real estate secured by junior liens,P9RERSF2,0.0
20260630,Secured by 1-4 family residential real estate home equity loans,P9RELOC,0.0
20260331,Secured by 1-4 family residential real estate home equity loans,P9RELOC,0.0
20251231,Secured by 1-4 family residential real estate home equity loans,P9RELOC,0.0
20250930,Secured by 1-4 family residential real estate home equity loans,P9RELOC,0.0
20250630,Secured by 1-4 family residential real estate home equity loans,P9RELOC,0.0
20250331,Secured by 1-4 family residential real estate home equity loans,P9RELOC,0.0
20241231,Secured by 1-4 family residential real estate home equity loans,P9RELOC,0.0
20240930,Secured by 1-4 family residential real estate home equity loans,P9RELOC,0.0
20240630,Secured by 1-4 family residential real estate home equity loans,P9RELOC,0.0
20240331,Secured by 1-4 family residential real estate home equity loans,P9RELOC,0.0
20231231,Secured by 1-4 family residential real estate home equity loans,P9RELOC,0.0
20230930,Secured by 1-4 family residential real estate home equity loans,P9RELOC,0.0
20230630,Secured by 1-4 family residential real estate home equity loans,P9RELOC,0.0
20230331,Secured by 1-4 family residential real estate home equity loans,P9RELOC,0.0
20260630,Secured by Multifamily Residential Properties,P9REMULT,4000.0
20260331,Secured by Multifamily Residential Properties,P9REMULT,0.0
20251231,Secured by Multifamily Residential Properties,P9REMULT,0.0
20250930,Secured by Multifamily Residential Properties,P9REMULT,10000.0
20250630,Secured by Multifamily Residential Properties,P9REMULT,9000.0
20250331,Secured by Multifamily Residential Properties,P9REMULT,0.0
20241231,Secured by Multifamily Residential Properties,P9REMULT,3000.0
20240930,Secured by Multifamily Residential Properties,P9REMULT,0.0
20240630,Secured by Multifamily Residential Properties,P9REMULT,1000.0
20240331,Secured by Multifamily Residential Properties,P9REMULT,0.0
20231231,Secured by Multifamily Residential Properties,P9REMULT,1000.0
20230930,Secured by Multifamily Residential Properties,P9REMULT,15000.0
20230630,Secured by Multifamily Residential Properties,P9REMULT,0.0
20230331,Secured by Multifamily Residential Properties,P9REMULT,0.0
20260630,Secured by Nonfarm Nonresidential Properties,P9RENRES,40000.0
20260331,Secured by Nonfarm Nonresidential Properties,P9RENRES,55000.0
20251231,Secured by Nonfarm Nonresidential Properties,P9RENRES,20000.0
20250930,Secured by Nonfarm Nonresidential Properties,P9RENRES,21000.0
20250630,Secured by Nonfarm Nonresidential Properties,P9RENRES,24000.0
20250331,Secured by Nonfarm Nonresidential Properties,P9RENRES,29000.0
20241231,Secured by Nonfarm Nonresidential Properties,P9RENRES,58000.0
20240930,Secured by Nonfarm Nonresidential Properties,P9RENRES,121000.0
20240630,Secured by Nonfarm Nonresidential Properties,P9RENRES,16000.0
20240331,Secured by Nonfarm Nonresidential Properties,P9RENRES,1000.0
20231231,Secured by Nonfarm Nonresidential Properties,P9RENRES,136000.0
20230930,Secured by Nonfarm Nonresidential Properties,P9RENRES,4000.0
20230630,Secured by Nonfarm Nonresidential Properties,P9RENRES,0.0
20230331,Secured by Nonfarm Nonresidential Properties,P9RENRES,0.0
20260630,Owner-Occupied Non-farm Residential,P9RENROW,40000.0
20260331,Owner-Occupied Non-farm Residential,P9RENROW,55000.0
20251231,Owner-Occupied Non-farm Residential,P9RENROW,0.0
20250930,Owner-Occupied Non-farm Residential,P9RENROW,1000.0
20250630,Owner-Occupied Non-farm Residential,P9RENROW,0.0
20250331,Owner-Occupied Non-farm Residential,P9RENROW,15000.0
20241231,Owner-Occupied Non-farm Residential,P9RENROW,44000.0
20240930,Owner-Occupied Non-farm Residential,P9RENROW,7000.0
20240630,Owner-Occupied Non-farm Residential,P9RENROW,11000.0
20240331,Owner-Occupied Non-farm Residential,P9RENROW,1000.0
20231231,Owner-Occupied Non-farm Residential,P9RENROW,0.0
20230930,Owner-Occupied Non-farm Residential,P9RENROW,4000.0
20230630,Owner-Occupied Non-farm Residential,P9RENROW,0.0
20230331,Owner-Occupied Non-farm Residential,P9RENROW,0.0
20260630,Other Non-Farm Non-Residential,P9RENROT,0.0
20260331,Other Non-Farm Non-Residential,P9RENROT,0.0
20251231,Other Non-Farm Non-Residential,P9RENROT,20000.0
20250930,Other Non-Farm Non-Residential,P9RENROT,20000.0
20250630,Other Non-Farm Non-Residential,P9RENROT,24000.0
20250331,Other Non-Farm Non-Residential,P9RENROT,14000.0
20241231,Other Non-Farm Non-Residential,P9RENROT,14000.0
20240930,Other Non-Farm Non-Residential,P9RENROT,114000.0
20240630,Other Non-Farm Non-Residential,P9RENROT,5000.0
20240331,Other Non-Farm Non-Residential,P9RENROT,0.0
20231231,Other Non-Farm Non-Residential,P9RENROT,136000.0
20230930,Other Non-Farm Non-Residential,P9RENROT,0.0
20230630,Other Non-Farm Non-Residential,P9RENROT,0.0
20230331,Other Non-Farm Non-Residential,P9RENROT,0.0
20260630,Real Estate Loans in Foreign Offices,P9REFOR,0.0
20260331,Real Estate Loans in Foreign Offices,P9REFOR,0.0
20251231,Real Estate Loans in Foreign Offices,P9REFOR,0.0
20250930,Real Estate Loans in Foreign Offices,P9REFOR,0.0
20250630,Real Estate Loans in Foreign Offices,P9REFOR,0.0
20250331,Real Estate Loans in Foreign Offices,P9REFOR,0.0
20241231,Real Estate Loans in Foreign Offices,P9REFOR,0.0
20240930,Real Estate Loans in Foreign Offices,P9REFOR,0.0
20240630,Real Estate Loans in Foreign Offices,P9REFOR,0.0
20240331,Real Estate Loans in Foreign Offices,P9REFOR,0.0
20231231,Real Estate Loans in Foreign Offices,P9REFOR,0.0
20230930,Real Estate Loans in Foreign Offices,P9REFOR,0.0
20230630,Real Estate Loans in Foreign Offices,P9REFOR,0.0
20230331,Real Estate Loans in Foreign Offices,P9REFOR,0.0
20260630,Loans to Depository Institutions,P9DEP,0.0
20260331,Loans to Depository Institutions,P9DEP,0.0
20251231,Loans to Depository Institutions,P9DEP,0.0
20250930,Loans to Depository Institutions,P9DEP,0.0
20250630,Loans to Depository Institutions,P9DEP,0.0
20250331,Loans to Depository Institutions,P9DEP,0.0
20241231,Loans to Depository Institutions,P9DEP,0.0
20240930,Loans to Depository Institutions,P9DEP,0.0
20240630,Loans to Depository Institutions,P9DEP,0.0
20240331,Loans to Depository Institutions,P9DEP,0.0
20231231,Loans to Depository Institutions,P9DEP,0.0
20230930,Loans to Depository Institutions,P9DEP,0.0
20230630,Loans to Depository Institutions,P9DEP,0.0
20230331,Loans to Depository Institutions,P9DEP,0.0
20260630,To Foreign Banks,P9DEPNUS,0.0
20260331,To Foreign Banks,P9DEPNUS,0.0
20251231,To Foreign Banks,P9DEPNUS,0.0
20250930,To Foreign Banks,P9DEPNUS,0.0
20250630,To Foreign Banks,P9DEPNUS,0.0
20250331,To Foreign Banks,P9DEPNUS,0.0
20241231,To Foreign Banks,P9DEPNUS,0.0
20240930,To Foreign Banks,P9DEPNUS,0.0
20240630,To Foreign Banks,P9DEPNUS,0.0
20240331,To Foreign Banks,P9DEPNUS,0.0
20231231,To Foreign Banks,P9DEPNUS,0.0
20230930,To Foreign Banks,P9DEPNUS,0.0
20230630,To Foreign Banks,P9DEPNUS,0.0
20230331,To Foreign Banks,P9DEPNUS,0.0
20260630,Loans to Finance Agricultural Prod and Other Loans to Farmers,P9AG,2000.0
20260331,Loans to Finance Agricultural Prod and Other Loans to Farmers,P9AG,2000.0
20251231,Loans to Finance Agricultural Prod and Other Loans to Farmers,P9AG,3000.0
20250930,Loans to Finance Agricultural Prod and Other Loans to Farmers,P9AG,3000.0
20250630,Loans to Finance Agricultural Prod and Other Loans to Farmers,P9AG,3000.0
20250331,Loans to Finance Agricultural Prod and Other Loans to Farmers,P9AG,3000.0
20241231,Loans to Finance Agricultural Prod and Other Loans to Farmers,P9AG,3000.0
20240930,Loans to Finance Agricultural Prod and Other Loans to Farmers,P9AG,2000.0
20240630,Loans to Finance Agricultural Prod and Other Loans to Farmers,P9AG,3000.0
20240331,Loans to Finance Agricultural Prod and Other Loans to Farmers,P9AG,2000.0
20231231,Loans to Finance Agricultural Prod and Other Loans to Farmers,P9AG,2000.0
20230930,Loans to Finance Agricultural Prod and Other Loans to Farmers,P9AG,1000.0
20230630,Loans to Finance Agricultural Prod and Other Loans to Farmers,P9AG,1000.0
20230331,Loans to Finance Agricultural Prod and Other Loans to Farmers,P9AG,1000.0
20260630,Commercial & Industrial Loans,P9CI,439000.0
20260331,Commercial & Industrial Loans,P9CI,599000.0
20251231,Commercial & Industrial Loans,P9CI,387000.0
20250930,Commercial & Industrial Loans,P9CI,623000.0
20250630,Commercial & Industrial Loans,P9CI,413000.0
20250331,Commercial & Industrial Loans,P9CI,504000.0
20241231,Commercial & Industrial Loans,P9CI,432000.0
20240930,Commercial & Industrial Loans,P9CI,419000.0
20240630,Commercial & Industrial Loans,P9CI,379000.0
20240331,Commercial & Industrial Loans,P9CI,509000.0
20231231,Commercial & Industrial Loans,P9CI,414000.0
20230930,Commercial & Industrial Loans,P9CI,287000.0
20230630,Commercial & Industrial Loans,P9CI,393000.0
20230331,Commercial & Industrial Loans,P9CI,221000.0
20260630,To Non-U.S. Addressees,P9CINUS,13000.0
20260331,To Non-U.S. Addressees,P9CINUS,0.0
20251231,To Non-U.S. Addressees,P9CINUS,0.0
20250930,To Non-U.S. Addressees,P9CINUS,63000.0
20250630,To Non-U.S. Addressees,P9CINUS,0.0
20250331,To Non-U.S. Addressees,P9CINUS,17000.0
20241231,To Non-U.S. Addressees,P9CINUS,9000.0
20240930,To Non-U.S. Addressees,P9CINUS,21000.0
20240630,To Non-U.S. Addressees,P9CINUS,9000.0
20240331,To Non-U.S. Addressees,P9CINUS,22000.0
20231231,To Non-U.S. Addressees,P9CINUS,10000.0
20230930,To Non-U.S. Addressees,P9CINUS,4000.0
20230630,To Non-U.S. Addressees,P9CINUS,15000.0
20230331,To Non-U.S. Addressees,P9CINUS,3000.0
20260630,Loans to Individuals,P9CON,2093000.0
20260331,Loans to Individuals,P9CON,2329000.0
20251231,Loans to Individuals,P9CON,2332000.0
20250930,Loans to Individuals,P9CON,2144000.0
20250630,Loans to Individuals,P9CON,2083000.0
20250331,Loans to Individuals,P9CON,2190000.0
20241231,Loans to Individuals,P9CON,2255000.0
20240930,Loans to Individuals,P9CON,2069000.0
20240630,Loans to Individuals,P9CON,1981000.0
20240331,Loans to Individuals,P9CON,2100000.0
20231231,Loans to Individuals,P9CON,1945000.0
20230930,Loans to Individuals,P9CON,1632000.0
20230630,Loans to Individuals,P9CON,1422000.0
20230331,Loans to Individuals,P9CON,1340000.0
20260630,Credit Cards,P9CRCD,2083000.0
20260331,Credit Cards,P9CRCD,2328000.0
20251231,Credit Cards,P9CRCD,2331000.0
20250930,Credit Cards,P9CRCD,2143000.0
20250630,Credit Cards,P9CRCD,2082000.0
20250331,Credit Cards,P9CRCD,2189000.0
20241231,Credit Cards,P9CRCD,2254000.0
20240930,Credit Cards,P9CRCD,2051000.0
20240630,Credit Cards,P9CRCD,1980000.0
20240331,Credit Cards,P9CRCD,2099000.0
20231231,Credit Cards,P9CRCD,1945000.0
20230930,Credit Cards,P9CRCD,1632000.0
20230630,Credit Cards,P9CRCD,1421000.0
20230331,Credit Cards,P9CRCD,1339000.0
20260630,Automobile Loans,P9AUTO,0.0
20260331,Automobile Loans,P9AUTO,0.0
20251231,Automobile Loans,P9AUTO,0.0
20250930,Automobile Loans,P9AUTO,0.0
20250630,Automobile Loans,P9AUTO,0.0
20250331,Automobile Loans,P9AUTO,0.0
20241231,Automobile Loans,P9AUTO,0.0
20240930,Automobile Loans,P9AUTO,0.0
20240630,Automobile Loans,P9AUTO,0.0
20240331,Automobile Loans,P9AUTO,0.0
20231231,Automobile Loans,P9AUTO,0.0
20230930,Automobile Loans,P9AUTO,0.0
20230630,Automobile Loans,P9AUTO,0.0
20230331,Automobile Loans,P9AUTO,0.0
20260630,Other Consumer Loans,P9CONOTH,10000.0
20260331,Other Consumer Loans,P9CONOTH,1000.0
20251231,Other Consumer Loans,P9CONOTH,1000.0
20250930,Other Consumer Loans,P9CONOTH,1000.0
20250630,Other Consumer Loans,P9CONOTH,1000.0
20250331,Other Consumer Loans,P9CONOTH,1000.0
20241231,Other Consumer Loans,P9CONOTH,1000.0
20240930,Other Consumer Loans,P9CONOTH,18000.0
20240630,Other Consumer Loans,P9CONOTH,1000.0
20240331,Other Consumer Loans,P9CONOTH,1000.0
20231231,Other Consumer Loans,P9CONOTH,0.0
20230930,Other Consumer Loans,P9CONOTH,0.0
20230630,Other Consumer Loans,P9CONOTH,1000.0
20230331,Other Consumer Loans,P9CONOTH,1000.0
20260630,Loans to Foreign Governments & Official Institutions,P9FG,0.0
20260331,Loans to Foreign Governments & Official Institutions,P9FG,0.0
20251231,Loans to Foreign Governments & Official Institutions,P9FG,4000.0
20250930,Loans to Foreign Governments & Official Institutions,P9FG,9000.0
20250630,Loans to Foreign Governments & Official Institutions,P9FG,0.0
20250331,Loans to Foreign Governments & Official Institutions,P9FG,0.0
20241231,Loans to Foreign Governments & Official Institutions,P9FG,0.0
20240930,Loans to Foreign Governments & Official Institutions,P9FG,0.0
20240630,Loans to Foreign Governments & Official Institutions,P9FG,0.0
20240331,Loans to Foreign Governments & Official Institutions,P9FG,2000.0
20231231,Loans to Foreign Governments & Official Institutions,P9FG,0.0
20230930,Loans to Foreign Governments & Official Institutions,P9FG,0.0
20230630,Loans to Foreign Governments & Official Institutions,P9FG,0.0
20230331,Loans to Foreign Governments & Official Institutions,P9FG,15000.0
20260630,Other Loans,P9OTHLN,40000.0
20260331,Other Loans,P9OTHLN,47000.0
20251231,Other Loans,P9OTHLN,23000.0
20250930,Other Loans,P9OTHLN,139000.0
20250630,Other Loans,P9OTHLN,20000.0
20250331,Other Loans,P9OTHLN,35000.0
20241231,Other Loans,P9OTHLN,100000.0
20240930,Other Loans,P9OTHLN,106000.0
20240630,Other Loans,P9OTHLN,32000.0
20240331,Other Loans,P9OTHLN,33000.0
20231231,Other Loans,P9OTHLN,46000.0
20230930,Other Loans,P9OTHLN,47000.0
20230630,Other Loans,P9OTHLN,120000.0
20230331,Other Loans,P9OTHLN,93000.0
20260630,Lease Financing Receivables,P9LS,0.0
20260331,Lease Financing Receivables,P9LS,0.0
20251231,Lease Financing Receivables,P9LS,0.0
20250930,Lease Financing Receivables,P9LS,0.0
20250630,Lease Financing Receivables,P9LS,0.0
20250331,Lease Financing Receivables,P9LS,0.0
20241231,Lease Financing Receivables,P9LS,0.0
20240930,Lease Financing Receivables,P9LS,0.0
20240630,Lease Financing Receivables,P9LS,0.0
20240331,Lease Financing Receivables,P9LS,0.0
20231231,Lease Financing Receivables,P9LS,0.0
20230930,Lease Financing Receivables,P9LS,4000.0
20230630,Lease Financing Receivables,P9LS,0.0
20230331,Lease Financing Receivables,P9LS,0.0
20260630,Debt Securities and Other Assets,P9SCDEBT,0.0
20260331,Debt Securities and Other Assets,P9SCDEBT,0.0
20251231,Debt Securities and Other Assets,P9SCDEBT,0.0
20250930,Debt Securities and Other Assets,P9SCDEBT,0.0
20250630,Debt Securities and Other Assets,P9SCDEBT,0.0
20250331,Debt Securities and Other Assets,P9SCDEBT,0.0
20241231,Debt Securities and Other Assets,P9SCDEBT,0.0
20240930,Debt Securities and Other Assets,P9SCDEBT,0.0
20240630,Debt Securities and Other Assets,P9SCDEBT,0.0
20240331,Debt Securities and Other Assets,P9SCDEBT,0.0
20231231,Debt Securities and Other Assets,P9SCDEBT,0.0
20230930,Debt Securities and Other Assets,P9SCDEBT,0.0
20230630,Debt Securities and Other Assets,P9SCDEBT,0.0
20230331,Debt Securities and Other Assets,P9SCDEBT,0.0
20260630,Loans to Finance Agricultural Prod and Other Loans to Farmers (Small),P9AGSM,
20260331,Loans to Finance Agricultural Prod and Other Loans to Farmers (Small),P9AGSM,
20251231,Loans to Finance Agricultural Prod and Other Loans to Farmers (Small),P9AGSM,
20250930,Loans to Finance Agricultural Prod and Other Loans to Farmers (Small),P9AGSM,
20250630,Loans to Finance Agricultural Prod and Other Loans to Farmers (Small),P9AGSM,
20250331,Loans to Finance Agricultural Prod and Other Loans to Farmers (Small),P9AGSM,
20241231,Loans to Finance Agricultural Prod and Other Loans to Farmers (Small),P9AGSM,
20240930,Loans to Finance Agricultural Prod and Other Loans to Farmers (Small),P9AGSM,
20240630,Loans to Finance Agricultural Prod and Other Loans to Farmers (Small),P9AGSM,
20240331,Loans to Finance Agricultural Prod and Other Loans to Farmers (Small),P9AGSM,
20231231,Loans to Finance Agricultural Prod and Other Loans to Farmers (Small),P9AGSM,
20230930,Loans to Finance Agricultural Prod and Other Loans to Farmers (Small),P9AGSM,
20230630,Loans to Finance Agricultural Prod and Other Loans to Farmers (Small),P9AGSM,
20230331,Loans to Finance Agricultural Prod and Other Loans to Farmers (Small),P9AGSM,
20260630,Loans Held for Sale,P9LNSALE,48000.0
20260331,Loans Held for Sale,P9LNSALE,43000.0
20251231,Loans Held for Sale,P9LNSALE,44000.0
20250930,Loans Held for Sale,P9LNSALE,38000.0
20250630,Loans Held for Sale,P9LNSALE,49000.0
20250331,Loans Held for Sale,P9LNSALE,49000.0
20241231,Loans Held for Sale,P9LNSALE,49000.0
20240930,Loans Held for Sale,P9LNSALE,51000.0
20240630,Loans Held for Sale,P9LNSALE,57000.0
20240331,Loans Held for Sale,P9LNSALE,61000.0
20231231,Loans Held for Sale,P9LNSALE,73000.0
20230930,Loans Held for Sale,P9LNSALE,64000.0
20230630,Loans Held for Sale,P9LNSALE,78000.0
20230331,Loans Held for Sale,P9LNSALE,91000.0
20260630,"Loans and Leases, Wholly or Partially Guaranteed by the U.S Government",P9GTYPAR,39000.0
20260331,"Loans and Leases, Wholly or Partially Guaranteed by the U.S Government",P9GTYPAR,44000.0
20251231,"Loans and Leases, Wholly or Partially Guaranteed by the U.S Government",P9GTYPAR,44000.0
20250930,"Loans and Leases, Wholly or Partially Guaranteed by the U.S Government",P9GTYPAR,39000.0
20250630,"Loans and Leases, Wholly or Partially Guaranteed by the U.S Government",P9GTYPAR,38000.0
20250331,"Loans and Leases, Wholly or Partially Guaranteed by the U.S Government",P9GTYPAR,49000.0
20241231,"Loans and Leases, Wholly or Partially Guaranteed by the U.S Government",P9GTYPAR,49000.0
20240930,"Loans and Leases, Wholly or Partially Guaranteed by the U.S Government",P9GTYPAR,55000.0
20240630,"Loans and Leases, Wholly or Partially Guaranteed by the U.S Government",P9GTYPAR,54000.0
20240331,"Loans and Leases, Wholly or Partially Guaranteed by the U.S Government",P9GTYPAR,62000.0
20231231,"Loans and Leases, Wholly or Partially Guaranteed by the U.S Government",P9GTYPAR,73000.0
20230930,"Loans and Leases, Wholly or Partially Guaranteed by the U.S Government",P9GTYPAR,66000.0
20230630,"Loans and Leases, Wholly or Partially Guaranteed by the U.S Government",P9GTYPAR,79000.0
20230331,"Loans and Leases, Wholly or Partially Guaranteed by the U.S Government",P9GTYPAR,92000.0
20260630,"Guaranteed portion of loans and leases, excluding GNMA loans past due 90 days",P9GTY,0.0
20260331,"Guaranteed portion of loans and leases, excluding GNMA loans past due 90 days",P9GTY,0.0
20251231,"Guaranteed portion of loans and leases, excluding GNMA loans past due 90 days",P9GTY,0.0
20250930,"Guaranteed portion of loans and leases, excluding GNMA loans past due 90 days",P9GTY,0.0
20250630,"Guaranteed portion of loans and leases, excluding GNMA loans past due 90 days",P9GTY,0.0
20250331,"Guaranteed portion of loans and leases, excluding GNMA loans past due 90 days",P9GTY,0.0
20241231,"Guaranteed portion of loans and leases, excluding GNMA loans past due 90 days",P9GTY,0.0
20240930,"Guaranteed portion of loans and leases, excluding GNMA loans past due 90 days",P9GTY,4000.0
20240630,"Guaranteed portion of loans and leases, excluding GNMA loans past due 90 days",P9GTY,1000.0
20240331,"Guaranteed portion of loans and leases, excluding GNMA loans past due 90 days",P9GTY,0.0
20231231,"Guaranteed portion of loans and leases, excluding GNMA loans past due 90 days",P9GTY,0.0
20230930,"Guaranteed portion of loans and leases, excluding GNMA loans past due 90 days",P9GTY,2000.0
20230630,"Guaranteed portion of loans and leases, excluding GNMA loans past due 90 days",P9GTY,1000.0
20230331,"Guaranteed portion of loans and leases, excluding GNMA loans past due 90 days",P9GTY,1000.0
20260630,"Rebooked GNMA loans, repurchased or are eligible for repurchase past due 90 days",P9GTYGNM,39000.0
20260331,"Rebooked GNMA loans, repurchased or are eligible for repurchase past due 90 days",P9GTYGNM,44000.0
20251231,"Rebooked GNMA loans, repurchased or are eligible for repurchase past due 90 days",P9GTYGNM,44000.0
20250930,"Rebooked GNMA loans, repurchased or are eligible for repurchase past due 90 days",P9GTYGNM,39000.0
20250630,"Rebooked GNMA loans, repurchased or are eligible for repurchase past due 90 days",P9GTYGNM,38000.0
20250331,"Rebooked GNMA loans, repurchased or are eligible for repurchase past due 90 days",P9GTYGNM,49000.0
20241231,"Rebooked GNMA loans, repurchased or are eligible for repurchase past due 90 days",P9GTYGNM,49000.0
20240930,"Rebooked GNMA loans, repurchased or are eligible for repurchase past due 90 days",P9GTYGNM,51000.0
20240630,"Rebooked GNMA loans, repurchased or are eligible for repurchase past due 90 days",P9GTYGNM,53000.0
20240331,"Rebooked GNMA loans, repurchased or are eligible for repurchase past due 90 days",P9GTYGNM,62000.0
20231231,"Rebooked GNMA loans, repurchased or are eligible for repurchase past due 90 days",P9GTYGNM,73000.0
20230930,"Rebooked GNMA loans, repurchased or are eligible for repurchase past due 90 days",P9GTYGNM,64000.0
20230630,"Rebooked GNMA loans, repurchased or are eligible for repurchase past due 90 days",P9GTYGNM,78000.0
20230331,"Rebooked GNMA loans, repurchased or are eligible for repurchase past due 90 days",P9GTYGNM,91000.0
20260630,Assets in Nonaccrual Status,NAASSET,9937000.0
20260331,Assets in Nonaccrual Status,NAASSET,10242000.0
20251231,Assets in Nonaccrual Status,NAASSET,10487000.0
20250930,Assets in Nonaccrual Status,NAASSET,10701000.0
20250630,Assets in Nonaccrual Status,NAASSET,10282000.0
20250331,Assets in Nonaccrual Status,NAASSET,8923000.0
20241231,Assets in Nonaccrual Status,NAASSET,9341000.0
20240930,Assets in Nonaccrual Status,NAASSET,8581000.0
20240630,Assets in Nonaccrual Status,NAASSET,8325000.0
20240331,Assets in Nonaccrual Status,NAASSET,8009000.0
20231231,Assets in Nonaccrual Status,NAASSET,7380000.0
20230930,Assets in Nonaccrual Status,NAASSET,8192000.0
20230630,Assets in Nonaccrual Status,NAASSET,7950000.0
20230331,Assets in Nonaccrual Status,NAASSET,7441000.0
20260630,"Loans Secured by Real Estate, Total",NARE,6524000.0
20260331,"Loans Secured by Real Estate, Total",NARE,6625000.0
20251231,"Loans Secured by Real Estate, Total",NARE,6917000.0
20250930,"Loans Secured by Real Estate, Total",NARE,6597000.0
20250630,"Loans Secured by Real Estate, Total",NARE,6427000.0
20250331,"Loans Secured by Real Estate, Total",NARE,5624000.0
20241231,"Loans Secured by Real Estate, Total",NARE,6080000.0
20240930,"Loans Secured by Real Estate, Total",NARE,5227000.0
20240630,"Loans Secured by Real Estate, Total",NARE,5143000.0
20240331,"Loans Secured by Real Estate, Total",NARE,5060000.0
20231231,"Loans Secured by Real Estate, Total",NARE,4810000.0
20230930,"Loans Secured by Real Estate, Total",NARE,4986000.0
20230630,"Loans Secured by Real Estate, Total",NARE,5177000.0
20230331,"Loans Secured by Real Estate, Total",NARE,5045000.0
20260630,To Non-U.S. Addressees,NARENUS,329000.0
20260331,To Non-U.S. Addressees,NARENUS,415000.0
20251231,To Non-U.S. Addressees,NARENUS,475000.0
20250930,To Non-U.S. Addressees,NARENUS,387000.0
20250630,To Non-U.S. Addressees,NARENUS,357000.0
20250331,To Non-U.S. Addressees,NARENUS,347000.0
20241231,To Non-U.S. Addressees,NARENUS,357000.0
20240930,To Non-U.S. Addressees,NARENUS,62000.0
20240630,To Non-U.S. Addressees,NARENUS,54000.0
20240331,To Non-U.S. Addressees,NARENUS,54000.0
20231231,To Non-U.S. Addressees,NARENUS,53000.0
20230930,To Non-U.S. Addressees,NARENUS,51000.0
20230630,To Non-U.S. Addressees,NARENUS,144000.0
20230331,To Non-U.S. Addressees,NARENUS,67000.0
20260630,Real Estate Loans in Domestic Offices,NARELNDO,6341000.0
20260331,Real Estate Loans in Domestic Offices,NARELNDO,6306000.0
20251231,Real Estate Loans in Domestic Offices,NARELNDO,6583000.0
20250930,Real Estate Loans in Domestic Offices,NARELNDO,6269000.0
20250630,Real Estate Loans in Domestic Offices,NARELNDO,6092000.0
20250331,Real Estate Loans in Domestic Offices,NARELNDO,5302000.0
20241231,Real Estate Loans in Domestic Offices,NARELNDO,5732000.0
20240930,Real Estate Loans in Domestic Offices,NARELNDO,5174000.0
20240630,Real Estate Loans in Domestic Offices,NARELNDO,5089000.0
20240331,Real Estate Loans in Domestic Offices,NARELNDO,5006000.0
20231231,Real Estate Loans in Domestic Offices,NARELNDO,4757000.0
20230930,Real Estate Loans in Domestic Offices,NARELNDO,4940000.0
20230630,Real Estate Loans in Domestic Offices,NARELNDO,5039000.0
20230331,Real Estate Loans in Domestic Offices,NARELNDO,4986000.0
20260630,Construction and Land Development,NARECONS,477000.0
20260331,Construction and Land Development,NARECONS,485000.0
20251231,Construction and Land Development,NARECONS,570000.0
20250930,Construction and Land Development,NARECONS,511000.0
20250630,Construction and Land Development,NARECONS,468000.0
20250331,Construction and Land Development,NARECONS,459000.0
20241231,Construction and Land Development,NARECONS,409000.0
20240930,Construction and Land Development,NARECONS,366000.0
20240630,Construction and Land Development,NARECONS,329000.0
20240331,Construction and Land Development,NARECONS,280000.0
20231231,Construction and Land Development,NARECONS,238000.0
20230930,Construction and Land Development,NARECONS,293000.0
20230630,Construction and Land Development,NARECONS,292000.0
20230331,Construction and Land Development,NARECONS,276000.0
20260630,1-4 Family Residential Construction,NARECNFM,34000.0
20260331,1-4 Family Residential Construction,NARECNFM,67000.0
20251231,1-4 Family Residential Construction,NARECNFM,88000.0
20250930,1-4 Family Residential Construction,NARECNFM,140000.0
20250630,1-4 Family Residential Construction,NARECNFM,121000.0
20250331,1-4 Family Residential Construction,NARECNFM,109000.0
20241231,1-4 Family Residential Construction,NARECNFM,79000.0
20240930,1-4 Family Residential Construction,NARECNFM,78000.0
20240630,1-4 Family Residential Construction,NARECNFM,45000.0
20240331,1-4 Family Residential Construction,NARECNFM,31000.0
20231231,1-4 Family Residential Construction,NARECNFM,21000.0
20230930,1-4 Family Residential Construction,NARECNFM,13000.0
20230630,1-4 Family Residential Construction,NARECNFM,13000.0
20230331,1-4 Family Residential Construction,NARECNFM,3000.0
20260630,"Other Construction, All Land Development and Other Land",NARECNOT,443000.0
20260331,"Other Construction, All Land Development and Other Land",NARECNOT,418000.0
20251231,"Other Construction, All Land Development and Other Land",NARECNOT,482000.0
20250930,"Other Construction, All Land Development and Other Land",NARECNOT,371000.0
20250630,"Other Construction, All Land Development and Other Land",NARECNOT,347000.0
20250331,"Other Construction, All Land Development and Other Land",NARECNOT,350000.0
20241231,"Other Construction, All Land Development and Other Land",NARECNOT,330000.0
20240930,"Other Construction, All Land Development and Other Land",NARECNOT,288000.0
20240630,"Other Construction, All Land Development and Other Land",NARECNOT,284000.0
20240331,"Other Construction, All Land Development and Other Land",NARECNOT,249000.0
20231231,"Other Construction, All Land Development and Other Land",NARECNOT,217000.0
20230930,"Other Construction, All Land Development and Other Land",NARECNOT,280000.0
20230630,"Other Construction, All Land Development and Other Land",NARECNOT,279000.0
20230331,"Other Construction, All Land Development and Other Land",NARECNOT,273000.0
20260630,Secured by Farmland,NAREAG,0.0
20260331,Secured by Farmland,NAREAG,1000.0
20251231,Secured by Farmland,NAREAG,1000.0
20250930,Secured by Farmland,NAREAG,1000.0
20250630,Secured by Farmland,NAREAG,1000.0
20250331,Secured by Farmland,NAREAG,1000.0
20241231,Secured by Farmland,NAREAG,2000.0
20240930,Secured by Farmland,NAREAG,1000.0
20240630,Secured by Farmland,NAREAG,6000.0
20240331,Secured by Farmland,NAREAG,4000.0
20231231,Secured by Farmland,NAREAG,4000.0
20230930,Secured by Farmland,NAREAG,1000.0
20230630,Secured by Farmland,NAREAG,1000.0
20230331,Secured by Farmland,NAREAG,1000.0
20260630,Secured by 1-4 Family Residential Properties,NARERES,4385000.0
20260331,Secured by 1-4 Family Residential Properties,NARERES,4269000.0
20251231,Secured by 1-4 Family Residential Properties,NARERES,4467000.0
20250930,Secured by 1-4 Family Residential Properties,NARERES,4337000.0
20250630,Secured by 1-4 Family Residential Properties,NARERES,4376000.0
20250331,Secured by 1-4 Family Residential Properties,NARERES,3489000.0
20241231,Secured by 1-4 Family Residential Properties,NARERES,3681000.0
20240930,Secured by 1-4 Family Residential Properties,NARERES,3486000.0
20240630,Secured by 1-4 Family Residential Properties,NARERES,3648000.0
20240331,Secured by 1-4 Family Residential Properties,NARERES,3998000.0
20231231,Secured by 1-4 Family Residential Properties,NARERES,4125000.0
20230930,Secured by 1-4 Family Residential Properties,NARERES,4143000.0
20230630,Secured by 1-4 Family Residential Properties,NARERES,4294000.0
20230331,Secured by 1-4 Family Residential Properties,NARERES,4360000.0
20260630,Secured by 1-4 family residential real estate secured by first liens,NARERSFM,3552000.0
20260331,Secured by 1-4 family residential real estate secured by first liens,NARERSFM,3427000.0
20251231,Secured by 1-4 family residential real estate secured by first liens,NARERSFM,3537000.0
20250930,Secured by 1-4 family residential real estate secured by first liens,NARERSFM,3500000.0
20250630,Secured by 1-4 family residential real estate secured by first liens,NARERSFM,3440000.0
20250331,Secured by 1-4 family residential real estate secured by first liens,NARERSFM,2599000.0
20241231,Secured by 1-4 family residential real estate secured by first liens,NARERSFM,2750000.0
20240930,Secured by 1-4 family residential real estate secured by first liens,NARERSFM,2558000.0
20240630,Secured by 1-4 family residential real estate secured by first liens,NARERSFM,2692000.0
20240331,Secured by 1-4 family residential real estate secured by first liens,NARERSFM,3013000.0
20231231,Secured by 1-4 family residential real estate secured by first liens,NARERSFM,3158000.0
20230930,Secured by 1-4 family residential real estate secured by first liens,NARERSFM,3147000.0
20230630,Secured by 1-4 family residential real estate secured by first liens,NARERSFM,3291000.0
20230331,Secured by 1-4 family residential real estate secured by first liens,NARERSFM,3371000.0
20260630,Secured by 1-4 family residential real estate secured by junior liens,NARERSF2,75000.0
20260331,Secured by 1-4 family residential real estate secured by junior liens,NARERSF2,77000.0
20251231,Secured by 1-4 family residential real estate secured by junior liens,NARERSF2,161000.0
20250930,Secured by 1-4 family residential real estate secured by junior liens,NARERSF2,50000.0
20250630,Secured by 1-4 family residential real estate secured by junior liens,NARERSF2,43000.0
20250331,Secured by 1-4 family residential real estate secured by junior liens,NARERSF2,39000.0
20241231,Secured by 1-4 family residential real estate secured by junior liens,NARERSF2,40000.0
20240930,Secured by 1-4 family residential real estate secured by junior liens,NARERSF2,39000.0
20240630,Secured by 1-4 family residential real estate secured by junior liens,NARERSF2,41000.0
20240331,Secured by 1-4 family residential real estate secured by junior liens,NARERSF2,43000.0
20231231,Secured by 1-4 family residential real estate secured by junior liens,NARERSF2,44000.0
20230930,Secured by 1-4 family residential real estate secured by junior liens,NARERSF2,47000.0
20230630,Secured by 1-4 family residential real estate secured by junior liens,NARERSF2,47000.0
20230331,Secured by 1-4 family residential real estate secured by junior liens,NARERSF2,45000.0
20260630,Secured by 1-4 family residential real estate home equity loans,NARELOC,758000.0
20260331,Secured by 1-4 family residential real estate home equity loans,NARELOC,765000.0
20251231,Secured by 1-4 family residential real estate home equity loans,NARELOC,769000.0
20250930,Secured by 1-4 family residential real estate home equity loans,NARELOC,787000.0
20250630,Secured by 1-4 family residential real estate home equity loans,NARELOC,893000.0
20250331,Secured by 1-4 family residential real estate home equity loans,NARELOC,851000.0
20241231,Secured by 1-4 family residential real estate home equity loans,NARELOC,891000.0
20240930,Secured by 1-4 family residential real estate home equity loans,NARELOC,889000.0
20240630,Secured by 1-4 family residential real estate home equity loans,NARELOC,915000.0
20240331,Secured by 1-4 family residential real estate home equity loans,NARELOC,942000.0
20231231,Secured by 1-4 family residential real estate home equity loans,NARELOC,923000.0
20230930,Secured by 1-4 family residential real estate home equity loans,NARELOC,949000.0
20230630,Secured by 1-4 family residential real estate home equity loans,NARELOC,956000.0
20230331,Secured by 1-4 family residential real estate home equity loans,NARELOC,944000.0
20260630,Secured by Multifamily Residential Properties,NAREMULT,486000.0
20260331,Secured by Multifamily Residential Properties,NAREMULT,427000.0
20251231,Secured by Multifamily Residential Properties,NAREMULT,422000.0
20250930,Secured by Multifamily Residential Properties,NAREMULT,392000.0
20250630,Secured by Multifamily Residential Properties,NAREMULT,373000.0
20250331,Secured by Multifamily Residential Properties,NAREMULT,320000.0
20241231,Secured by Multifamily Residential Properties,NAREMULT,335000.0
20240930,Secured by Multifamily Residential Properties,NAREMULT,205000.0
20240630,Secured by Multifamily Residential Properties,NAREMULT,103000.0
20240331,Secured by Multifamily Residential Properties,NAREMULT,88000.0
20231231,Secured by Multifamily Residential Properties,NAREMULT,76000.0
20230930,Secured by Multifamily Residential Properties,NAREMULT,52000.0
20230630,Secured by Multifamily Residential Properties,NAREMULT,56000.0
20230331,Secured by Multifamily Residential Properties,NAREMULT,60000.0
20260630,Secured by Nonfarm Nonresidential Properties,NARENRES,993000.0
20260331,Secured by Nonfarm Nonresidential Properties,NARENRES,1124000.0
20251231,Secured by Nonfarm Nonresidential Properties,NARENRES,1123000.0
20250930,Secured by Nonfarm Nonresidential Properties,NARENRES,1028000.0
20250630,Secured by Nonfarm Nonresidential Properties,NARENRES,874000.0
20250331,Secured by Nonfarm Nonresidential Properties,NARENRES,1033000.0
20241231,Secured by Nonfarm Nonresidential Properties,NARENRES,1305000.0
20240930,Secured by Nonfarm Nonresidential Properties,NARENRES,1116000.0
20240630,Secured by Nonfarm Nonresidential Properties,NARENRES,1003000.0
20240331,Secured by Nonfarm Nonresidential Properties,NARENRES,636000.0
20231231,Secured by Nonfarm Nonresidential Properties,NARENRES,314000.0
20230930,Secured by Nonfarm Nonresidential Properties,NARENRES,451000.0
20230630,Secured by Nonfarm Nonresidential Properties,NARENRES,396000.0
20230331,Secured by Nonfarm Nonresidential Properties,NARENRES,289000.0
20260630,Owner-Occupied Non-farm Residential,NARENROW,159000.0
20260331,Owner-Occupied Non-farm Residential,NARENROW,248000.0
20251231,Owner-Occupied Non-farm Residential,NARENROW,136000.0
20250930,Owner-Occupied Non-farm Residential,NARENROW,123000.0
20250630,Owner-Occupied Non-farm Residential,NARENROW,152000.0
20250331,Owner-Occupied Non-farm Residential,NARENROW,110000.0
20241231,Owner-Occupied Non-farm Residential,NARENROW,112000.0
20240930,Owner-Occupied Non-farm Residential,NARENROW,98000.0
20240630,Owner-Occupied Non-farm Residential,NARENROW,85000.0
20240331,Owner-Occupied Non-farm Residential,NARENROW,74000.0
20231231,Owner-Occupied Non-farm Residential,NARENROW,66000.0
20230930,Owner-Occupied Non-farm Residential,NARENROW,58000.0
20230630,Owner-Occupied Non-farm Residential,NARENROW,68000.0
20230331,Owner-Occupied Non-farm Residential,NARENROW,66000.0
20260630,Other Non-Farm Non-Residential,NARENROT,834000.0
20260331,Other Non-Farm Non-Residential,NARENROT,876000.0
20251231,Other Non-Farm Non-Residential,NARENROT,987000.0
20250930,Other Non-Farm Non-Residential,NARENROT,905000.0
20250630,Other Non-Farm Non-Residential,NARENROT,722000.0
20250331,Other Non-Farm Non-Residential,NARENROT,923000.0
20241231,Other Non-Farm Non-Residential,NARENROT,1193000.0
20240930,Other Non-Farm Non-Residential,NARENROT,1018000.0
20240630,Other Non-Farm Non-Residential,NARENROT,918000.0
20240331,Other Non-Farm Non-Residential,NARENROT,562000.0
20231231,Other Non-Farm Non-Residential,NARENROT,248000.0
20230930,Other Non-Farm Non-Residential,NARENROT,393000.0
20230630,Other Non-Farm Non-Residential,NARENROT,328000.0
20230331,Other Non-Farm Non-Residential,NARENROT,223000.0
20260630,Real Estate Loans in Foreign Offices,NAREFOR,183000.0
20260331,Real Estate Loans in Foreign Offices,NAREFOR,319000.0
20251231,Real Estate Loans in Foreign Offices,NAREFOR,334000.0
20250930,Real Estate Loans in Foreign Offices,NAREFOR,328000.0
20250630,Real Estate Loans in Foreign Offices,NAREFOR,335000.0
20250331,Real Estate Loans in Foreign Offices,NAREFOR,322000.0
20241231,Real Estate Loans in Foreign Offices,NAREFOR,348000.0
20240930,Real Estate Loans in Foreign Offices,NAREFOR,53000.0
20240630,Real Estate Loans in Foreign Offices,NAREFOR,54000.0
20240331,Real Estate Loans in Foreign Offices,NAREFOR,54000.0
20231231,Real Estate Loans in Foreign Offices,NAREFOR,53000.0
20230930,Real Estate Loans in Foreign Offices,NAREFOR,46000.0
20230630,Real Estate Loans in Foreign Offices,NAREFOR,138000.0
20230331,Real Estate Loans in Foreign Offices,NAREFOR,59000.0
20260630,Loans to Depository Institutions,NADEP,0.0
20260331,Loans to Depository Institutions,NADEP,0.0
20251231,Loans to Depository Institutions,NADEP,3000.0
20250930,Loans to Depository Institutions,NADEP,0.0
20250630,Loans to Depository Institutions,NADEP,0.0
20250331,Loans to Depository Institutions,NADEP,0.0
20241231,Loans to Depository Institutions,NADEP,0.0
20240930,Loans to Depository Institutions,NADEP,0.0
20240630,Loans to Depository Institutions,NADEP,0.0
20240331,Loans to Depository Institutions,NADEP,0.0
20231231,Loans to Depository Institutions,NADEP,0.0
20230930,Loans to Depository Institutions,NADEP,0.0
20230630,Loans to Depository Institutions,NADEP,0.0
20230331,Loans to Depository Institutions,NADEP,0.0
20260630,To Foreign Banks,NADEPNUS,0.0
20260331,To Foreign Banks,NADEPNUS,0.0
20251231,To Foreign Banks,NADEPNUS,3000.0
20250930,To Foreign Banks,NADEPNUS,0.0
20250630,To Foreign Banks,NADEPNUS,0.0
20250331,To Foreign Banks,NADEPNUS,0.0
20241231,To Foreign Banks,NADEPNUS,0.0
20240930,To Foreign Banks,NADEPNUS,0.0
20240630,To Foreign Banks,NADEPNUS,0.0
20240331,To Foreign Banks,NADEPNUS,0.0
20231231,To Foreign Banks,NADEPNUS,0.0
20230930,To Foreign Banks,NADEPNUS,0.0
20230630,To Foreign Banks,NADEPNUS,0.0
20230331,To Foreign Banks,NADEPNUS,0.0
20260630,Loans to Finance Agricultural Prod and Other Loans to Farmers,NAAG,0.0
20260331,Loans to Finance Agricultural Prod and Other Loans to Farmers,NAAG,0.0
20251231,Loans to Finance Agricultural Prod and Other Loans to Farmers,NAAG,0.0
20250930,Loans to Finance Agricultural Prod and Other Loans to Farmers,NAAG,0.0
20250630,Loans to Finance Agricultural Prod and Other Loans to Farmers,NAAG,0.0
20250331,Loans to Finance Agricultural Prod and Other Loans to Farmers,NAAG,0.0
20241231,Loans to Finance Agricultural Prod and Other Loans to Farmers,NAAG,0.0
20240930,Loans to Finance Agricultural Prod and Other Loans to Farmers,NAAG,0.0
20240630,Loans to Finance Agricultural Prod and Other Loans to Farmers,NAAG,0.0
20240331,Loans to Finance Agricultural Prod and Other Loans to Farmers,NAAG,0.0
20231231,Loans to Finance Agricultural Prod and Other Loans to Farmers,NAAG,0.0
20230930,Loans to Finance Agricultural Prod and Other Loans to Farmers,NAAG,0.0
20230630,Loans to Finance Agricultural Prod and Other Loans to Farmers,NAAG,0.0
20230331,Loans to Finance Agricultural Prod and Other Loans to Farmers,NAAG,0.0
20260630,Commercial & Industrial Loans,NACI,2274000.0
20260331,Commercial & Industrial Loans,NACI,2357000.0
20251231,Commercial & Industrial Loans,NACI,2129000.0
20250930,Commercial & Industrial Loans,NACI,2623000.0
20250630,Commercial & Industrial Loans,NACI,2352000.0
20250331,Commercial & Industrial Loans,NACI,2141000.0
20241231,Commercial & Industrial Loans,NACI,1908000.0
20240930,Commercial & Industrial Loans,NACI,1887000.0
20240630,Commercial & Industrial Loans,NACI,1710000.0
20240331,Commercial & Industrial Loans,NACI,1531000.0
20231231,Commercial & Industrial Loans,NACI,1316000.0
20230930,Commercial & Industrial Loans,NACI,1482000.0
20230630,Commercial & Industrial Loans,NACI,1584000.0
20230331,Commercial & Industrial Loans,NACI,1393000.0
20260630,To Non-U.S. Addressees,NACINUS,701000.0
20260331,To Non-U.S. Addressees,NACINUS,691000.0
20251231,To Non-U.S. Addressees,NACINUS,487000.0
20250930,To Non-U.S. Addressees,NACINUS,678000.0
20250630,To Non-U.S. Addressees,NACINUS,648000.0
20250331,To Non-U.S. Addressees,NACINUS,517000.0
20241231,To Non-U.S. Addressees,NACINUS,373000.0
20240930,To Non-U.S. Addressees,NACINUS,516000.0
20240630,To Non-U.S. Addressees,NACINUS,529000.0
20240331,To Non-U.S. Addressees,NACINUS,508000.0
20231231,To Non-U.S. Addressees,NACINUS,500000.0
20230930,To Non-U.S. Addressees,NACINUS,589000.0
20230630,To Non-U.S. Addressees,NACINUS,622000.0
20230331,To Non-U.S. Addressees,NACINUS,562000.0
20260630,Loans to Individuals,NACON,177000.0
20260331,Loans to Individuals,NACON,205000.0
20251231,Loans to Individuals,NACON,217000.0
20250930,Loans to Individuals,NACON,212000.0
20250630,Loans to Individuals,NACON,274000.0
20250331,Loans to Individuals,NACON,170000.0
20241231,Loans to Individuals,NACON,320000.0
20240930,Loans to Individuals,NACON,186000.0
20240630,Loans to Individuals,NACON,195000.0
20240331,Loans to Individuals,NACON,183000.0
20231231,Loans to Individuals,NACON,185000.0
20230930,Loans to Individuals,NACON,157000.0
20230630,Loans to Individuals,NACON,149000.0
20230331,Loans to Individuals,NACON,121000.0
20260630,Credit Cards,NACRCD,0.0
20260331,Credit Cards,NACRCD,0.0
20251231,Credit Cards,NACRCD,0.0
20250930,Credit Cards,NACRCD,0.0
20250630,Credit Cards,NACRCD,0.0
20250331,Credit Cards,NACRCD,0.0
20241231,Credit Cards,NACRCD,0.0
20240930,Credit Cards,NACRCD,0.0
20240630,Credit Cards,NACRCD,0.0
20240331,Credit Cards,NACRCD,0.0
20231231,Credit Cards,NACRCD,0.0
20230930,Credit Cards,NACRCD,0.0
20230630,Credit Cards,NACRCD,0.0
20230331,Credit Cards,NACRCD,0.0
20260630,Automobile Loans,NAAUTO,138000.0
20260331,Automobile Loans,NAAUTO,133000.0
20251231,Automobile Loans,NAAUTO,148000.0
20250930,Automobile Loans,NAAUTO,147000.0
20250630,Automobile Loans,NAAUTO,144000.0
20250331,Automobile Loans,NAAUTO,141000.0
20241231,Automobile Loans,NAAUTO,164000.0
20240930,Automobile Loans,NAAUTO,151000.0
20240630,Automobile Loans,NAAUTO,137000.0
20240331,Automobile Loans,NAAUTO,131000.0
20231231,Automobile Loans,NAAUTO,133000.0
20230930,Automobile Loans,NAAUTO,123000.0
20230630,Automobile Loans,NAAUTO,109000.0
20230331,Automobile Loans,NAAUTO,102000.0
20260630,Other Consumer Loans,NACONOTH,39000.0
20260331,Other Consumer Loans,NACONOTH,72000.0
20251231,Other Consumer Loans,NACONOTH,69000.0
20250930,Other Consumer Loans,NACONOTH,65000.0
20250630,Other Consumer Loans,NACONOTH,130000.0
20250331,Other Consumer Loans,NACONOTH,29000.0
20241231,Other Consumer Loans,NACONOTH,156000.0
20240930,Other Consumer Loans,NACONOTH,35000.0
20240630,Other Consumer Loans,NACONOTH,58000.0
20240331,Other Consumer Loans,NACONOTH,52000.0
20231231,Other Consumer Loans,NACONOTH,52000.0
20230930,Other Consumer Loans,NACONOTH,34000.0
20230630,Other Consumer Loans,NACONOTH,40000.0
20230331,Other Consumer Loans,NACONOTH,19000.0
20260630,Loans to Foreign Governments & Official Institutions,NAFG,140000.0
20260331,Loans to Foreign Governments & Official Institutions,NAFG,141000.0
20251231,Loans to Foreign Governments & Official Institutions,NAFG,145000.0
20250930,Loans to Foreign Governments & Official Institutions,NAFG,0.0
20250630,Loans to Foreign Governments & Official Institutions,NAFG,0.0
20250331,Loans to Foreign Governments & Official Institutions,NAFG,0.0
20241231,Loans to Foreign Governments & Official Institutions,NAFG,0.0
20240930,Loans to Foreign Governments & Official Institutions,NAFG,0.0
20240630,Loans to Foreign Governments & Official Institutions,NAFG,0.0
20240331,Loans to Foreign Governments & Official Institutions,NAFG,0.0
20231231,Loans to Foreign Governments & Official Institutions,NAFG,0.0
20230930,Loans to Foreign Governments & Official Institutions,NAFG,0.0
20230630,Loans to Foreign Governments & Official Institutions,NAFG,0.0
20230331,Loans to Foreign Governments & Official Institutions,NAFG,0.0
20260630,Other Loans,NAOTHLN,373000.0
20260331,Other Loans,NAOTHLN,457000.0
20251231,Other Loans,NAOTHLN,595000.0
20250930,Other Loans,NAOTHLN,718000.0
20250630,Other Loans,NAOTHLN,806000.0
20250331,Other Loans,NAOTHLN,699000.0
20241231,Other Loans,NAOTHLN,578000.0
20240930,Other Loans,NAOTHLN,837000.0
20240630,Other Loans,NAOTHLN,810000.0
20240331,Other Loans,NAOTHLN,817000.0
20231231,Other Loans,NAOTHLN,551000.0
20230930,Other Loans,NAOTHLN,1068000.0
20230630,Other Loans,NAOTHLN,582000.0
20230331,Other Loans,NAOTHLN,588000.0
20260630,Lease Financing Receivables,NALS,0.0
20260331,Lease Financing Receivables,NALS,0.0
20251231,Lease Financing Receivables,NALS,0.0
20250930,Lease Financing Receivables,NALS,0.0
20250630,Lease Financing Receivables,NALS,0.0
20250331,Lease Financing Receivables,NALS,0.0
20241231,Lease Financing Receivables,NALS,0.0
20240930,Lease Financing Receivables,NALS,0.0
20240630,Lease Financing Receivables,NALS,0.0
20240331,Lease Financing Receivables,NALS,0.0
20231231,Lease Financing Receivables,NALS,0.0
20230930,Lease Financing Receivables,NALS,0.0
20230630,Lease Financing Receivables,NALS,0.0
20230331,Lease Financing Receivables,NALS,0.0
20260630,Debt Securities and Other Assets,NASCDEBT,449000.0
20260331,Debt Securities and Other Assets,NASCDEBT,457000.0
20251231,Debt Securities and Other Assets,NASCDEBT,481000.0
20250930,Debt Securities and Other Assets,NASCDEBT,551000.0
20250630,Debt Securities and Other Assets,NASCDEBT,423000.0
20250331,Debt Securities and Other Assets,NASCDEBT,289000.0
20241231,Debt Securities and Other Assets,NASCDEBT,455000.0
20240930,Debt Securities and Other Assets,NASCDEBT,444000.0
20240630,Debt Securities and Other Assets,NASCDEBT,467000.0
20240331,Debt Securities and Other Assets,NASCDEBT,418000.0
20231231,Debt Securities and Other Assets,NASCDEBT,518000.0
20230930,Debt Securities and Other Assets,NASCDEBT,499000.0
20230630,Debt Securities and Other Assets,NASCDEBT,458000.0
20230331,Debt Securities and Other Assets,NASCDEBT,294000.0
20260630,Loans to Finance Agricultural Prod and Other Loans to Farmers (Small),NAAGSM,
20260331,Loans to Finance Agricultural Prod and Other Loans to Farmers (Small),NAAGSM,
20251231,Loans to Finance Agricultural Prod and Other Loans to Farmers (Small),NAAGSM,
20250930,Loans to Finance Agricultural Prod and Other Loans to Farmers (Small),NAAGSM,
20250630,Loans to Finance Agricultural Prod and Other Loans to Farmers (Small),NAAGSM,
20250331,Loans to Finance Agricultural Prod and Other Loans to Farmers (Small),NAAGSM,
20241231,Loans to Finance Agricultural Prod and Other Loans to Farmers (Small),NAAGSM,
20240930,Loans to Finance Agricultural Prod and Other Loans to Farmers (Small),NAAGSM,
20240630,Loans to Finance Agricultural Prod and Other Loans to Farmers (Small),NAAGSM,
20240331,Loans to Finance Agricultural Prod and Other Loans to Farmers (Small),NAAGSM,
20231231,Loans to Finance Agricultural Prod and Other Loans to Farmers (Small),NAAGSM,
20230930,Loans to Finance Agricultural Prod and Other Loans to Farmers (Small),NAAGSM,
20230630,Loans to Finance Agricultural Prod and Other Loans to Farmers (Small),NAAGSM,
20230331,Loans to Finance Agricultural Prod and Other Loans to Farmers (Small),NAAGSM,
20260630,Loans Held for Sale,NALNSALE,799000.0
20260331,Loans Held for Sale,NALNSALE,798000.0
20251231,Loans Held for Sale,NALNSALE,912000.0
20250930,Loans Held for Sale,NALNSALE,785000.0
20250630,Loans Held for Sale,NALNSALE,828000.0
20250331,Loans Held for Sale,NALNSALE,734000.0
20241231,Loans Held for Sale,NALNSALE,759000.0
20240930,Loans Held for Sale,NALNSALE,532000.0
20240630,Loans Held for Sale,NALNSALE,524000.0
20240331,Loans Held for Sale,NALNSALE,658000.0
20231231,Loans Held for Sale,NALNSALE,686000.0
20230930,Loans Held for Sale,NALNSALE,598000.0
20230630,Loans Held for Sale,NALNSALE,656000.0
20230331,Loans Held for Sale,NALNSALE,640000.0
20260630,"Loans and Leases, Wholly or Partially Guaranteed by the U.S Government",NAGTYPAR,267000.0
20260331,"Loans and Leases, Wholly or Partially Guaranteed by the U.S Government",NAGTYPAR,277000.0
20251231,"Loans and Leases, Wholly or Partially Guaranteed by the U.S Government",NAGTYPAR,224000.0
20250930,"Loans and Leases, Wholly or Partially Guaranteed by the U.S Government",NAGTYPAR,198000.0
20250630,"Loans and Leases, Wholly or Partially Guaranteed by the U.S Government",NAGTYPAR,132000.0
20250331,"Loans and Leases, Wholly or Partially Guaranteed by the U.S Government",NAGTYPAR,129000.0
20241231,"Loans and Leases, Wholly or Partially Guaranteed by the U.S Government",NAGTYPAR,141000.0
20240930,"Loans and Leases, Wholly or Partially Guaranteed by the U.S Government",NAGTYPAR,140000.0
20240630,"Loans and Leases, Wholly or Partially Guaranteed by the U.S Government",NAGTYPAR,152000.0
20240331,"Loans and Leases, Wholly or Partially Guaranteed by the U.S Government",NAGTYPAR,169000.0
20231231,"Loans and Leases, Wholly or Partially Guaranteed by the U.S Government",NAGTYPAR,184000.0
20230930,"Loans and Leases, Wholly or Partially Guaranteed by the U.S Government",NAGTYPAR,230000.0
20230630,"Loans and Leases, Wholly or Partially Guaranteed by the U.S Government",NAGTYPAR,250000.0
20230331,"Loans and Leases, Wholly or Partially Guaranteed by the U.S Government",NAGTYPAR,305000.0
20260630,"Guaranteed portion of loans and leases, excluding GNMA loans in nonaccrual status",NAGTY,222000.0
20260331,"Guaranteed portion of loans and leases, excluding GNMA loans in nonaccrual status",NAGTY,229000.0
20251231,"Guaranteed portion of loans and leases, excluding GNMA loans in nonaccrual status",NAGTY,173000.0
20250930,"Guaranteed portion of loans and leases, excluding GNMA loans in nonaccrual status",NAGTY,146000.0
20250630,"Guaranteed portion of loans and leases, excluding GNMA loans in nonaccrual status",NAGTY,77000.0
20250331,"Guaranteed portion of loans and leases, excluding GNMA loans in nonaccrual status",NAGTY,72000.0
20241231,"Guaranteed portion of loans and leases, excluding GNMA loans in nonaccrual status",NAGTY,78000.0
20240930,"Guaranteed portion of loans and leases, excluding GNMA loans in nonaccrual status",NAGTY,77000.0
20240630,"Guaranteed portion of loans and leases, excluding GNMA loans in nonaccrual status",NAGTY,82000.0
20240331,"Guaranteed portion of loans and leases, excluding GNMA loans in nonaccrual status",NAGTY,93000.0
20231231,"Guaranteed portion of loans and leases, excluding GNMA loans in nonaccrual status",NAGTY,101000.0
20230930,"Guaranteed portion of loans and leases, excluding GNMA loans in nonaccrual status",NAGTY,136000.0
20230630,"Guaranteed portion of loans and leases, excluding GNMA loans in nonaccrual status",NAGTY,151000.0
20230331,"Guaranteed portion of loans and leases, excluding GNMA loans in nonaccrual status",NAGTY,192000.0
20260630,"Rebooked GNMA loans, repurchased or are eligible for repurchase in nonaccrual status",NAGTYGNM,32000.0
20260331,"Rebooked GNMA loans, repurchased or are eligible for repurchase in nonaccrual status",NAGTYGNM,34000.0
20251231,"Rebooked GNMA loans, repurchased or are eligible for repurchase in nonaccrual status",NAGTYGNM,37000.0
20250930,"Rebooked GNMA loans, repurchased or are eligible for repurchase in nonaccrual status",NAGTYGNM,38000.0
20250630,"Rebooked GNMA loans, repurchased or are eligible for repurchase in nonaccrual status",NAGTYGNM,43000.0
20250331,"Rebooked GNMA loans, repurchased or are eligible for repurchase in nonaccrual status",NAGTYGNM,46000.0
20241231,"Rebooked GNMA loans, repurchased or are eligible for repurchase in nonaccrual status",NAGTYGNM,51000.0
20240930,"Rebooked GNMA loans, repurchased or are eligible for repurchase in nonaccrual status",NAGTYGNM,52000.0
20240630,"Rebooked GNMA loans, repurchased or are eligible for repurchase in nonaccrual status",NAGTYGNM,61000.0
20240331,"Rebooked GNMA loans, repurchased or are eligible for repurchase in nonaccrual status",NAGTYGNM,67000.0
20231231,"Rebooked GNMA loans, repurchased or are eligible for repurchase in nonaccrual status",NAGTYGNM,75000.0
20230930,"Rebooked GNMA loans, repurchased or are eligible for repurchase in nonaccrual status",NAGTYGNM,84000.0
20230630,"Rebooked GNMA loans, repurchased or are eligible for repurchase in nonaccrual status",NAGTYGNM,91000.0
20230331,"Rebooked GNMA loans, repurchased or are eligible for repurchase in nonaccrual status",NAGTYGNM,105000.0
20260630,6. Assets covered by loss-sharing agreements with the FDIC,N/A,
20260331,6. Assets covered by loss-sharing agreements with the FDIC,N/A,
20251231,6. Assets covered by loss-sharing agreements with the FDIC,N/A,
20250930,6. Assets covered by loss-sharing agreements with the FDIC,N/A,
20250630,6. Assets covered by loss-sharing agreements with the FDIC,N/A,
20250331,6. Assets covered by loss-sharing agreements with the FDIC,N/A,
20241231,6. Assets covered by loss-sharing agreements with the FDIC,N/A,
20240930,6. Assets covered by loss-sharing agreements with the FDIC,N/A,
20240630,6. Assets covered by loss-sharing agreements with the FDIC,N/A,
20240331,6. Assets covered by loss-sharing agreements with the FDIC,N/A,
20231231,6. Assets covered by loss-sharing agreements with the FDIC,N/A,
20230930,6. Assets covered by loss-sharing agreements with the FDIC,N/A,
20230630,6. Assets covered by loss-sharing agreements with the FDIC,N/A,
20230331,6. Assets covered by loss-sharing agreements with the FDIC,N/A,
20260630,Carrying amount of covered of loans and leases,LSALNLS,
20260331,Carrying amount of covered of loans and leases,LSALNLS,
20251231,Carrying amount of covered of loans and leases,LSALNLS,
20250930,Carrying amount of covered of loans and leases,LSALNLS,
20250630,Carrying amount of covered of loans and leases,LSALNLS,
20250331,Carrying amount of covered of loans and leases,LSALNLS,
20241231,Carrying amount of covered of loans and leases,LSALNLS,
20240930,Carrying amount of covered of loans and leases,LSALNLS,
20240630,Carrying amount of covered of loans and leases,LSALNLS,
20240331,Carrying amount of covered of loans and leases,LSALNLS,
20231231,Carrying amount of covered of loans and leases,LSALNLS,
20230930,Carrying amount of covered of loans and leases,LSALNLS,
20230630,Carrying amount of covered of loans and leases,LSALNLS,143317000.0
20230331,Carrying amount of covered of loans and leases,LSALNLS,0.0
20260630,"Real estate loans secured by construction, land development, and other land loans",LRECONS,
20260331,"Real estate loans secured by construction, land development, and other land loans",LRECONS,
20251231,"Real estate loans secured by construction, land development, and other land loans",LRECONS,
20250930,"Real estate loans secured by construction, land development, and other land loans",LRECONS,
20250630,"Real estate loans secured by construction, land development, and other land loans",LRECONS,
20250331,"Real estate loans secured by construction, land development, and other land loans",LRECONS,
20241231,"Real estate loans secured by construction, land development, and other land loans",LRECONS,
20240930,"Real estate loans secured by construction, land development, and other land loans",LRECONS,
20240630,"Real estate loans secured by construction, land development, and other land loans",LRECONS,
20240331,"Real estate loans secured by construction, land development, and other land loans",LRECONS,
20231231,"Real estate loans secured by construction, land development, and other land loans",LRECONS,
20230930,"Real estate loans secured by construction, land development, and other land loans",LRECONS,
20230630,"Real estate loans secured by construction, land development, and other land loans",LRECONS,3571000.0
20230331,"Real estate loans secured by construction, land development, and other land loans",LRECONS,0.0
20260630,Real estate loans secured by farmland,LREAG,
20260331,Real estate loans secured by farmland,LREAG,
20251231,Real estate loans secured by farmland,LREAG,
20250930,Real estate loans secured by farmland,LREAG,
20250630,Real estate loans secured by farmland,LREAG,
20250331,Real estate loans secured by farmland,LREAG,
20241231,Real estate loans secured by farmland,LREAG,
20240930,Real estate loans secured by farmland,LREAG,
20240630,Real estate loans secured by farmland,LREAG,
20240331,Real estate loans secured by farmland,LREAG,
20231231,Real estate loans secured by farmland,LREAG,
20230930,Real estate loans secured by farmland,LREAG,
20230630,Real estate loans secured by farmland,LREAG,110000.0
20230331,Real estate loans secured by farmland,LREAG,0.0
20260630,Real estate loans secured by 1-4 family residential properties,LRERES,
20260331,Real estate loans secured by 1-4 family residential properties,LRERES,
20251231,Real estate loans secured by 1-4 family residential properties,LRERES,
20250930,Real estate loans secured by 1-4 family residential properties,LRERES,
20250630,Real estate loans secured by 1-4 family residential properties,LRERES,
20250331,Real estate loans secured by 1-4 family residential properties,LRERES,
20241231,Real estate loans secured by 1-4 family residential properties,LRERES,
20240930,Real estate loans secured by 1-4 family residential properties,LRERES,
20240630,Real estate loans secured by 1-4 family residential properties,LRERES,
20240331,Real estate loans secured by 1-4 family residential properties,LRERES,
20231231,Real estate loans secured by 1-4 family residential properties,LRERES,
20230930,Real estate loans secured by 1-4 family residential properties,LRERES,
20230630,Real estate loans secured by 1-4 family residential properties,LRERES,88901000.0
20230331,Real estate loans secured by 1-4 family residential properties,LRERES,0.0
20260630,Real estate loans secured by multifamily (5 or more) residential properties,LREMULT,
20260331,Real estate loans secured by multifamily (5 or more) residential properties,LREMULT,
20251231,Real estate loans secured by multifamily (5 or more) residential properties,LREMULT,
20250930,Real estate loans secured by multifamily (5 or more) residential properties,LREMULT,
20250630,Real estate loans secured by multifamily (5 or more) residential properties,LREMULT,
20250331,Real estate loans secured by multifamily (5 or more) residential properties,LREMULT,
20241231,Real estate loans secured by multifamily (5 or more) residential properties,LREMULT,
20240930,Real estate loans secured by multifamily (5 or more) residential properties,LREMULT,
20240630,Real estate loans secured by multifamily (5 or more) residential properties,LREMULT,
20240331,Real estate loans secured by multifamily (5 or more) residential properties,LREMULT,
20231231,Real estate loans secured by multifamily (5 or more) residential properties,LREMULT,
20230930,Real estate loans secured by multifamily (5 or more) residential properties,LREMULT,
20230630,Real estate loans secured by multifamily (5 or more) residential properties,LREMULT,20718000.0
20230331,Real estate loans secured by multifamily (5 or more) residential properties,LREMULT,0.0
20260630,Real estate loans secured by nonfarm nonresidential properties,LRENRES,
20260331,Real estate loans secured by nonfarm nonresidential properties,LRENRES,
20251231,Real estate loans secured by nonfarm nonresidential properties,LRENRES,
20250930,Real estate loans secured by nonfarm nonresidential properties,LRENRES,
20250630,Real estate loans secured by nonfarm nonresidential properties,LRENRES,
20250331,Real estate loans secured by nonfarm nonresidential properties,LRENRES,
20241231,Real estate loans secured by nonfarm nonresidential properties,LRENRES,
20240930,Real estate loans secured by nonfarm nonresidential properties,LRENRES,
20240630,Real estate loans secured by nonfarm nonresidential properties,LRENRES,
20240331,Real estate loans secured by nonfarm nonresidential properties,LRENRES,
20231231,Real estate loans secured by nonfarm nonresidential properties,LRENRES,
20230930,Real estate loans secured by nonfarm nonresidential properties,LRENRES,
20230630,Real estate loans secured by nonfarm nonresidential properties,LRENRES,10904000.0
20230331,Real estate loans secured by nonfarm nonresidential properties,LRENRES,0.0
20260630,Commercial and industrial loans,LCI,
20260331,Commercial and industrial loans,LCI,
20251231,Commercial and industrial loans,LCI,
20250930,Commercial and industrial loans,LCI,
20250630,Commercial and industrial loans,LCI,
20250331,Commercial and industrial loans,LCI,
20241231,Commercial and industrial loans,LCI,
20240930,Commercial and industrial loans,LCI,
20240630,Commercial and industrial loans,LCI,
20240331,Commercial and industrial loans,LCI,
20231231,Commercial and industrial loans,LCI,
20230930,Commercial and industrial loans,LCI,
20230630,Commercial and industrial loans,LCI,
20230331,Commercial and industrial loans,LCI,
20260630,"Loans to individuals for household, family, and other personal expenditures",LCON,
20260331,"Loans to individuals for household, family, and other personal expenditures",LCON,
20251231,"Loans to individuals for household, family, and other personal expenditures",LCON,
20250930,"Loans to individuals for household, family, and other personal expenditures",LCON,
20250630,"Loans to individuals for household, family, and other personal expenditures",LCON,
20250331,"Loans to individuals for household, family, and other personal expenditures",LCON,
20241231,"Loans to individuals for household, family, and other personal expenditures",LCON,
20240930,"Loans to individuals for household, family, and other personal expenditures",LCON,
20240630,"Loans to individuals for household, family, and other personal expenditures",LCON,
20240331,"Loans to individuals for household, family, and other personal expenditures",LCON,
20231231,"Loans to individuals for household, family, and other personal expenditures",LCON,
20230930,"Loans to individuals for household, family, and other personal expenditures",LCON,
20230630,"Loans to individuals for household, family, and other personal expenditures",LCON,
20230331,"Loans to individuals for household, family, and other personal expenditures",LCON,
20260630,Farm loans,LAG,
20260331,Farm loans,LAG,
20251231,Farm loans,LAG,
20250930,Farm loans,LAG,
20250630,Farm loans,LAG,
20250331,Farm loans,LAG,
20241231,Farm loans,LAG,
20240930,Farm loans,LAG,
20240630,Farm loans,LAG,
20240331,Farm loans,LAG,
20231231,Farm loans,LAG,
20230930,Farm loans,LAG,
20230630,Farm loans,LAG,
20230331,Farm loans,LAG,
20260630,All other loans and all leases,LOTH,
20260331,All other loans and all leases,LOTH,
20251231,All other loans and all leases,LOTH,
20250930,All other loans and all leases,LOTH,
20250630,All other loans and all leases,LOTH,
20250331,All other loans and all leases,LOTH,
20241231,All other loans and all leases,LOTH,
20240930,All other loans and all leases,LOTH,
20240630,All other loans and all leases,LOTH,
20240331,All other loans and all leases,LOTH,
20231231,All other loans and all leases,LOTH,
20230930,All other loans and all leases,LOTH,
20230630,All other loans and all leases,LOTH,19113000.0
20230331,All other loans and all leases,LOTH,0.0
20260630,Carrying amount of covered of loans and leases 30 - 89 days past due,P3LTOT,
20260331,Carrying amount of covered of loans and leases 30 - 89 days past due,P3LTOT,
20251231,Carrying amount of covered of loans and leases 30 - 89 days past due,P3LTOT,
20250930,Carrying amount of covered of loans and leases 30 - 89 days past due,P3LTOT,
20250630,Carrying amount of covered of loans and leases 30 - 89 days past due,P3LTOT,
20250331,Carrying amount of covered of loans and leases 30 - 89 days past due,P3LTOT,
20241231,Carrying amount of covered of loans and leases 30 - 89 days past due,P3LTOT,
20240930,Carrying amount of covered of loans and leases 30 - 89 days past due,P3LTOT,
20240630,Carrying amount of covered of loans and leases 30 - 89 days past due,P3LTOT,
20240331,Carrying amount of covered of loans and leases 30 - 89 days past due,P3LTOT,
20231231,Carrying amount of covered of loans and leases 30 - 89 days past due,P3LTOT,
20230930,Carrying amount of covered of loans and leases 30 - 89 days past due,P3LTOT,
20230630,Carrying amount of covered of loans and leases 30 - 89 days past due,P3LTOT,
20230331,Carrying amount of covered of loans and leases 30 - 89 days past due,P3LTOT,
20260630,"Real estate loans secured by construction, land development, and other land loans 30 - 89 days past due",P3LRECON,
20260331,"Real estate loans secured by construction, land development, and other land loans 30 - 89 days past due",P3LRECON,
20251231,"Real estate loans secured by construction, land development, and other land loans 30 - 89 days past due",P3LRECON,
20250930,"Real estate loans secured by construction, land development, and other land loans 30 - 89 days past due",P3LRECON,
20250630,"Real estate loans secured by construction, land development, and other land loans 30 - 89 days past due",P3LRECON,
20250331,"Real estate loans secured by construction, land development, and other land loans 30 - 89 days past due",P3LRECON,
20241231,"Real estate loans secured by construction, land development, and other land loans 30 - 89 days past due",P3LRECON,
20240930,"Real estate loans secured by construction, land development, and other land loans 30 - 89 days past due",P3LRECON,
20240630,"Real estate loans secured by construction, land development, and other land loans 30 - 89 days past due",P3LRECON,
20240331,"Real estate loans secured by construction, land development, and other land loans 30 - 89 days past due",P3LRECON,
20231231,"Real estate loans secured by construction, land development, and other land loans 30 - 89 days past due",P3LRECON,
20230930,"Real estate loans secured by construction, land development, and other land loans 30 - 89 days past due",P3LRECON,
20230630,"Real estate loans secured by construction, land development, and other land loans 30 - 89 days past due",P3LRECON,14000.0
20230331,"Real estate loans secured by construction, land development, and other land loans 30 - 89 days past due",P3LRECON,0.0
20260630,Real estate loans secured by farmland 30 - 89 days past due,P3LREAG,
20260331,Real estate loans secured by farmland 30 - 89 days past due,P3LREAG,
20251231,Real estate loans secured by farmland 30 - 89 days past due,P3LREAG,
20250930,Real estate loans secured by farmland 30 - 89 days past due,P3LREAG,
20250630,Real estate loans secured by farmland 30 - 89 days past due,P3LREAG,
20250331,Real estate loans secured by farmland 30 - 89 days past due,P3LREAG,
20241231,Real estate loans secured by farmland 30 - 89 days past due,P3LREAG,
20240930,Real estate loans secured by farmland 30 - 89 days past due,P3LREAG,
20240630,Real estate loans secured by farmland 30 - 89 days past due,P3LREAG,
20240331,Real estate loans secured by farmland 30 - 89 days past due,P3LREAG,
20231231,Real estate loans secured by farmland 30 - 89 days past due,P3LREAG,
20230930,Real estate loans secured by farmland 30 - 89 days past due,P3LREAG,
20230630,Real estate loans secured by farmland 30 - 89 days past due,P3LREAG,0.0
20230331,Real estate loans secured by farmland 30 - 89 days past due,P3LREAG,0.0
20260630,Real estate loans secured by 1-4 family residential properties 30 - 89 days past due,P3LRERES,
20260331,Real estate loans secured by 1-4 family residential properties 30 - 89 days past due,P3LRERES,
20251231,Real estate loans secured by 1-4 family residential properties 30 - 89 days past due,P3LRERES,
20250930,Real estate loans secured by 1-4 family residential properties 30 - 89 days past due,P3LRERES,
20250630,Real estate loans secured by 1-4 family residential properties 30 - 89 days past due,P3LRERES,
20250331,Real estate loans secured by 1-4 family residential properties 30 - 89 days past due,P3LRERES,
20241231,Real estate loans secured by 1-4 family residential properties 30 - 89 days past due,P3LRERES,
20240930,Real estate loans secured by 1-4 family residential properties 30 - 89 days past due,P3LRERES,
20240630,Real estate loans secured by 1-4 family residential properties 30 - 89 days past due,P3LRERES,
20240331,Real estate loans secured by 1-4 family residential properties 30 - 89 days past due,P3LRERES,
20231231,Real estate loans secured by 1-4 family residential properties 30 - 89 days past due,P3LRERES,
20230930,Real estate loans secured by 1-4 family residential properties 30 - 89 days past due,P3LRERES,
20230630,Real estate loans secured by 1-4 family residential properties 30 - 89 days past due,P3LRERES,70000.0
20230331,Real estate loans secured by 1-4 family residential properties 30 - 89 days past due,P3LRERES,0.0
20260630,Real estate loans secured by multifamily (5 or more) residential properties 30 - 89 days past due,P3LREMUL,
20260331,Real estate loans secured by multifamily (5 or more) residential properties 30 - 89 days past due,P3LREMUL,
20251231,Real estate loans secured by multifamily (5 or more) residential properties 30 - 89 days past due,P3LREMUL,
20250930,Real estate loans secured by multifamily (5 or more) residential properties 30 - 89 days past due,P3LREMUL,
20250630,Real estate loans secured by multifamily (5 or more) residential properties 30 - 89 days past due,P3LREMUL,
20250331,Real estate loans secured by multifamily (5 or more) residential properties 30 - 89 days past due,P3LREMUL,
20241231,Real estate loans secured by multifamily (5 or more) residential properties 30 - 89 days past due,P3LREMUL,
20240930,Real estate loans secured by multifamily (5 or more) residential properties 30 - 89 days past due,P3LREMUL,
20240630,Real estate loans secured by multifamily (5 or more) residential properties 30 - 89 days past due,P3LREMUL,
20240331,Real estate loans secured by multifamily (5 or more) residential properties 30 - 89 days past due,P3LREMUL,
20231231,Real estate loans secured by multifamily (5 or more) residential properties 30 - 89 days past due,P3LREMUL,
20230930,Real estate loans secured by multifamily (5 or more) residential properties 30 - 89 days past due,P3LREMUL,
20230630,Real estate loans secured by multifamily (5 or more) residential properties 30 - 89 days past due,P3LREMUL,21000.0
20230331,Real estate loans secured by multifamily (5 or more) residential properties 30 - 89 days past due,P3LREMUL,0.0
20260630,Real estate loans secured by nonfarm nonresidential properties 30 - 89 days past due,P3LRENRS,
20260331,Real estate loans secured by nonfarm nonresidential properties 30 - 89 days past due,P3LRENRS,
20251231,Real estate loans secured by nonfarm nonresidential properties 30 - 89 days past due,P3LRENRS,
20250930,Real estate loans secured by nonfarm nonresidential properties 30 - 89 days past due,P3LRENRS,
20250630,Real estate loans secured by nonfarm nonresidential properties 30 - 89 days past due,P3LRENRS,
20250331,Real estate loans secured by nonfarm nonresidential properties 30 - 89 days past due,P3LRENRS,
20241231,Real estate loans secured by nonfarm nonresidential properties 30 - 89 days past due,P3LRENRS,
20240930,Real estate loans secured by nonfarm nonresidential properties 30 - 89 days past due,P3LRENRS,
20240630,Real estate loans secured by nonfarm nonresidential properties 30 - 89 days past due,P3LRENRS,
20240331,Real estate loans secured by nonfarm nonresidential properties 30 - 89 days past due,P3LRENRS,
20231231,Real estate loans secured by nonfarm nonresidential properties 30 - 89 days past due,P3LRENRS,
20230930,Real estate loans secured by nonfarm nonresidential properties 30 - 89 days past due,P3LRENRS,
20230630,Real estate loans secured by nonfarm nonresidential properties 30 - 89 days past due,P3LRENRS,21000.0
20230331,Real estate loans secured by nonfarm nonresidential properties 30 - 89 days past due,P3LRENRS,0.0
20260630,Commercial and industrial loans 30 - 89 days past due,P3LCI,
20260331,Commercial and industrial loans 30 - 89 days past due,P3LCI,
20251231,Commercial and industrial loans 30 - 89 days past due,P3LCI,
20250930,Commercial and industrial loans 30 - 89 days past due,P3LCI,
20250630,Commercial and industrial loans 30 - 89 days past due,P3LCI,
20250331,Commercial and industrial loans 30 - 89 days past due,P3LCI,
20241231,Commercial and industrial loans 30 - 89 days past due,P3LCI,
20240930,Commercial and industrial loans 30 - 89 days past due,P3LCI,
20240630,Commercial and industrial loans 30 - 89 days past due,P3LCI,
20240331,Commercial and industrial loans 30 - 89 days past due,P3LCI,
20231231,Commercial and industrial loans 30 - 89 days past due,P3LCI,
20230930,Commercial and industrial loans 30 - 89 days past due,P3LCI,
20230630,Commercial and industrial loans 30 - 89 days past due,P3LCI,
20230331,Commercial and industrial loans 30 - 89 days past due,P3LCI,
20260630,"Loans to individuals for household, family, and other personal expenditures 30 - 89 days past due",P3LCON,
20260331,"Loans to individuals for household, family, and other personal expenditures 30 - 89 days past due",P3LCON,
20251231,"Loans to individuals for household, family, and other personal expenditures 30 - 89 days past due",P3LCON,
20250930,"Loans to individuals for household, family, and other personal expenditures 30 - 89 days past due",P3LCON,
20250630,"Loans to individuals for household, family, and other personal expenditures 30 - 89 days past due",P3LCON,
20250331,"Loans to individuals for household, family, and other personal expenditures 30 - 89 days past due",P3LCON,
20241231,"Loans to individuals for household, family, and other personal expenditures 30 - 89 days past due",P3LCON,
20240930,"Loans to individuals for household, family, and other personal expenditures 30 - 89 days past due",P3LCON,
20240630,"Loans to individuals for household, family, and other personal expenditures 30 - 89 days past due",P3LCON,
20240331,"Loans to individuals for household, family, and other personal expenditures 30 - 89 days past due",P3LCON,
20231231,"Loans to individuals for household, family, and other personal expenditures 30 - 89 days past due",P3LCON,
20230930,"Loans to individuals for household, family, and other personal expenditures 30 - 89 days past due",P3LCON,
20230630,"Loans to individuals for household, family, and other personal expenditures 30 - 89 days past due",P3LCON,
20230331,"Loans to individuals for household, family, and other personal expenditures 30 - 89 days past due",P3LCON,
20260630,Farm loans 30 - 89 days past due,P3LAG,
20260331,Farm loans 30 - 89 days past due,P3LAG,
20251231,Farm loans 30 - 89 days past due,P3LAG,
20250930,Farm loans 30 - 89 days past due,P3LAG,
20250630,Farm loans 30 - 89 days past due,P3LAG,
20250331,Farm loans 30 - 89 days past due,P3LAG,
20241231,Farm loans 30 - 89 days past due,P3LAG,
20240930,Farm loans 30 - 89 days past due,P3LAG,
20240630,Farm loans 30 - 89 days past due,P3LAG,
20240331,Farm loans 30 - 89 days past due,P3LAG,
20231231,Farm loans 30 - 89 days past due,P3LAG,
20230930,Farm loans 30 - 89 days past due,P3LAG,
20230630,Farm loans 30 - 89 days past due,P3LAG,
20230331,Farm loans 30 - 89 days past due,P3LAG,
20260630,All other loans and all leases 30 - 89 days past due,P3LOTH,
20260331,All other loans and all leases 30 - 89 days past due,P3LOTH,
20251231,All other loans and all leases 30 - 89 days past due,P3LOTH,
20250930,All other loans and all leases 30 - 89 days past due,P3LOTH,
20250630,All other loans and all leases 30 - 89 days past due,P3LOTH,
20250331,All other loans and all leases 30 - 89 days past due,P3LOTH,
20241231,All other loans and all leases 30 - 89 days past due,P3LOTH,
20240930,All other loans and all leases 30 - 89 days past due,P3LOTH,
20240630,All other loans and all leases 30 - 89 days past due,P3LOTH,
20240331,All other loans and all leases 30 - 89 days past due,P3LOTH,
20231231,All other loans and all leases 30 - 89 days past due,P3LOTH,
20230930,All other loans and all leases 30 - 89 days past due,P3LOTH,
20230630,All other loans and all leases 30 - 89 days past due,P3LOTH,12000.0
20230331,All other loans and all leases 30 - 89 days past due,P3LOTH,0.0
20260630,Total protected portion of covered loans and leases 30 - 89 days past due protected by FDIC loss-sharing agreements,P3LGTY,190000.0
20260331,Total protected portion of covered loans and leases 30 - 89 days past due protected by FDIC loss-sharing agreements,P3LGTY,394000.0
20251231,Total protected portion of covered loans and leases 30 - 89 days past due protected by FDIC loss-sharing agreements,P3LGTY,271000.0
20250930,Total protected portion of covered loans and leases 30 - 89 days past due protected by FDIC loss-sharing agreements,P3LGTY,160000.0
20250630,Total protected portion of covered loans and leases 30 - 89 days past due protected by FDIC loss-sharing agreements,P3LGTY,311000.0
20250331,Total protected portion of covered loans and leases 30 - 89 days past due protected by FDIC loss-sharing agreements,P3LGTY,1012000.0
20241231,Total protected portion of covered loans and leases 30 - 89 days past due protected by FDIC loss-sharing agreements,P3LGTY,357000.0
20240930,Total protected portion of covered loans and leases 30 - 89 days past due protected by FDIC loss-sharing agreements,P3LGTY,535000.0
20240630,Total protected portion of covered loans and leases 30 - 89 days past due protected by FDIC loss-sharing agreements,P3LGTY,1038000.0
20240331,Total protected portion of covered loans and leases 30 - 89 days past due protected by FDIC loss-sharing agreements,P3LGTY,293000.0
20231231,Total protected portion of covered loans and leases 30 - 89 days past due protected by FDIC loss-sharing agreements,P3LGTY,289000.0
20230930,Total protected portion of covered loans and leases 30 - 89 days past due protected by FDIC loss-sharing agreements,P3LGTY,179000.0
20230630,Total protected portion of covered loans and leases 30 - 89 days past due protected by FDIC loss-sharing agreements,P3LGTY,117000.0
20230331,Total protected portion of covered loans and leases 30 - 89 days past due protected by FDIC loss-sharing agreements,P3LGTY,0.0
20260630,Carrying amount of covered loans and leases 90 days or more past due,P9LTOT,
20260331,Carrying amount of covered loans and leases 90 days or more past due,P9LTOT,
20251231,Carrying amount of covered loans and leases 90 days or more past due,P9LTOT,
20250930,Carrying amount of covered loans and leases 90 days or more past due,P9LTOT,
20250630,Carrying amount of covered loans and leases 90 days or more past due,P9LTOT,
20250331,Carrying amount of covered loans and leases 90 days or more past due,P9LTOT,
20241231,Carrying amount of covered loans and leases 90 days or more past due,P9LTOT,
20240930,Carrying amount of covered loans and leases 90 days or more past due,P9LTOT,
20240630,Carrying amount of covered loans and leases 90 days or more past due,P9LTOT,
20240331,Carrying amount of covered loans and leases 90 days or more past due,P9LTOT,
20231231,Carrying amount of covered loans and leases 90 days or more past due,P9LTOT,
20230930,Carrying amount of covered loans and leases 90 days or more past due,P9LTOT,
20230630,Carrying amount of covered loans and leases 90 days or more past due,P9LTOT,0.0
20230331,Carrying amount of covered loans and leases 90 days or more past due,P9LTOT,0.0
20260630,"Real estate loans secured by construction, land development, and other land loans 90 days or more past due",P9LRECON,
20260331,"Real estate loans secured by construction, land development, and other land loans 90 days or more past due",P9LRECON,
20251231,"Real estate loans secured by construction, land development, and other land loans 90 days or more past due",P9LRECON,
20250930,"Real estate loans secured by construction, land development, and other land loans 90 days or more past due",P9LRECON,
20250630,"Real estate loans secured by construction, land development, and other land loans 90 days or more past due",P9LRECON,
20250331,"Real estate loans secured by construction, land development, and other land loans 90 days or more past due",P9LRECON,
20241231,"Real estate loans secured by construction, land development, and other land loans 90 days or more past due",P9LRECON,
20240930,"Real estate loans secured by construction, land development, and other land loans 90 days or more past due",P9LRECON,
20240630,"Real estate loans secured by construction, land development, and other land loans 90 days or more past due",P9LRECON,
20240331,"Real estate loans secured by construction, land development, and other land loans 90 days or more past due",P9LRECON,
20231231,"Real estate loans secured by construction, land development, and other land loans 90 days or more past due",P9LRECON,
20230930,"Real estate loans secured by construction, land development, and other land loans 90 days or more past due",P9LRECON,
20230630,"Real estate loans secured by construction, land development, and other land loans 90 days or more past due",P9LRECON,0.0
20230331,"Real estate loans secured by construction, land development, and other land loans 90 days or more past due",P9LRECON,0.0
20260630,Real estate loans secured by farmland 90 days or more past due,P9LREAG,
20260331,Real estate loans secured by farmland 90 days or more past due,P9LREAG,
20251231,Real estate loans secured by farmland 90 days or more past due,P9LREAG,
20250930,Real estate loans secured by farmland 90 days or more past due,P9LREAG,
20250630,Real estate loans secured by farmland 90 days or more past due,P9LREAG,
20250331,Real estate loans secured by farmland 90 days or more past due,P9LREAG,
20241231,Real estate loans secured by farmland 90 days or more past due,P9LREAG,
20240930,Real estate loans secured by farmland 90 days or more past due,P9LREAG,
20240630,Real estate loans secured by farmland 90 days or more past due,P9LREAG,
20240331,Real estate loans secured by farmland 90 days or more past due,P9LREAG,
20231231,Real estate loans secured by farmland 90 days or more past due,P9LREAG,
20230930,Real estate loans secured by farmland 90 days or more past due,P9LREAG,
20230630,Real estate loans secured by farmland 90 days or more past due,P9LREAG,0.0
20230331,Real estate loans secured by farmland 90 days or more past due,P9LREAG,0.0
20260630,Real estate loans secured by 1-4 family residential properties 90 days or more past due,P9LRERES,
20260331,Real estate loans secured by 1-4 family residential properties 90 days or more past due,P9LRERES,
20251231,Real estate loans secured by 1-4 family residential properties 90 days or more past due,P9LRERES,
20250930,Real estate loans secured by 1-4 family residential properties 90 days or more past due,P9LRERES,
20250630,Real estate loans secured by 1-4 family residential properties 90 days or more past due,P9LRERES,
20250331,Real estate loans secured by 1-4 family residential properties 90 days or more past due,P9LRERES,
20241231,Real estate loans secured by 1-4 family residential properties 90 days or more past due,P9LRERES,
20240930,Real estate loans secured by 1-4 family residential properties 90 days or more past due,P9LRERES,
20240630,Real estate loans secured by 1-4 family residential properties 90 days or more past due,P9LRERES,
20240331,Real estate loans secured by 1-4 family residential properties 90 days or more past due,P9LRERES,
20231231,Real estate loans secured by 1-4 family residential properties 90 days or more past due,P9LRERES,
20230930,Real estate loans secured by 1-4 family residential properties 90 days or more past due,P9LRERES,
20230630,Real estate loans secured by 1-4 family residential properties 90 days or more past due,P9LRERES,0.0
20230331,Real estate loans secured by 1-4 family residential properties 90 days or more past due,P9LRERES,0.0
20260630,Real estate loans secured by multifamily (5 or more) residential properties 90 days or more past due,P9LREMUL,
20260331,Real estate loans secured by multifamily (5 or more) residential properties 90 days or more past due,P9LREMUL,
20251231,Real estate loans secured by multifamily (5 or more) residential properties 90 days or more past due,P9LREMUL,
20250930,Real estate loans secured by multifamily (5 or more) residential properties 90 days or more past due,P9LREMUL,
20250630,Real estate loans secured by multifamily (5 or more) residential properties 90 days or more past due,P9LREMUL,
20250331,Real estate loans secured by multifamily (5 or more) residential properties 90 days or more past due,P9LREMUL,
20241231,Real estate loans secured by multifamily (5 or more) residential properties 90 days or more past due,P9LREMUL,
20240930,Real estate loans secured by multifamily (5 or more) residential properties 90 days or more past due,P9LREMUL,
20240630,Real estate loans secured by multifamily (5 or more) residential properties 90 days or more past due,P9LREMUL,
20240331,Real estate loans secured by multifamily (5 or more) residential properties 90 days or more past due,P9LREMUL,
20231231,Real estate loans secured by multifamily (5 or more) residential properties 90 days or more past due,P9LREMUL,
20230930,Real estate loans secured by multifamily (5 or more) residential properties 90 days or more past due,P9LREMUL,
20230630,Real estate loans secured by multifamily (5 or more) residential properties 90 days or more past due,P9LREMUL,0.0
20230331,Real estate loans secured by multifamily (5 or more) residential properties 90 days or more past due,P9LREMUL,0.0
20260630,Real estate loans secured by nonfarm nonresidential properties 90 days or more past due,P9LRENRS,
20260331,Real estate loans secured by nonfarm nonresidential properties 90 days or more past due,P9LRENRS,
20251231,Real estate loans secured by nonfarm nonresidential properties 90 days or more past due,P9LRENRS,
20250930,Real estate loans secured by nonfarm nonresidential properties 90 days or more past due,P9LRENRS,
20250630,Real estate loans secured by nonfarm nonresidential properties 90 days or more past due,P9LRENRS,
20250331,Real estate loans secured by nonfarm nonresidential properties 90 days or more past due,P9LRENRS,
20241231,Real estate loans secured by nonfarm nonresidential properties 90 days or more past due,P9LRENRS,
20240930,Real estate loans secured by nonfarm nonresidential properties 90 days or more past due,P9LRENRS,
20240630,Real estate loans secured by nonfarm nonresidential properties 90 days or more past due,P9LRENRS,
20240331,Real estate loans secured by nonfarm nonresidential properties 90 days or more past due,P9LRENRS,
20231231,Real estate loans secured by nonfarm nonresidential properties 90 days or more past due,P9LRENRS,
20230930,Real estate loans secured by nonfarm nonresidential properties 90 days or more past due,P9LRENRS,
20230630,Real estate loans secured by nonfarm nonresidential properties 90 days or more past due,P9LRENRS,0.0
20230331,Real estate loans secured by nonfarm nonresidential properties 90 days or more past due,P9LRENRS,0.0
20260630,Commercial and industrial loans 90 days or more past due,P9LCI,
20260331,Commercial and industrial loans 90 days or more past due,P9LCI,
20251231,Commercial and industrial loans 90 days or more past due,P9LCI,
20250930,Commercial and industrial loans 90 days or more past due,P9LCI,
20250630,Commercial and industrial loans 90 days or more past due,P9LCI,
20250331,Commercial and industrial loans 90 days or more past due,P9LCI,
20241231,Commercial and industrial loans 90 days or more past due,P9LCI,
20240930,Commercial and industrial loans 90 days or more past due,P9LCI,
20240630,Commercial and industrial loans 90 days or more past due,P9LCI,
20240331,Commercial and industrial loans 90 days or more past due,P9LCI,
20231231,Commercial and industrial loans 90 days or more past due,P9LCI,
20230930,Commercial and industrial loans 90 days or more past due,P9LCI,
20230630,Commercial and industrial loans 90 days or more past due,P9LCI,
20230331,Commercial and industrial loans 90 days or more past due,P9LCI,
20260630,"Loans to individuals for household, family, and other personal expenditures 90 days or more past due",P9LCON,
20260331,"Loans to individuals for household, family, and other personal expenditures 90 days or more past due",P9LCON,
20251231,"Loans to individuals for household, family, and other personal expenditures 90 days or more past due",P9LCON,
20250930,"Loans to individuals for household, family, and other personal expenditures 90 days or more past due",P9LCON,
20250630,"Loans to individuals for household, family, and other personal expenditures 90 days or more past due",P9LCON,
20250331,"Loans to individuals for household, family, and other personal expenditures 90 days or more past due",P9LCON,
20241231,"Loans to individuals for household, family, and other personal expenditures 90 days or more past due",P9LCON,
20240930,"Loans to individuals for household, family, and other personal expenditures 90 days or more past due",P9LCON,
20240630,"Loans to individuals for household, family, and other personal expenditures 90 days or more past due",P9LCON,
20240331,"Loans to individuals for household, family, and other personal expenditures 90 days or more past due",P9LCON,
20231231,"Loans to individuals for household, family, and other personal expenditures 90 days or more past due",P9LCON,
20230930,"Loans to individuals for household, family, and other personal expenditures 90 days or more past due",P9LCON,
20230630,"Loans to individuals for household, family, and other personal expenditures 90 days or more past due",P9LCON,
20230331,"Loans to individuals for household, family, and other personal expenditures 90 days or more past due",P9LCON,
20260630,Farm loans 90 days or more past due,P9LAG,
20260331,Farm loans 90 days or more past due,P9LAG,
20251231,Farm loans 90 days or more past due,P9LAG,
20250930,Farm loans 90 days or more past due,P9LAG,
20250630,Farm loans 90 days or more past due,P9LAG,
20250331,Farm loans 90 days or more past due,P9LAG,
20241231,Farm loans 90 days or more past due,P9LAG,
20240930,Farm loans 90 days or more past due,P9LAG,
20240630,Farm loans 90 days or more past due,P9LAG,
20240331,Farm loans 90 days or more past due,P9LAG,
20231231,Farm loans 90 days or more past due,P9LAG,
20230930,Farm loans 90 days or more past due,P9LAG,
20230630,Farm loans 90 days or more past due,P9LAG,
20230331,Farm loans 90 days or more past due,P9LAG,
20260630,All other loans and all leases 90 days or more past due,P9LOTH,
20260331,All other loans and all leases 90 days or more past due,P9LOTH,
20251231,All other loans and all leases 90 days or more past due,P9LOTH,
20250930,All other loans and all leases 90 days or more past due,P9LOTH,
20250630,All other loans and all leases 90 days or more past due,P9LOTH,
20250331,All other loans and all leases 90 days or more past due,P9LOTH,
20241231,All other loans and all leases 90 days or more past due,P9LOTH,
20240930,All other loans and all leases 90 days or more past due,P9LOTH,
20240630,All other loans and all leases 90 days or more past due,P9LOTH,
20240331,All other loans and all leases 90 days or more past due,P9LOTH,
20231231,All other loans and all leases 90 days or more past due,P9LOTH,
20230930,All other loans and all leases 90 days or more past due,P9LOTH,
20230630,All other loans and all leases 90 days or more past due,P9LOTH,0.0
20230331,All other loans and all leases 90 days or more past due,P9LOTH,0.0
20260630,Total portion of covered loans and leases 90 days or more past due protected by FDIC loss-sharing agreements,P9LGTY,3000.0
20260331,Total portion of covered loans and leases 90 days or more past due protected by FDIC loss-sharing agreements,P9LGTY,0.0
20251231,Total portion of covered loans and leases 90 days or more past due protected by FDIC loss-sharing agreements,P9LGTY,16000.0
20250930,Total portion of covered loans and leases 90 days or more past due protected by FDIC loss-sharing agreements,P9LGTY,20000.0
20250630,Total portion of covered loans and leases 90 days or more past due protected by FDIC loss-sharing agreements,P9LGTY,18000.0
20250331,Total portion of covered loans and leases 90 days or more past due protected by FDIC loss-sharing agreements,P9LGTY,40000.0
20241231,Total portion of covered loans and leases 90 days or more past due protected by FDIC loss-sharing agreements,P9LGTY,45000.0
20240930,Total portion of covered loans and leases 90 days or more past due protected by FDIC loss-sharing agreements,P9LGTY,187000.0
20240630,Total portion of covered loans and leases 90 days or more past due protected by FDIC loss-sharing agreements,P9LGTY,12000.0
20240331,Total portion of covered loans and leases 90 days or more past due protected by FDIC loss-sharing agreements,P9LGTY,2000.0
20231231,Total portion of covered loans and leases 90 days or more past due protected by FDIC loss-sharing agreements,P9LGTY,16000.0
20230930,Total portion of covered loans and leases 90 days or more past due protected by FDIC loss-sharing agreements,P9LGTY,3000.0
20230630,Total portion of covered loans and leases 90 days or more past due protected by FDIC loss-sharing agreements,P9LGTY,0.0
20230331,Total portion of covered loans and leases 90 days or more past due protected by FDIC loss-sharing agreements,P9LGTY,0.0
20260630,Carrying amount of nonaccrual loans and leases,NALTOT,
20260331,Carrying amount of nonaccrual loans and leases,NALTOT,
20251231,Carrying amount of nonaccrual loans and leases,NALTOT,
20250930,Carrying amount of nonaccrual loans and leases,NALTOT,
20250630,Carrying amount of nonaccrual loans and leases,NALTOT,
20250331,Carrying amount of nonaccrual loans and leases,NALTOT,
20241231,Carrying amount of nonaccrual loans and leases,NALTOT,
20240930,Carrying amount of nonaccrual loans and leases,NALTOT,
20240630,Carrying amount of nonaccrual loans and leases,NALTOT,
20240331,Carrying amount of nonaccrual loans and leases,NALTOT,
20231231,Carrying amount of nonaccrual loans and leases,NALTOT,
20230930,Carrying amount of nonaccrual loans and leases,NALTOT,
20230630,Carrying amount of nonaccrual loans and leases,NALTOT,142000.0
20230331,Carrying amount of nonaccrual loans and leases,NALTOT,0.0
20260630,"Real estate loans secured by construction, land development, and other land loans in nonaccrual",NALRECON,
20260331,"Real estate loans secured by construction, land development, and other land loans in nonaccrual",NALRECON,
20251231,"Real estate loans secured by construction, land development, and other land loans in nonaccrual",NALRECON,
20250930,"Real estate loans secured by construction, land development, and other land loans in nonaccrual",NALRECON,
20250630,"Real estate loans secured by construction, land development, and other land loans in nonaccrual",NALRECON,
20250331,"Real estate loans secured by construction, land development, and other land loans in nonaccrual",NALRECON,
20241231,"Real estate loans secured by construction, land development, and other land loans in nonaccrual",NALRECON,
20240930,"Real estate loans secured by construction, land development, and other land loans in nonaccrual",NALRECON,
20240630,"Real estate loans secured by construction, land development, and other land loans in nonaccrual",NALRECON,
20240331,"Real estate loans secured by construction, land development, and other land loans in nonaccrual",NALRECON,
20231231,"Real estate loans secured by construction, land development, and other land loans in nonaccrual",NALRECON,
20230930,"Real estate loans secured by construction, land development, and other land loans in nonaccrual",NALRECON,
20230630,"Real estate loans secured by construction, land development, and other land loans in nonaccrual",NALRECON,15000.0
20230331,"Real estate loans secured by construction, land development, and other land loans in nonaccrual",NALRECON,0.0
20260630,Real estate loans secured by farmland in nonaccrual,NALREAG,
20260331,Real estate loans secured by farmland in nonaccrual,NALREAG,
20251231,Real estate loans secured by farmland in nonaccrual,NALREAG,
20250930,Real estate loans secured by farmland in nonaccrual,NALREAG,
20250630,Real estate loans secured by farmland in nonaccrual,NALREAG,
20250331,Real estate loans secured by farmland in nonaccrual,NALREAG,
20241231,Real estate loans secured by farmland in nonaccrual,NALREAG,
20240930,Real estate loans secured by farmland in nonaccrual,NALREAG,
20240630,Real estate loans secured by farmland in nonaccrual,NALREAG,
20240331,Real estate loans secured by farmland in nonaccrual,NALREAG,
20231231,Real estate loans secured by farmland in nonaccrual,NALREAG,
20230930,Real estate loans secured by farmland in nonaccrual,NALREAG,
20230630,Real estate loans secured by farmland in nonaccrual,NALREAG,0.0
20230331,Real estate loans secured by farmland in nonaccrual,NALREAG,0.0
20260630,Real estate loans secured by 1-4 family residential properties in nonaccrual,NALRERES,
20260331,Real estate loans secured by 1-4 family residential properties in nonaccrual,NALRERES,
20251231,Real estate loans secured by 1-4 family residential properties in nonaccrual,NALRERES,
20250930,Real estate loans secured by 1-4 family residential properties in nonaccrual,NALRERES,
20250630,Real estate loans secured by 1-4 family residential properties in nonaccrual,NALRERES,
20250331,Real estate loans secured by 1-4 family residential properties in nonaccrual,NALRERES,
20241231,Real estate loans secured by 1-4 family residential properties in nonaccrual,NALRERES,
20240930,Real estate loans secured by 1-4 family residential properties in nonaccrual,NALRERES,
20240630,Real estate loans secured by 1-4 family residential properties in nonaccrual,NALRERES,
20240331,Real estate loans secured by 1-4 family residential properties in nonaccrual,NALRERES,
20231231,Real estate loans secured by 1-4 family residential properties in nonaccrual,NALRERES,
20230930,Real estate loans secured by 1-4 family residential properties in nonaccrual,NALRERES,
20230630,Real estate loans secured by 1-4 family residential properties in nonaccrual,NALRERES,105000.0
20230331,Real estate loans secured by 1-4 family residential properties in nonaccrual,NALRERES,0.0
20260630,Real estate loans secured by multifamily (5 or more) residential properties in nonaccrual,NALREMUL,
20260331,Real estate loans secured by multifamily (5 or more) residential properties in nonaccrual,NALREMUL,
20251231,Real estate loans secured by multifamily (5 or more) residential properties in nonaccrual,NALREMUL,
20250930,Real estate loans secured by multifamily (5 or more) residential properties in nonaccrual,NALREMUL,
20250630,Real estate loans secured by multifamily (5 or more) residential properties in nonaccrual,NALREMUL,
20250331,Real estate loans secured by multifamily (5 or more) residential properties in nonaccrual,NALREMUL,
20241231,Real estate loans secured by multifamily (5 or more) residential properties in nonaccrual,NALREMUL,
20240930,Real estate loans secured by multifamily (5 or more) residential properties in nonaccrual,NALREMUL,
20240630,Real estate loans secured by multifamily (5 or more) residential properties in nonaccrual,NALREMUL,
20240331,Real estate loans secured by multifamily (5 or more) residential properties in nonaccrual,NALREMUL,
20231231,Real estate loans secured by multifamily (5 or more) residential properties in nonaccrual,NALREMUL,
20230930,Real estate loans secured by multifamily (5 or more) residential properties in nonaccrual,NALREMUL,
20230630,Real estate loans secured by multifamily (5 or more) residential properties in nonaccrual,NALREMUL,0.0
20230331,Real estate loans secured by multifamily (5 or more) residential properties in nonaccrual,NALREMUL,0.0
20260630,Real estate loans secured by nonfarm nonresidential properties in nonaccrual,NALRENRS,
20260331,Real estate loans secured by nonfarm nonresidential properties in nonaccrual,NALRENRS,
20251231,Real estate loans secured by nonfarm nonresidential properties in nonaccrual,NALRENRS,
20250930,Real estate loans secured by nonfarm nonresidential properties in nonaccrual,NALRENRS,
20250630,Real estate loans secured by nonfarm nonresidential properties in nonaccrual,NALRENRS,
20250331,Real estate loans secured by nonfarm nonresidential properties in nonaccrual,NALRENRS,
20241231,Real estate loans secured by nonfarm nonresidential properties in nonaccrual,NALRENRS,
20240930,Real estate loans secured by nonfarm nonresidential properties in nonaccrual,NALRENRS,
20240630,Real estate loans secured by nonfarm nonresidential properties in nonaccrual,NALRENRS,
20240331,Real estate loans secured by nonfarm nonresidential properties in nonaccrual,NALRENRS,
20231231,Real estate loans secured by nonfarm nonresidential properties in nonaccrual,NALRENRS,
20230930,Real estate loans secured by nonfarm nonresidential properties in nonaccrual,NALRENRS,
20230630,Real estate loans secured by nonfarm nonresidential properties in nonaccrual,NALRENRS,20000.0
20230331,Real estate loans secured by nonfarm nonresidential properties in nonaccrual,NALRENRS,0.0
20260630,Commercial and industrial loans in nonaccrual,NALCI,
20260331,Commercial and industrial loans in nonaccrual,NALCI,
20251231,Commercial and industrial loans in nonaccrual,NALCI,
20250930,Commercial and industrial loans in nonaccrual,NALCI,
20250630,Commercial and industrial loans in nonaccrual,NALCI,
20250331,Commercial and industrial loans in nonaccrual,NALCI,
20241231,Commercial and industrial loans in nonaccrual,NALCI,
20240930,Commercial and industrial loans in nonaccrual,NALCI,
20240630,Commercial and industrial loans in nonaccrual,NALCI,
20240331,Commercial and industrial loans in nonaccrual,NALCI,
20231231,Commercial and industrial loans in nonaccrual,NALCI,
20230930,Commercial and industrial loans in nonaccrual,NALCI,
20230630,Commercial and industrial loans in nonaccrual,NALCI,
20230331,Commercial and industrial loans in nonaccrual,NALCI,
20260630,"Loans to individuals for household, family, and other personal expenditures in nonaccrual",NALCON,
20260331,"Loans to individuals for household, family, and other personal expenditures in nonaccrual",NALCON,
20251231,"Loans to individuals for household, family, and other personal expenditures in nonaccrual",NALCON,
20250930,"Loans to individuals for household, family, and other personal expenditures in nonaccrual",NALCON,
20250630,"Loans to individuals for household, family, and other personal expenditures in nonaccrual",NALCON,
20250331,"Loans to individuals for household, family, and other personal expenditures in nonaccrual",NALCON,
20241231,"Loans to individuals for household, family, and other personal expenditures in nonaccrual",NALCON,
20240930,"Loans to individuals for household, family, and other personal expenditures in nonaccrual",NALCON,
20240630,"Loans to individuals for household, family, and other personal expenditures in nonaccrual",NALCON,
20240331,"Loans to individuals for household, family, and other personal expenditures in nonaccrual",NALCON,
20231231,"Loans to individuals for household, family, and other personal expenditures in nonaccrual",NALCON,
20230930,"Loans to individuals for household, family, and other personal expenditures in nonaccrual",NALCON,
20230630,"Loans to individuals for household, family, and other personal expenditures in nonaccrual",NALCON,
20230331,"Loans to individuals for household, family, and other personal expenditures in nonaccrual",NALCON,
20260630,Farm loans in nonaccrual,NALAG,
20260331,Farm loans in nonaccrual,NALAG,
20251231,Farm loans in nonaccrual,NALAG,
20250930,Farm loans in nonaccrual,NALAG,
20250630,Farm loans in nonaccrual,NALAG,
20250331,Farm loans in nonaccrual,NALAG,
20241231,Farm loans in nonaccrual,NALAG,
20240930,Farm loans in nonaccrual,NALAG,
20240630,Farm loans in nonaccrual,NALAG,
20240331,Farm loans in nonaccrual,NALAG,
20231231,Farm loans in nonaccrual,NALAG,
20230930,Farm loans in nonaccrual,NALAG,
20230630,Farm loans in nonaccrual,NALAG,
20230331,Farm loans in nonaccrual,NALAG,
20260630,All other loans and all leases in nonaccrual,NALOTH,
20260331,All other loans and all leases in nonaccrual,NALOTH,
20251231,All other loans and all leases in nonaccrual,NALOTH,
20250930,All other loans and all leases in nonaccrual,NALOTH,
20250630,All other loans and all leases in nonaccrual,NALOTH,
20250331,All other loans and all leases in nonaccrual,NALOTH,
20241231,All other loans and all leases in nonaccrual,NALOTH,
20240930,All other loans and all leases in nonaccrual,NALOTH,
20240630,All other loans and all leases in nonaccrual,NALOTH,
20240331,All other loans and all leases in nonaccrual,NALOTH,
20231231,All other loans and all leases in nonaccrual,NALOTH,
20230930,All other loans and all leases in nonaccrual,NALOTH,
20230630,All other loans and all leases in nonaccrual,NALOTH,2000.0
20230331,All other loans and all leases in nonaccrual,NALOTH,0.0
20260630,Total portion of covered nonaccrual loans protected by FDIC loss-sharing agreements,NALGTY,1020000.0
20260331,Total portion of covered nonaccrual loans protected by FDIC loss-sharing agreements,NALGTY,1000000.0
20251231,Total portion of covered nonaccrual loans protected by FDIC loss-sharing agreements,NALGTY,1010000.0
20250930,Total portion of covered nonaccrual loans protected by FDIC loss-sharing agreements,NALGTY,1104000.0
20250630,Total portion of covered nonaccrual loans protected by FDIC loss-sharing agreements,NALGTY,1068000.0
20250331,Total portion of covered nonaccrual loans protected by FDIC loss-sharing agreements,NALGTY,745000.0
20241231,Total portion of covered nonaccrual loans protected by FDIC loss-sharing agreements,NALGTY,681000.0
20240930,Total portion of covered nonaccrual loans protected by FDIC loss-sharing agreements,NALGTY,601000.0
20240630,Total portion of covered nonaccrual loans protected by FDIC loss-sharing agreements,NALGTY,455000.0
20240331,Total portion of covered nonaccrual loans protected by FDIC loss-sharing agreements,NALGTY,336000.0
20231231,Total portion of covered nonaccrual loans protected by FDIC loss-sharing agreements,NALGTY,200000.0
20230930,Total portion of covered nonaccrual loans protected by FDIC loss-sharing agreements,NALGTY,134000.0
20230630,Total portion of covered nonaccrual loans protected by FDIC loss-sharing agreements,NALGTY,120000.0
20230331,Total portion of covered nonaccrual loans protected by FDIC loss-sharing agreements,NALGTY,0.0
20260630,Carrying amount of other real estate owned,LSAORE,
20260331,Carrying amount of other real estate owned,LSAORE,
20251231,Carrying amount of other real estate owned,LSAORE,
20250930,Carrying amount of other real estate owned,LSAORE,
20250630,Carrying amount of other real estate owned,LSAORE,
20250331,Carrying amount of other real estate owned,LSAORE,
20241231,Carrying amount of other real estate owned,LSAORE,
20240930,Carrying amount of other real estate owned,LSAORE,
20240630,Carrying amount of other real estate owned,LSAORE,
20240331,Carrying amount of other real estate owned,LSAORE,
20231231,Carrying amount of other real estate owned,LSAORE,
20230930,Carrying amount of other real estate owned,LSAORE,
20230630,Carrying amount of other real estate owned,LSAORE,0.0
20230331,Carrying amount of other real estate owned,LSAORE,0.0
20260630,Maximum recoverable portion of other real estate owned protected under FDIC loss share agreements,LOREGTY,1000.0
20260331,Maximum recoverable portion of other real estate owned protected under FDIC loss share agreements,LOREGTY,1000.0
20251231,Maximum recoverable portion of other real estate owned protected under FDIC loss share agreements,LOREGTY,1000.0
20250930,Maximum recoverable portion of other real estate owned protected under FDIC loss share agreements,LOREGTY,1000.0
20250630,Maximum recoverable portion of other real estate owned protected under FDIC loss share agreements,LOREGTY,1000.0
20250331,Maximum recoverable portion of other real estate owned protected under FDIC loss share agreements,LOREGTY,1000.0
20241231,Maximum recoverable portion of other real estate owned protected under FDIC loss share agreements,LOREGTY,1000.0
20240930,Maximum recoverable portion of other real estate owned protected under FDIC loss share agreements,LOREGTY,1000.0
20240630,Maximum recoverable portion of other real estate owned protected under FDIC loss share agreements,LOREGTY,1000.0
20240331,Maximum recoverable portion of other real estate owned protected under FDIC loss share agreements,LOREGTY,1000.0
20231231,Maximum recoverable portion of other real estate owned protected under FDIC loss share agreements,LOREGTY,1000.0
20230930,Maximum recoverable portion of other real estate owned protected under FDIC loss share agreements,LOREGTY,1000.0
20230630,Maximum recoverable portion of other real estate owned protected under FDIC loss share agreements,LOREGTY,0.0
20230331,Maximum recoverable portion of other real estate owned protected under FDIC loss share agreements,LOREGTY,0.0
20260630,Carrying amount of debt securities,LSASCDBT,
20260331,Carrying amount of debt securities,LSASCDBT,
20251231,Carrying amount of debt securities,LSASCDBT,
20250930,Carrying amount of debt securities,LSASCDBT,
20250630,Carrying amount of debt securities,LSASCDBT,
20250331,Carrying amount of debt securities,LSASCDBT,
20241231,Carrying amount of debt securities,LSASCDBT,
20240930,Carrying amount of debt securities,LSASCDBT,
20240630,Carrying amount of debt securities,LSASCDBT,
20240331,Carrying amount of debt securities,LSASCDBT,
20231231,Carrying amount of debt securities,LSASCDBT,
20230930,Carrying amount of debt securities,LSASCDBT,
20230630,Carrying amount of debt securities,LSASCDBT,0.0
20230331,Carrying amount of debt securities,LSASCDBT,0.0
20260630,Carrying amount of other assets,LSAOA,
20260331,Carrying amount of other assets,LSAOA,
20251231,Carrying amount of other assets,LSAOA,
20250930,Carrying amount of other assets,LSAOA,
20250630,Carrying amount of other assets,LSAOA,
20250331,Carrying amount of other assets,LSAOA,
20241231,Carrying amount of other assets,LSAOA,
20240930,Carrying amount of other assets,LSAOA,
20240630,Carrying amount of other assets,LSAOA,
20240331,Carrying amount of other assets,LSAOA,
20231231,Carrying amount of other assets,LSAOA,
20230930,Carrying amount of other assets,LSAOA,
20230630,Carrying amount of other assets,LSAOA,0.0
20230331,Carrying amount of other assets,LSAOA,0.0
20260630,7. Off-Balance Sheet Items,N/A,
20260331,7. Off-Balance Sheet Items,N/A,
20251231,7. Off-Balance Sheet Items,N/A,
20250930,7. Off-Balance Sheet Items,N/A,
20250630,7. Off-Balance Sheet Items,N/A,
20250331,7. Off-Balance Sheet Items,N/A,
20241231,7. Off-Balance Sheet Items,N/A,
20240930,7. Off-Balance Sheet Items,N/A,
20240630,7. Off-Balance Sheet Items,N/A,
20240331,7. Off-Balance Sheet Items,N/A,
20231231,7. Off-Balance Sheet Items,N/A,
20230930,7. Off-Balance Sheet Items,N/A,
20230630,7. Off-Balance Sheet Items,N/A,
20230331,7. Off-Balance Sheet Items,N/A,
20260630,Derivatives (footnote: 5,OBSDIR,66166180000.0
20260331,Derivatives (footnote: 5,OBSDIR,63865963000.0
20251231,Derivatives (footnote: 5,OBSDIR,50946917000.0
20250930,Derivatives (footnote: 5,OBSDIR,63017245000.0
20250630,Derivatives (footnote: 5,OBSDIR,60803727000.0
20250331,Derivatives (footnote: 5,OBSDIR,56200716000.0
20241231,Derivatives (footnote: 5,OBSDIR,47919864000.0
20240930,Derivatives (footnote: 5,OBSDIR,61251053000.0
20240630,Derivatives (footnote: 5,OBSDIR,57188164000.0
20240331,Derivatives (footnote: 5,OBSDIR,54984413000.0
20231231,Derivatives (footnote: 5,OBSDIR,50348171000.0
20230930,Derivatives (footnote: 5,OBSDIR,55528984000.0
20230630,Derivatives (footnote: 5,OBSDIR,58920561000.0
20230331,Derivatives (footnote: 5,OBSDIR,60654938000.0
20260630,Notional Amount of Credit Derivatives,NACDIR,1649556000.0
20260331,Notional Amount of Credit Derivatives,NACDIR,2037065000.0
20251231,Notional Amount of Credit Derivatives,NACDIR,1444502000.0
20250930,Notional Amount of Credit Derivatives,NACDIR,2219441000.0
20250630,Notional Amount of Credit Derivatives,NACDIR,1574735000.0
20250331,Notional Amount of Credit Derivatives,NACDIR,1602279000.0
20241231,Notional Amount of Credit Derivatives,NACDIR,1210644000.0
20240930,Notional Amount of Credit Derivatives,NACDIR,1543898000.0
20240630,Notional Amount of Credit Derivatives,NACDIR,1204880000.0
20240331,Notional Amount of Credit Derivatives,NACDIR,1225721000.0
20231231,Notional Amount of Credit Derivatives,NACDIR,1052665000.0
20230930,Notional Amount of Credit Derivatives,NACDIR,1279352000.0
20230630,Notional Amount of Credit Derivatives,NACDIR,1479659000.0
20230331,Notional Amount of Credit Derivatives,NACDIR,1510947000.0
20260630,Bank is Guarantor,CTDERGTY,776211000.0
20260331,Bank is Guarantor,CTDERGTY,970158000.0
20251231,Bank is Guarantor,CTDERGTY,674649000.0
20250930,Bank is Guarantor,CTDERGTY,1046342000.0
20250630,Bank is Guarantor,CTDERGTY,754047000.0
20250331,Bank is Guarantor,CTDERGTY,761861000.0
20241231,Bank is Guarantor,CTDERGTY,575887000.0
20240930,Bank is Guarantor,CTDERGTY,747777000.0
20240630,Bank is Guarantor,CTDERGTY,574803000.0
20240331,Bank is Guarantor,CTDERGTY,580770000.0
20231231,Bank is Guarantor,CTDERGTY,492926000.0
20230930,Bank is Guarantor,CTDERGTY,613557000.0
20230630,Bank is Guarantor,CTDERGTY,710689000.0
20230331,Bank is Guarantor,CTDERGTY,730838000.0
20260630,Bank is Beneficiary,CTDERBEN,873345000.0
20260331,Bank is Beneficiary,CTDERBEN,1066907000.0
20251231,Bank is Beneficiary,CTDERBEN,769853000.0
20250930,Bank is Beneficiary,CTDERBEN,1173099000.0
20250630,Bank is Beneficiary,CTDERBEN,820688000.0
20250331,Bank is Beneficiary,CTDERBEN,840418000.0
20241231,Bank is Beneficiary,CTDERBEN,634757000.0
20240930,Bank is Beneficiary,CTDERBEN,796121000.0
20240630,Bank is Beneficiary,CTDERBEN,630077000.0
20240331,Bank is Beneficiary,CTDERBEN,644951000.0
20231231,Bank is Beneficiary,CTDERBEN,559739000.0
20230930,Bank is Beneficiary,CTDERBEN,665795000.0
20230630,Bank is Beneficiary,CTDERBEN,768970000.0
20230331,Bank is Beneficiary,CTDERBEN,780109000.0
20260630,Interest Rate Contracts,RT,39166862000.0
20260331,Interest Rate Contracts,RT,37635440000.0
20251231,Interest Rate Contracts,RT,29654392000.0
20250930,Interest Rate Contracts,RT,38398853000.0
20250630,Interest Rate Contracts,RT,37233824000.0
20250331,Interest Rate Contracts,RT,34043265000.0
20241231,Interest Rate Contracts,RT,29661293000.0
20240930,Interest Rate Contracts,RT,39297194000.0
20240630,Interest Rate Contracts,RT,36947644000.0
20240331,Interest Rate Contracts,RT,35459996000.0
20231231,Interest Rate Contracts,RT,33038356000.0
20230930,Interest Rate Contracts,RT,36416533000.0
20230630,Interest Rate Contracts,RT,39691076000.0
20230331,Interest Rate Contracts,RT,41641823000.0
20260630,Notional Value of Interest Rate Swaps,RTNVS,26791984000.0
20260331,Notional Value of Interest Rate Swaps,RTNVS,25181663000.0
20251231,Notional Value of Interest Rate Swaps,RTNVS,20084708000.0
20250930,Notional Value of Interest Rate Swaps,RTNVS,27193230000.0
20250630,Notional Value of Interest Rate Swaps,RTNVS,26499740000.0
20250331,Notional Value of Interest Rate Swaps,RTNVS,24218893000.0
20241231,Notional Value of Interest Rate Swaps,RTNVS,21483821000.0
20240930,Notional Value of Interest Rate Swaps,RTNVS,28771721000.0
20240630,Notional Value of Interest Rate Swaps,RTNVS,26776588000.0
20240331,Notional Value of Interest Rate Swaps,RTNVS,25845514000.0
20231231,Notional Value of Interest Rate Swaps,RTNVS,24043975000.0
20230930,Notional Value of Interest Rate Swaps,RTNVS,27229231000.0
20230630,Notional Value of Interest Rate Swaps,RTNVS,30084983000.0
20230331,Notional Value of Interest Rate Swaps,RTNVS,31477009000.0
20260630,Futures and forward contracts,RTFFC,3741345000.0
20260331,Futures and forward contracts,RTFFC,3839443000.0
20251231,Futures and forward contracts,RTFFC,2368282000.0
20250930,Futures and forward contracts,RTFFC,3546080000.0
20250630,Futures and forward contracts,RTFFC,3519954000.0
20250331,Futures and forward contracts,RTFFC,3302712000.0
20241231,Futures and forward contracts,RTFFC,1995272000.0
20240930,Futures and forward contracts,RTFFC,3605895000.0
20240630,Futures and forward contracts,RTFFC,3718307000.0
20240331,Futures and forward contracts,RTFFC,3060028000.0
20231231,Futures and forward contracts,RTFFC,2238676000.0
20230930,Futures and forward contracts,RTFFC,2491250000.0
20230630,Futures and forward contracts,RTFFC,2864280000.0
20230331,Futures and forward contracts,RTFFC,3326497000.0
20260630,Written Option Contracts,RTWOC,4445834000.0
20260331,Written Option Contracts,RTWOC,4368984000.0
20251231,Written Option Contracts,RTWOC,3779513000.0
20250930,Written Option Contracts,RTWOC,3924365000.0
20250630,Written Option Contracts,RTWOC,3666245000.0
20250331,Written Option Contracts,RTWOC,3292824000.0
20241231,Written Option Contracts,RTWOC,3074915000.0
20240930,Written Option Contracts,RTWOC,3447446000.0
20240630,Written Option Contracts,RTWOC,3250610000.0
20240331,Written Option Contracts,RTWOC,3289972000.0
20231231,Written Option Contracts,RTWOC,3377575000.0
20230930,Written Option Contracts,RTWOC,3332124000.0
20230630,Written Option Contracts,RTWOC,3336234000.0
20230331,Written Option Contracts,RTWOC,3393612000.0
20260630,Purchased Option Contracts,RTPOC,4187699000.0
20260331,Purchased Option Contracts,RTPOC,4245350000.0
20251231,Purchased Option Contracts,RTPOC,3421889000.0
20250930,Purchased Option Contracts,RTPOC,3735178000.0
20250630,Purchased Option Contracts,RTPOC,3547885000.0
20250331,Purchased Option Contracts,RTPOC,3228836000.0
20241231,Purchased Option Contracts,RTPOC,3107285000.0
20240930,Purchased Option Contracts,RTPOC,3472132000.0
20240630,Purchased Option Contracts,RTPOC,3202139000.0
20240331,Purchased Option Contracts,RTPOC,3264482000.0
20231231,Purchased Option Contracts,RTPOC,3378130000.0
20230930,Purchased Option Contracts,RTPOC,3363928000.0
20230630,Purchased Option Contracts,RTPOC,3405579000.0
20230331,Purchased Option Contracts,RTPOC,3444705000.0
20260630,Foreign Exchange Rate Contracts,FX,20614517000.0
20260331,Foreign Exchange Rate Contracts,FX,19663845000.0
20251231,Foreign Exchange Rate Contracts,FX,15688102000.0
20250930,Foreign Exchange Rate Contracts,FX,18059983000.0
20250630,Foreign Exchange Rate Contracts,FX,18051635000.0
20250331,Foreign Exchange Rate Contracts,FX,16726461000.0
20241231,Foreign Exchange Rate Contracts,FX,13593145000.0
20240930,Foreign Exchange Rate Contracts,FX,16658238000.0
20240630,Foreign Exchange Rate Contracts,FX,15429030000.0
20240331,Foreign Exchange Rate Contracts,FX,14944662000.0
20231231,Foreign Exchange Rate Contracts,FX,13384584000.0
20230930,Foreign Exchange Rate Contracts,FX,14823615000.0
20230630,Foreign Exchange Rate Contracts,FX,14882278000.0
20230331,Foreign Exchange Rate Contracts,FX,14636765000.0
20260630,Notional Value of Exchange Swaps,FXNVS,6209515000.0
20260331,Notional Value of Exchange Swaps,FXNVS,5951023000.0
20251231,Notional Value of Exchange Swaps,FXNVS,5529046000.0
20250930,Notional Value of Exchange Swaps,FXNVS,5650007000.0
20250630,Notional Value of Exchange Swaps,FXNVS,5512832000.0
20250331,Notional Value of Exchange Swaps,FXNVS,5040917000.0
20241231,Notional Value of Exchange Swaps,FXNVS,4560484000.0
20240930,Notional Value of Exchange Swaps,FXNVS,5057512000.0
20240630,Notional Value of Exchange Swaps,FXNVS,4666491000.0
20240331,Notional Value of Exchange Swaps,FXNVS,4725823000.0
20231231,Notional Value of Exchange Swaps,FXNVS,4764970000.0
20230930,Notional Value of Exchange Swaps,FXNVS,4455821000.0
20230630,Notional Value of Exchange Swaps,FXNVS,4475665000.0
20230331,Notional Value of Exchange Swaps,FXNVS,4414872000.0
20260630,Commitments to purchase foreign currencies & US dollar exchange,FXFFC,12122689000.0
20260331,Commitments to purchase foreign currencies & US dollar exchange,FXFFC,11355881000.0
20251231,Commitments to purchase foreign currencies & US dollar exchange,FXFFC,8227763000.0
20250930,Commitments to purchase foreign currencies & US dollar exchange,FXFFC,10057699000.0
20250630,Commitments to purchase foreign currencies & US dollar exchange,FXFFC,9867880000.0
20250331,Commitments to purchase foreign currencies & US dollar exchange,FXFFC,9144560000.0
20241231,Commitments to purchase foreign currencies & US dollar exchange,FXFFC,7033264000.0
20240930,Commitments to purchase foreign currencies & US dollar exchange,FXFFC,9526451000.0
20240630,Commitments to purchase foreign currencies & US dollar exchange,FXFFC,8842086000.0
20240331,Commitments to purchase foreign currencies & US dollar exchange,FXFFC,8499427000.0
20231231,Commitments to purchase foreign currencies & US dollar exchange,FXFFC,6990122000.0
20230930,Commitments to purchase foreign currencies & US dollar exchange,FXFFC,8697005000.0
20230630,Commitments to purchase foreign currencies & US dollar exchange,FXFFC,8720282000.0
20230331,Commitments to purchase foreign currencies & US dollar exchange,FXFFC,8507406000.0
20260630,Sport Foreign Exchange Rate Contracts,FXSPOT,1350957000.0
20260331,Sport Foreign Exchange Rate Contracts,FXSPOT,1298370000.0
20251231,Sport Foreign Exchange Rate Contracts,FXSPOT,763078000.0
20250930,Sport Foreign Exchange Rate Contracts,FXSPOT,1157877000.0
20250630,Sport Foreign Exchange Rate Contracts,FXSPOT,1141680000.0
20250331,Sport Foreign Exchange Rate Contracts,FXSPOT,1063924000.0
20241231,Sport Foreign Exchange Rate Contracts,FXSPOT,641913000.0
20240930,Sport Foreign Exchange Rate Contracts,FXSPOT,1212643000.0
20240630,Sport Foreign Exchange Rate Contracts,FXSPOT,1007382000.0
20240331,Sport Foreign Exchange Rate Contracts,FXSPOT,965825000.0
20231231,Sport Foreign Exchange Rate Contracts,FXSPOT,665813000.0
20230930,Sport Foreign Exchange Rate Contracts,FXSPOT,1009336000.0
20230630,Sport Foreign Exchange Rate Contracts,FXSPOT,950552000.0
20230331,Sport Foreign Exchange Rate Contracts,FXSPOT,853502000.0
20260630,Written Option Contracts,FXWOC,1132770000.0
20260331,Written Option Contracts,FXWOC,1184937000.0
20251231,Written Option Contracts,FXWOC,978685000.0
20250930,Written Option Contracts,FXWOC,1185754000.0
20250630,Written Option Contracts,FXWOC,1343494000.0
20250331,Written Option Contracts,FXWOC,1282753000.0
20241231,Written Option Contracts,FXWOC,1014922000.0
20240930,Written Option Contracts,FXWOC,1047329000.0
20240630,Written Option Contracts,FXWOC,968084000.0
20240331,Written Option Contracts,FXWOC,870624000.0
20231231,Written Option Contracts,FXWOC,830592000.0
20230930,Written Option Contracts,FXWOC,851293000.0
20230630,Written Option Contracts,FXWOC,863820000.0
20230331,Written Option Contracts,FXWOC,867319000.0
20260630,Purchased Option Contracts,FXPOC,1149543000.0
20260331,Purchased Option Contracts,FXPOC,1172004000.0
20251231,Purchased Option Contracts,FXPOC,952608000.0
20250930,Purchased Option Contracts,FXPOC,1166523000.0
20250630,Purchased Option Contracts,FXPOC,1327429000.0
20250331,Purchased Option Contracts,FXPOC,1258231000.0
20241231,Purchased Option Contracts,FXPOC,984475000.0
20240930,Purchased Option Contracts,FXPOC,1026946000.0
20240630,Purchased Option Contracts,FXPOC,952369000.0
20240331,Purchased Option Contracts,FXPOC,848788000.0
20231231,Purchased Option Contracts,FXPOC,798900000.0
20230930,Purchased Option Contracts,FXPOC,819496000.0
20230630,Purchased Option Contracts,FXPOC,822511000.0
20230331,Purchased Option Contracts,FXPOC,847168000.0
20260630,Contracts on other Commodities and Equities,EDCM,4735245000.0
20260331,Contracts on other Commodities and Equities,EDCM,4529613000.0
20251231,Contracts on other Commodities and Equities,EDCM,4159921000.0
20250930,Contracts on other Commodities and Equities,EDCM,4338968000.0
20250630,Contracts on other Commodities and Equities,EDCM,3943533000.0
20250331,Contracts on other Commodities and Equities,EDCM,3828711000.0
20241231,Contracts on other Commodities and Equities,EDCM,3454782000.0
20240930,Contracts on other Commodities and Equities,EDCM,3751723000.0
20240630,Contracts on other Commodities and Equities,EDCM,3606610000.0
20240331,Contracts on other Commodities and Equities,EDCM,3354034000.0
20231231,Contracts on other Commodities and Equities,EDCM,2872566000.0
20230930,Contracts on other Commodities and Equities,EDCM,3009484000.0
20230630,Contracts on other Commodities and Equities,EDCM,2867548000.0
20230331,Contracts on other Commodities and Equities,EDCM,2865403000.0
20260630,Notional Value of Swaps,OTHNVS,2178845000.0
20260331,Notional Value of Swaps,OTHNVS,1914942000.0
20251231,Notional Value of Swaps,OTHNVS,1801483000.0
20250930,Notional Value of Swaps,OTHNVS,1744399000.0
20250630,Notional Value of Swaps,OTHNVS,1566408000.0
20250331,Notional Value of Swaps,OTHNVS,1497914000.0
20241231,Notional Value of Swaps,OTHNVS,1400433000.0
20240930,Notional Value of Swaps,OTHNVS,1361569000.0
20240630,Notional Value of Swaps,OTHNVS,1236959000.0
20240331,Notional Value of Swaps,OTHNVS,1202915000.0
20231231,Notional Value of Swaps,OTHNVS,1128168000.0
20230930,Notional Value of Swaps,OTHNVS,1133233000.0
20230630,Notional Value of Swaps,OTHNVS,1076028000.0
20230331,Notional Value of Swaps,OTHNVS,1086807000.0
20260630,Futures and Forward Contracts,OTHFFC,686168000.0
20260331,Futures and Forward Contracts,OTHFFC,755335000.0
20251231,Futures and Forward Contracts,OTHFFC,688050000.0
20250930,Futures and Forward Contracts,OTHFFC,714220000.0
20250630,Futures and Forward Contracts,OTHFFC,665551000.0
20250331,Futures and Forward Contracts,OTHFFC,650294000.0
20241231,Futures and Forward Contracts,OTHFFC,535836000.0
20240930,Futures and Forward Contracts,OTHFFC,562252000.0
20240630,Futures and Forward Contracts,OTHFFC,544481000.0
20240331,Futures and Forward Contracts,OTHFFC,471645000.0
20231231,Futures and Forward Contracts,OTHFFC,296049000.0
20230930,Futures and Forward Contracts,OTHFFC,317750000.0
20230630,Futures and Forward Contracts,OTHFFC,252665000.0
20230331,Futures and Forward Contracts,OTHFFC,247029000.0
20260630,Written Option Contracts,OTHWOC,988283000.0
20260331,Written Option Contracts,OTHWOC,972193000.0
20251231,Written Option Contracts,OTHWOC,868246000.0
20250930,Written Option Contracts,OTHWOC,976559000.0
20250630,Written Option Contracts,OTHWOC,892959000.0
20250331,Written Option Contracts,OTHWOC,883273000.0
20241231,Written Option Contracts,OTHWOC,795634000.0
20240930,Written Option Contracts,OTHWOC,956507000.0
20240630,Written Option Contracts,OTHWOC,941483000.0
20240331,Written Option Contracts,OTHWOC,864592000.0
20231231,Written Option Contracts,OTHWOC,745725000.0
20230930,Written Option Contracts,OTHWOC,799566000.0
20230630,Written Option Contracts,OTHWOC,786110000.0
20230331,Written Option Contracts,OTHWOC,787735000.0
20260630,Purchased Option Contracts,OTHPOC,881949000.0
20260331,Purchased Option Contracts,OTHPOC,887143000.0
20251231,Purchased Option Contracts,OTHPOC,802142000.0
20250930,Purchased Option Contracts,OTHPOC,903790000.0
20250630,Purchased Option Contracts,OTHPOC,818615000.0
20250331,Purchased Option Contracts,OTHPOC,797230000.0
20241231,Purchased Option Contracts,OTHPOC,722879000.0
20240930,Purchased Option Contracts,OTHPOC,871395000.0
20240630,Purchased Option Contracts,OTHPOC,883687000.0
20240331,Purchased Option Contracts,OTHPOC,814882000.0
20231231,Purchased Option Contracts,OTHPOC,702624000.0
20230930,Purchased Option Contracts,OTHPOC,758935000.0
20230630,Purchased Option Contracts,OTHPOC,752745000.0
20230331,Purchased Option Contracts,OTHPOC,743832000.0
20260630,Total Unused Commitments,UC,1896864000.0
20260331,Total Unused Commitments,UC,1852873000.0
20251231,Total Unused Commitments,UC,1816199000.0
20250930,Total Unused Commitments,UC,1722003000.0
20250630,Total Unused Commitments,UC,1652728000.0
20250331,Total Unused Commitments,UC,1620927000.0
20241231,Total Unused Commitments,UC,1588791000.0
20240930,Total Unused Commitments,UC,1578330000.0
20240630,Total Unused Commitments,UC,1555789000.0
20240331,Total Unused Commitments,UC,1568752000.0
20231231,Total Unused Commitments,UC,1506957000.0
20230930,Total Unused Commitments,UC,1562956000.0
20230630,Total Unused Commitments,UC,1545840000.0
20230331,Total Unused Commitments,UC,1472517000.0
20260630,"Revolving, Open-End Lines Secured by 1-4's",UCLOC,18016000.0
20260331,"Revolving, Open-End Lines Secured by 1-4's",UCLOC,18736000.0
20251231,"Revolving, Open-End Lines Secured by 1-4's",UCLOC,19090000.0
20250930,"Revolving, Open-End Lines Secured by 1-4's",UCLOC,19734000.0
20250630,"Revolving, Open-End Lines Secured by 1-4's",UCLOC,20621000.0
20250331,"Revolving, Open-End Lines Secured by 1-4's",UCLOC,21526000.0
20241231,"Revolving, Open-End Lines Secured by 1-4's",UCLOC,21995000.0
20240930,"Revolving, Open-End Lines Secured by 1-4's",UCLOC,22653000.0
20240630,"Revolving, Open-End Lines Secured by 1-4's",UCLOC,23223000.0
20240331,"Revolving, Open-End Lines Secured by 1-4's",UCLOC,23904000.0
20231231,"Revolving, Open-End Lines Secured by 1-4's",UCLOC,23682000.0
20230930,"Revolving, Open-End Lines Secured by 1-4's",UCLOC,24093000.0
20230630,"Revolving, Open-End Lines Secured by 1-4's",UCLOC,24366000.0
20230331,"Revolving, Open-End Lines Secured by 1-4's",UCLOC,17017000.0
20260630,Credit Card Lines,UCCRCD,1118620000.0
20260331,Credit Card Lines,UCCRCD,1099759000.0
20251231,Credit Card Lines,UCCRCD,1073898000.0
20250930,Credit Card Lines,UCCRCD,1070232000.0
20250630,Credit Card Lines,UCCRCD,1050233000.0
20250331,Credit Card Lines,UCCRCD,1031447000.0
20241231,Credit Card Lines,UCCRCD,1001277000.0
20240930,Credit Card Lines,UCCRCD,989555000.0
20240630,Credit Card Lines,UCCRCD,964684000.0
20240331,Credit Card Lines,UCCRCD,943907000.0
20231231,Credit Card Lines,UCCRCD,915626000.0
20230930,Credit Card Lines,UCCRCD,898869000.0
20230630,Credit Card Lines,UCCRCD,881448000.0
20230331,Credit Card Lines,UCCRCD,861179000.0
20260630,"Commercial Real Estate, Construction and Land Development",UCCOMRE,45290000.0
20260331,"Commercial Real Estate, Construction and Land Development",UCCOMRE,44878000.0
20251231,"Commercial Real Estate, Construction and Land Development",UCCOMRE,44054000.0
20250930,"Commercial Real Estate, Construction and Land Development",UCCOMRE,39462000.0
20250630,"Commercial Real Estate, Construction and Land Development",UCCOMRE,36374000.0
20250331,"Commercial Real Estate, Construction and Land Development",UCCOMRE,34499000.0
20241231,"Commercial Real Estate, Construction and Land Development",UCCOMRE,26802000.0
20240930,"Commercial Real Estate, Construction and Land Development",UCCOMRE,24202000.0
20240630,"Commercial Real Estate, Construction and Land Development",UCCOMRE,24254000.0
20240331,"Commercial Real Estate, Construction and Land Development",UCCOMRE,25968000.0
20231231,"Commercial Real Estate, Construction and Land Development",UCCOMRE,27372000.0
20230930,"Commercial Real Estate, Construction and Land Development",UCCOMRE,26153000.0
20230630,"Commercial Real Estate, Construction and Land Development",UCCOMRE,28197000.0
20230331,"Commercial Real Estate, Construction and Land Development",UCCOMRE,23396000.0
20260630,Commitments Secured by Real Estate,UCCOMRES,17985000.0
20260331,Commitments Secured by Real Estate,UCCOMRES,17753000.0
20251231,Commitments Secured by Real Estate,UCCOMRES,17757000.0
20250930,Commitments Secured by Real Estate,UCCOMRES,14366000.0
20250630,Commitments Secured by Real Estate,UCCOMRES,11270000.0
20250331,Commitments Secured by Real Estate,UCCOMRES,10675000.0
20241231,Commitments Secured by Real Estate,UCCOMRES,10864000.0
20240930,Commitments Secured by Real Estate,UCCOMRES,10840000.0
20240630,Commitments Secured by Real Estate,UCCOMRES,11243000.0
20240331,Commitments Secured by Real Estate,UCCOMRES,11898000.0
20231231,Commitments Secured by Real Estate,UCCOMRES,12919000.0
20230930,Commitments Secured by Real Estate,UCCOMRES,13184000.0
20230630,Commitments Secured by Real Estate,UCCOMRES,14918000.0
20230331,Commitments Secured by Real Estate,UCCOMRES,10369000.0
20260630,Commitments not Secured by Real Estate,UCCOMREU,27305000.0
20260331,Commitments not Secured by Real Estate,UCCOMREU,27125000.0
20251231,Commitments not Secured by Real Estate,UCCOMREU,26297000.0
20250930,Commitments not Secured by Real Estate,UCCOMREU,25096000.0
20250630,Commitments not Secured by Real Estate,UCCOMREU,25104000.0
20250331,Commitments not Secured by Real Estate,UCCOMREU,23824000.0
20241231,Commitments not Secured by Real Estate,UCCOMREU,15938000.0
20240930,Commitments not Secured by Real Estate,UCCOMREU,13362000.0
20240630,Commitments not Secured by Real Estate,UCCOMREU,13011000.0
20240331,Commitments not Secured by Real Estate,UCCOMREU,14070000.0
20231231,Commitments not Secured by Real Estate,UCCOMREU,14453000.0
20230930,Commitments not Secured by Real Estate,UCCOMREU,12969000.0
20230630,Commitments not Secured by Real Estate,UCCOMREU,13279000.0
20230331,Commitments not Secured by Real Estate,UCCOMREU,13027000.0
20260630,Securities Underwriting,UCSC,0.0
20260331,Securities Underwriting,UCSC,0.0
20251231,Securities Underwriting,UCSC,0.0
20250930,Securities Underwriting,UCSC,0.0
20250630,Securities Underwriting,UCSC,0.0
20250331,Securities Underwriting,UCSC,0.0
20241231,Securities Underwriting,UCSC,0.0
20240930,Securities Underwriting,UCSC,0.0
20240630,Securities Underwriting,UCSC,0.0
20240331,Securities Underwriting,UCSC,0.0
20231231,Securities Underwriting,UCSC,0.0
20230930,Securities Underwriting,UCSC,0.0
20230630,Securities Underwriting,UCSC,0.0
20230331,Securities Underwriting,UCSC,0.0
20260630,Other Unused Commitments,UCOTHER,714938000.0
20260331,Other Unused Commitments,UCOTHER,689500000.0
20251231,Other Unused Commitments,UCOTHER,679157000.0
20250930,Other Unused Commitments,UCOTHER,592575000.0
20250630,Other Unused Commitments,UCOTHER,545500000.0
20250331,Other Unused Commitments,UCOTHER,533455000.0
20241231,Other Unused Commitments,UCOTHER,538717000.0
20240930,Other Unused Commitments,UCOTHER,541920000.0
20240630,Other Unused Commitments,UCOTHER,543628000.0
20240331,Other Unused Commitments,UCOTHER,574973000.0
20231231,Other Unused Commitments,UCOTHER,540277000.0
20230930,Other Unused Commitments,UCOTHER,613841000.0
20230630,Other Unused Commitments,UCOTHER,611829000.0
20230331,Other Unused Commitments,UCOTHER,570925000.0
20260630,Memoranda: Commitments with an Original Maturity Exceeding 1 yr,UCOVER1,475810000.0
20260331,Memoranda: Commitments with an Original Maturity Exceeding 1 yr,UCOVER1,454512000.0
20251231,Memoranda: Commitments with an Original Maturity Exceeding 1 yr,UCOVER1,455772000.0
20250930,Memoranda: Commitments with an Original Maturity Exceeding 1 yr,UCOVER1,457228000.0
20250630,Memoranda: Commitments with an Original Maturity Exceeding 1 yr,UCOVER1,427118000.0
20250331,Memoranda: Commitments with an Original Maturity Exceeding 1 yr,UCOVER1,419570000.0
20241231,Memoranda: Commitments with an Original Maturity Exceeding 1 yr,UCOVER1,414152000.0
20240930,Memoranda: Commitments with an Original Maturity Exceeding 1 yr,UCOVER1,423398000.0
20240630,Memoranda: Commitments with an Original Maturity Exceeding 1 yr,UCOVER1,417608000.0
20240331,Memoranda: Commitments with an Original Maturity Exceeding 1 yr,UCOVER1,417886000.0
20231231,Memoranda: Commitments with an Original Maturity Exceeding 1 yr,UCOVER1,426292000.0
20230930,Memoranda: Commitments with an Original Maturity Exceeding 1 yr,UCOVER1,445826000.0
20230630,Memoranda: Commitments with an Original Maturity Exceeding 1 yr,UCOVER1,449704000.0
20230331,Memoranda: Commitments with an Original Maturity Exceeding 1 yr,UCOVER1,405856000.0
20260630,Memoranda: Securities Lent,SCLENT,879167000.0
20260331,Memoranda: Securities Lent,SCLENT,849039000.0
20251231,Memoranda: Securities Lent,SCLENT,685835000.0
20250930,Memoranda: Securities Lent,SCLENT,731151000.0
20250630,Memoranda: Securities Lent,SCLENT,693996000.0
20250331,Memoranda: Securities Lent,SCLENT,672919000.0
20241231,Memoranda: Securities Lent,SCLENT,550442000.0
20240930,Memoranda: Securities Lent,SCLENT,628473000.0
20240630,Memoranda: Securities Lent,SCLENT,599718000.0
20240331,Memoranda: Securities Lent,SCLENT,577264000.0
20231231,Memoranda: Securities Lent,SCLENT,487603000.0
20230930,Memoranda: Securities Lent,SCLENT,293373000.0
20230630,Memoranda: Securities Lent,SCLENT,287536000.0
20230331,Memoranda: Securities Lent,SCLENT,313122000.0
20260630,Memoranda: All Other Off-Balance Sheet Liabilities,OTHOFFBS,65695000.0
20260331,Memoranda: All Other Off-Balance Sheet Liabilities,OTHOFFBS,60430000.0
20251231,Memoranda: All Other Off-Balance Sheet Liabilities,OTHOFFBS,55640000.0
20250930,Memoranda: All Other Off-Balance Sheet Liabilities,OTHOFFBS,61237000.0
20250630,Memoranda: All Other Off-Balance Sheet Liabilities,OTHOFFBS,54659000.0
20250331,Memoranda: All Other Off-Balance Sheet Liabilities,OTHOFFBS,50244000.0
20241231,Memoranda: All Other Off-Balance Sheet Liabilities,OTHOFFBS,38036000.0
20240930,Memoranda: All Other Off-Balance Sheet Liabilities,OTHOFFBS,47034000.0
20240630,Memoranda: All Other Off-Balance Sheet Liabilities,OTHOFFBS,44723000.0
20240331,Memoranda: All Other Off-Balance Sheet Liabilities,OTHOFFBS,102973000.0
20231231,Memoranda: All Other Off-Balance Sheet Liabilities,OTHOFFBS,40942000.0
20230930,Memoranda: All Other Off-Balance Sheet Liabilities,OTHOFFBS,121363000.0
20230630,Memoranda: All Other Off-Balance Sheet Liabilities,OTHOFFBS,135691000.0
20230331,Memoranda: All Other Off-Balance Sheet Liabilities,OTHOFFBS,144189000.0
20260630,Letters of Credit (footnote: 3,N/A,
20260331,Letters of Credit (footnote: 3,N/A,
20251231,Letters of Credit (footnote: 3,N/A,
20250930,Letters of Credit (footnote: 3,N/A,
20250630,Letters of Credit (footnote: 3,N/A,
20250331,Letters of Credit (footnote: 3,N/A,
20241231,Letters of Credit (footnote: 3,N/A,
20240930,Letters of Credit (footnote: 3,N/A,
20240630,Letters of Credit (footnote: 3,N/A,
20240331,Letters of Credit (footnote: 3,N/A,
20231231,Letters of Credit (footnote: 3,N/A,
20230930,Letters of Credit (footnote: 3,N/A,
20230630,Letters of Credit (footnote: 3,N/A,
20230331,Letters of Credit (footnote: 3,N/A,
20260630,Participations in Acceptances Conveyed to Others by Reporting Bank,PARTCONV,
20260331,Participations in Acceptances Conveyed to Others by Reporting Bank,PARTCONV,
20251231,Participations in Acceptances Conveyed to Others by Reporting Bank,PARTCONV,
20250930,Participations in Acceptances Conveyed to Others by Reporting Bank,PARTCONV,
20250630,Participations in Acceptances Conveyed to Others by Reporting Bank,PARTCONV,
20250331,Participations in Acceptances Conveyed to Others by Reporting Bank,PARTCONV,
20241231,Participations in Acceptances Conveyed to Others by Reporting Bank,PARTCONV,
20240930,Participations in Acceptances Conveyed to Others by Reporting Bank,PARTCONV,
20240630,Participations in Acceptances Conveyed to Others by Reporting Bank,PARTCONV,
20240331,Participations in Acceptances Conveyed to Others by Reporting Bank,PARTCONV,
20231231,Participations in Acceptances Conveyed to Others by Reporting Bank,PARTCONV,
20230930,Participations in Acceptances Conveyed to Others by Reporting Bank,PARTCONV,
20230630,Participations in Acceptances Conveyed to Others by Reporting Bank,PARTCONV,
20230331,Participations in Acceptances Conveyed to Others by Reporting Bank,PARTCONV,
20260630,Financial and Performance Standby Letters of Credit and Foreign Office Guarantees,LOCFPSB,80733000.0
20260331,Financial and Performance Standby Letters of Credit and Foreign Office Guarantees,LOCFPSB,77029000.0
20251231,Financial and Performance Standby Letters of Credit and Foreign Office Guarantees,LOCFPSB,81175000.0
20250930,Financial and Performance Standby Letters of Credit and Foreign Office Guarantees,LOCFPSB,78808000.0
20250630,Financial and Performance Standby Letters of Credit and Foreign Office Guarantees,LOCFPSB,72202000.0
20250331,Financial and Performance Standby Letters of Credit and Foreign Office Guarantees,LOCFPSB,71455000.0
20241231,Financial and Performance Standby Letters of Credit and Foreign Office Guarantees,LOCFPSB,81553000.0
20240930,Financial and Performance Standby Letters of Credit and Foreign Office Guarantees,LOCFPSB,73684000.0
20240630,Financial and Performance Standby Letters of Credit and Foreign Office Guarantees,LOCFPSB,75089000.0
20240331,Financial and Performance Standby Letters of Credit and Foreign Office Guarantees,LOCFPSB,75193000.0
20231231,Financial and Performance Standby Letters of Credit and Foreign Office Guarantees,LOCFPSB,81679000.0
20230930,Financial and Performance Standby Letters of Credit and Foreign Office Guarantees,LOCFPSB,70465000.0
20230630,Financial and Performance Standby Letters of Credit and Foreign Office Guarantees,LOCFPSB,70775000.0
20230331,Financial and Performance Standby Letters of Credit and Foreign Office Guarantees,LOCFPSB,72941000.0
20260630,Financial and Performance Foreign Office Guarantees Conveyed to Others Amount,LOCFPSBK,47503000.0
20260331,Financial and Performance Foreign Office Guarantees Conveyed to Others Amount,LOCFPSBK,45397000.0
20251231,Financial and Performance Foreign Office Guarantees Conveyed to Others Amount,LOCFPSBK,42822000.0
20250930,Financial and Performance Foreign Office Guarantees Conveyed to Others Amount,LOCFPSBK,44181000.0
20250630,Financial and Performance Foreign Office Guarantees Conveyed to Others Amount,LOCFPSBK,42735000.0
20250331,Financial and Performance Foreign Office Guarantees Conveyed to Others Amount,LOCFPSBK,42192000.0
20241231,Financial and Performance Foreign Office Guarantees Conveyed to Others Amount,LOCFPSBK,42955000.0
20240930,Financial and Performance Foreign Office Guarantees Conveyed to Others Amount,LOCFPSBK,48438000.0
20240630,Financial and Performance Foreign Office Guarantees Conveyed to Others Amount,LOCFPSBK,47670000.0
20240331,Financial and Performance Foreign Office Guarantees Conveyed to Others Amount,LOCFPSBK,46293000.0
20231231,Financial and Performance Foreign Office Guarantees Conveyed to Others Amount,LOCFPSBK,47071000.0
20230930,Financial and Performance Foreign Office Guarantees Conveyed to Others Amount,LOCFPSBK,41547000.0
20230630,Financial and Performance Foreign Office Guarantees Conveyed to Others Amount,LOCFPSBK,41942000.0
20230331,Financial and Performance Foreign Office Guarantees Conveyed to Others Amount,LOCFPSBK,39520000.0
20260630,Financial Standby Letters of Credit and Foreign Office Guarantees,LOCFSB,73852000.0
20260331,Financial Standby Letters of Credit and Foreign Office Guarantees,LOCFSB,70496000.0
20251231,Financial Standby Letters of Credit and Foreign Office Guarantees,LOCFSB,75284000.0
20250930,Financial Standby Letters of Credit and Foreign Office Guarantees,LOCFSB,73268000.0
20250630,Financial Standby Letters of Credit and Foreign Office Guarantees,LOCFSB,66280000.0
20250331,Financial Standby Letters of Credit and Foreign Office Guarantees,LOCFSB,65525000.0
20241231,Financial Standby Letters of Credit and Foreign Office Guarantees,LOCFSB,75377000.0
20240930,Financial Standby Letters of Credit and Foreign Office Guarantees,LOCFSB,67411000.0
20240630,Financial Standby Letters of Credit and Foreign Office Guarantees,LOCFSB,68658000.0
20240331,Financial Standby Letters of Credit and Foreign Office Guarantees,LOCFSB,68532000.0
20231231,Financial Standby Letters of Credit and Foreign Office Guarantees,LOCFSB,75109000.0
20230930,Financial Standby Letters of Credit and Foreign Office Guarantees,LOCFSB,64030000.0
20230630,Financial Standby Letters of Credit and Foreign Office Guarantees,LOCFSB,64575000.0
20230331,Financial Standby Letters of Credit and Foreign Office Guarantees,LOCFSB,67167000.0
20260630,Financial Foreign Office Guarantees Conveyed to Others Amount,LOCFSBK,46175000.0
20260331,Financial Foreign Office Guarantees Conveyed to Others Amount,LOCFSBK,44184000.0
20251231,Financial Foreign Office Guarantees Conveyed to Others Amount,LOCFSBK,41693000.0
20250930,Financial Foreign Office Guarantees Conveyed to Others Amount,LOCFSBK,43162000.0
20250630,Financial Foreign Office Guarantees Conveyed to Others Amount,LOCFSBK,41466000.0
20250331,Financial Foreign Office Guarantees Conveyed to Others Amount,LOCFSBK,40871000.0
20241231,Financial Foreign Office Guarantees Conveyed to Others Amount,LOCFSBK,41755000.0
20240930,Financial Foreign Office Guarantees Conveyed to Others Amount,LOCFSBK,47086000.0
20240630,Financial Foreign Office Guarantees Conveyed to Others Amount,LOCFSBK,46300000.0
20240331,Financial Foreign Office Guarantees Conveyed to Others Amount,LOCFSBK,44757000.0
20231231,Financial Foreign Office Guarantees Conveyed to Others Amount,LOCFSBK,45625000.0
20230930,Financial Foreign Office Guarantees Conveyed to Others Amount,LOCFSBK,40162000.0
20230630,Financial Foreign Office Guarantees Conveyed to Others Amount,LOCFSBK,40635000.0
20230331,Financial Foreign Office Guarantees Conveyed to Others Amount,LOCFSBK,38163000.0
20260630,Performance Standby Letters of Credit,LOCPSB,6881000.0
20260331,Performance Standby Letters of Credit,LOCPSB,6533000.0
20251231,Performance Standby Letters of Credit,LOCPSB,5891000.0
20250930,Performance Standby Letters of Credit,LOCPSB,5540000.0
20250630,Performance Standby Letters of Credit,LOCPSB,5922000.0
20250331,Performance Standby Letters of Credit,LOCPSB,5930000.0
20241231,Performance Standby Letters of Credit,LOCPSB,6176000.0
20240930,Performance Standby Letters of Credit,LOCPSB,6273000.0
20240630,Performance Standby Letters of Credit,LOCPSB,6431000.0
20240331,Performance Standby Letters of Credit,LOCPSB,6661000.0
20231231,Performance Standby Letters of Credit,LOCPSB,6570000.0
20230930,Performance Standby Letters of Credit,LOCPSB,6435000.0
20230630,Performance Standby Letters of Credit,LOCPSB,6200000.0
20230331,Performance Standby Letters of Credit,LOCPSB,5774000.0
20260630,Performance Letters of Credit Conveyed to Others Amount,LOCPSBK,1328000.0
20260331,Performance Letters of Credit Conveyed to Others Amount,LOCPSBK,1213000.0
20251231,Performance Letters of Credit Conveyed to Others Amount,LOCPSBK,1129000.0
20250930,Performance Letters of Credit Conveyed to Others Amount,LOCPSBK,1019000.0
20250630,Performance Letters of Credit Conveyed to Others Amount,LOCPSBK,1269000.0
20250331,Performance Letters of Credit Conveyed to Others Amount,LOCPSBK,1321000.0
20241231,Performance Letters of Credit Conveyed to Others Amount,LOCPSBK,1200000.0
20240930,Performance Letters of Credit Conveyed to Others Amount,LOCPSBK,1352000.0
20240630,Performance Letters of Credit Conveyed to Others Amount,LOCPSBK,1370000.0
20240331,Performance Letters of Credit Conveyed to Others Amount,LOCPSBK,1536000.0
20231231,Performance Letters of Credit Conveyed to Others Amount,LOCPSBK,1446000.0
20230930,Performance Letters of Credit Conveyed to Others Amount,LOCPSBK,1385000.0
20230630,Performance Letters of Credit Conveyed to Others Amount,LOCPSBK,1307000.0
20230331,Performance Letters of Credit Conveyed to Others Amount,LOCPSBK,1357000.0
20260630,Commercial and Similar Letters of Credit,LOCCOM,5555000.0
20260331,Commercial and Similar Letters of Credit,LOCCOM,6442000.0
20251231,Commercial and Similar Letters of Credit,LOCCOM,5293000.0
20250930,Commercial and Similar Letters of Credit,LOCCOM,5034000.0
20250630,Commercial and Similar Letters of Credit,LOCCOM,5011000.0
20250331,Commercial and Similar Letters of Credit,LOCCOM,5305000.0
20241231,Commercial and Similar Letters of Credit,LOCCOM,4897000.0
20240930,Commercial and Similar Letters of Credit,LOCCOM,4583000.0
20240630,Commercial and Similar Letters of Credit,LOCCOM,4613000.0
20240331,Commercial and Similar Letters of Credit,LOCCOM,4484000.0
20231231,Commercial and Similar Letters of Credit,LOCCOM,4933000.0
20230930,Commercial and Similar Letters of Credit,LOCCOM,4148000.0
20230630,Commercial and Similar Letters of Credit,LOCCOM,3783000.0
20230331,Commercial and Similar Letters of Credit,LOCCOM,4303000.0
20260630,8. Fiduciary and Related Services (footnote: 6,N/A,
20260331,8. Fiduciary and Related Services (footnote: 6,N/A,
20251231,8. Fiduciary and Related Services (footnote: 6,N/A,
20250930,8. Fiduciary and Related Services (footnote: 6,N/A,
20250630,8. Fiduciary and Related Services (footnote: 6,N/A,
20250331,8. Fiduciary and Related Services (footnote: 6,N/A,
20241231,8. Fiduciary and Related Services (footnote: 6,N/A,
20240930,8. Fiduciary and Related Services (footnote: 6,N/A,
20240630,8. Fiduciary and Related Services (footnote: 6,N/A,
20240331,8. Fiduciary and Related Services (footnote: 6,N/A,
20231231,8. Fiduciary and Related Services (footnote: 6,N/A,
20230930,8. Fiduciary and Related Services (footnote: 6,N/A,
20230630,8. Fiduciary and Related Services (footnote: 6,N/A,
20230331,8. Fiduciary and Related Services (footnote: 6,N/A,
20260630,Number with Fiduciary Powers Granted,TRPOWER,1.0
20260331,Number with Fiduciary Powers Granted,TRPOWER,1.0
20251231,Number with Fiduciary Powers Granted,TRPOWER,1.0
20250930,Number with Fiduciary Powers Granted,TRPOWER,1.0
20250630,Number with Fiduciary Powers Granted,TRPOWER,1.0
20250331,Number with Fiduciary Powers Granted,TRPOWER,1.0
20241231,Number with Fiduciary Powers Granted,TRPOWER,1.0
20240930,Number with Fiduciary Powers Granted,TRPOWER,1.0
20240630,Number with Fiduciary Powers Granted,TRPOWER,1.0
20240331,Number with Fiduciary Powers Granted,TRPOWER,1.0
20231231,Number with Fiduciary Powers Granted,TRPOWER,1.0
20230930,Number with Fiduciary Powers Granted,TRPOWER,1.0
20230630,Number with Fiduciary Powers Granted,TRPOWER,1.0
20230331,Number with Fiduciary Powers Granted,TRPOWER,1.0
20260630,Number with Fiduciary Power Exercised,TREXER,1.0
20260331,Number with Fiduciary Power Exercised,TREXER,1.0
20251231,Number with Fiduciary Power Exercised,TREXER,1.0
20250930,Number with Fiduciary Power Exercised,TREXER,1.0
20250630,Number with Fiduciary Power Exercised,TREXER,1.0
20250331,Number with Fiduciary Power Exercised,TREXER,1.0
20241231,Number with Fiduciary Power Exercised,TREXER,1.0
20240930,Number with Fiduciary Power Exercised,TREXER,1.0
20240630,Number with Fiduciary Power Exercised,TREXER,1.0
20240331,Number with Fiduciary Power Exercised,TREXER,1.0
20231231,Number with Fiduciary Power Exercised,TREXER,1.0
20230930,Number with Fiduciary Power Exercised,TREXER,1.0
20230630,Number with Fiduciary Power Exercised,TREXER,1.0
20230331,Number with Fiduciary Power Exercised,TREXER,1.0
20260630,Number with Fiduciary or Related Activity,TRACT,1.0
20260331,Number with Fiduciary or Related Activity,TRACT,1.0
20251231,Number with Fiduciary or Related Activity,TRACT,1.0
20250930,Number with Fiduciary or Related Activity,TRACT,1.0
20250630,Number with Fiduciary or Related Activity,TRACT,1.0
20250331,Number with Fiduciary or Related Activity,TRACT,1.0
20241231,Number with Fiduciary or Related Activity,TRACT,1.0
20240930,Number with Fiduciary or Related Activity,TRACT,1.0
20240630,Number with Fiduciary or Related Activity,TRACT,1.0
20240331,Number with Fiduciary or Related Activity,TRACT,1.0
20231231,Number with Fiduciary or Related Activity,TRACT,1.0
20230930,Number with Fiduciary or Related Activity,TRACT,1.0
20230630,Number with Fiduciary or Related Activity,TRACT,1.0
20230331,Number with Fiduciary or Related Activity,TRACT,1.0
20260630,Number of Fiduciary Accounts and Related Asset Accounts,NFAA,224979.0
20260331,Number of Fiduciary Accounts and Related Asset Accounts,NFAA,218274.0
20251231,Number of Fiduciary Accounts and Related Asset Accounts,NFAA,210825.0
20250930,Number of Fiduciary Accounts and Related Asset Accounts,NFAA,205202.0
20250630,Number of Fiduciary Accounts and Related Asset Accounts,NFAA,201354.0
20250331,Number of Fiduciary Accounts and Related Asset Accounts,NFAA,194938.0
20241231,Number of Fiduciary Accounts and Related Asset Accounts,NFAA,190080.0
20240930,Number of Fiduciary Accounts and Related Asset Accounts,NFAA,186946.0
20240630,Number of Fiduciary Accounts and Related Asset Accounts,NFAA,183173.0
20240331,Number of Fiduciary Accounts and Related Asset Accounts,NFAA,179098.0
20231231,Number of Fiduciary Accounts and Related Asset Accounts,NFAA,175606.0
20230930,Number of Fiduciary Accounts and Related Asset Accounts,NFAA,173373.0
20230630,Number of Fiduciary Accounts and Related Asset Accounts,NFAA,170050.0
20230331,Number of Fiduciary Accounts and Related Asset Accounts,NFAA,164605.0
20260630,Number of Managed Accounts,TTNANUM,165668.0
20260331,Number of Managed Accounts,TTNANUM,160717.0
20251231,Number of Managed Accounts,TTNANUM,155179.0
20250930,Number of Managed Accounts,TTNANUM,151111.0
20250630,Number of Managed Accounts,TTNANUM,148376.0
20250331,Number of Managed Accounts,TTNANUM,143305.0
20241231,Number of Managed Accounts,TTNANUM,139679.0
20240930,Number of Managed Accounts,TTNANUM,136988.0
20240630,Number of Managed Accounts,TTNANUM,133806.0
20240331,Number of Managed Accounts,TTNANUM,130693.0
20231231,Number of Managed Accounts,TTNANUM,127570.0
20230930,Number of Managed Accounts,TTNANUM,125937.0
20230630,Number of Managed Accounts,TTNANUM,123691.0
20230331,Number of Managed Accounts,TTNANUM,120141.0
20260630,"Personal Trust and Agency, Number of Managed Accounts",TPMANUM,10802.0
20260331,"Personal Trust and Agency, Number of Managed Accounts",TPMANUM,10974.0
20251231,"Personal Trust and Agency, Number of Managed Accounts",TPMANUM,11015.0
20250930,"Personal Trust and Agency, Number of Managed Accounts",TPMANUM,11058.0
20250630,"Personal Trust and Agency, Number of Managed Accounts",TPMANUM,11224.0
20250331,"Personal Trust and Agency, Number of Managed Accounts",TPMANUM,11455.0
20241231,"Personal Trust and Agency, Number of Managed Accounts",TPMANUM,11665.0
20240930,"Personal Trust and Agency, Number of Managed Accounts",TPMANUM,12023.0
20240630,"Personal Trust and Agency, Number of Managed Accounts",TPMANUM,12127.0
20240331,"Personal Trust and Agency, Number of Managed Accounts",TPMANUM,12503.0
20231231,"Personal Trust and Agency, Number of Managed Accounts",TPMANUM,12657.0
20230930,"Personal Trust and Agency, Number of Managed Accounts",TPMANUM,12913.0
20230630,"Personal Trust and Agency, Number of Managed Accounts",TPMANUM,13076.0
20230331,"Personal Trust and Agency, Number of Managed Accounts",TPMANUM,12224.0
20260630,"Employee Benefit-Defined Contribution, Number of  Managed Accounts",TECMANUM,39.0
20260331,"Employee Benefit-Defined Contribution, Number of  Managed Accounts",TECMANUM,40.0
20251231,"Employee Benefit-Defined Contribution, Number of  Managed Accounts",TECMANUM,40.0
20250930,"Employee Benefit-Defined Contribution, Number of  Managed Accounts",TECMANUM,42.0
20250630,"Employee Benefit-Defined Contribution, Number of  Managed Accounts",TECMANUM,42.0
20250331,"Employee Benefit-Defined Contribution, Number of  Managed Accounts",TECMANUM,44.0
20241231,"Employee Benefit-Defined Contribution, Number of  Managed Accounts",TECMANUM,58.0
20240930,"Employee Benefit-Defined Contribution, Number of  Managed Accounts",TECMANUM,64.0
20240630,"Employee Benefit-Defined Contribution, Number of  Managed Accounts",TECMANUM,61.0
20240331,"Employee Benefit-Defined Contribution, Number of  Managed Accounts",TECMANUM,64.0
20231231,"Employee Benefit-Defined Contribution, Number of  Managed Accounts",TECMANUM,59.0
20230930,"Employee Benefit-Defined Contribution, Number of  Managed Accounts",TECMANUM,63.0
20230630,"Employee Benefit-Defined Contribution, Number of  Managed Accounts",TECMANUM,64.0
20230331,"Employee Benefit-Defined Contribution, Number of  Managed Accounts",TECMANUM,62.0
20260630,"Employee Benefit-Defined Benefit, Number of Managed Accounts",TEBMANUM,26.0
20260331,"Employee Benefit-Defined Benefit, Number of Managed Accounts",TEBMANUM,27.0
20251231,"Employee Benefit-Defined Benefit, Number of Managed Accounts",TEBMANUM,26.0
20250930,"Employee Benefit-Defined Benefit, Number of Managed Accounts",TEBMANUM,26.0
20250630,"Employee Benefit-Defined Benefit, Number of Managed Accounts",TEBMANUM,25.0
20250331,"Employee Benefit-Defined Benefit, Number of Managed Accounts",TEBMANUM,25.0
20241231,"Employee Benefit-Defined Benefit, Number of Managed Accounts",TEBMANUM,31.0
20240930,"Employee Benefit-Defined Benefit, Number of Managed Accounts",TEBMANUM,31.0
20240630,"Employee Benefit-Defined Benefit, Number of Managed Accounts",TEBMANUM,33.0
20240331,"Employee Benefit-Defined Benefit, Number of Managed Accounts",TEBMANUM,33.0
20231231,"Employee Benefit-Defined Benefit, Number of Managed Accounts",TEBMANUM,34.0
20230930,"Employee Benefit-Defined Benefit, Number of Managed Accounts",TEBMANUM,37.0
20230630,"Employee Benefit-Defined Benefit, Number of Managed Accounts",TEBMANUM,36.0
20230331,"Employee Benefit-Defined Benefit, Number of Managed Accounts",TEBMANUM,39.0
20260630,"Other Employee Benefit and Retirement-Related, Number of Managed Accounts",TORMANUM,22939.0
20260331,"Other Employee Benefit and Retirement-Related, Number of Managed Accounts",TORMANUM,21989.0
20251231,"Other Employee Benefit and Retirement-Related, Number of Managed Accounts",TORMANUM,21231.0
20250930,"Other Employee Benefit and Retirement-Related, Number of Managed Accounts",TORMANUM,20549.0
20250630,"Other Employee Benefit and Retirement-Related, Number of Managed Accounts",TORMANUM,19920.0
20250331,"Other Employee Benefit and Retirement-Related, Number of Managed Accounts",TORMANUM,19135.0
20241231,"Other Employee Benefit and Retirement-Related, Number of Managed Accounts",TORMANUM,18449.0
20240930,"Other Employee Benefit and Retirement-Related, Number of Managed Accounts",TORMANUM,17823.0
20240630,"Other Employee Benefit and Retirement-Related, Number of Managed Accounts",TORMANUM,17115.0
20240331,"Other Employee Benefit and Retirement-Related, Number of Managed Accounts",TORMANUM,16332.0
20231231,"Other Employee Benefit and Retirement-Related, Number of Managed Accounts",TORMANUM,15512.0
20230930,"Other Employee Benefit and Retirement-Related, Number of Managed Accounts",TORMANUM,15036.0
20230630,"Other Employee Benefit and Retirement-Related, Number of Managed Accounts",TORMANUM,14383.0
20230331,"Other Employee Benefit and Retirement-Related, Number of Managed Accounts",TORMANUM,14010.0
20260630,"Corporate Trust and Agency, Number of Managed Accounts",TCAMANUM,0.0
20260331,"Corporate Trust and Agency, Number of Managed Accounts",TCAMANUM,0.0
20251231,"Corporate Trust and Agency, Number of Managed Accounts",TCAMANUM,0.0
20250930,"Corporate Trust and Agency, Number of Managed Accounts",TCAMANUM,0.0
20250630,"Corporate Trust and Agency, Number of Managed Accounts",TCAMANUM,0.0
20250331,"Corporate Trust and Agency, Number of Managed Accounts",TCAMANUM,0.0
20241231,"Corporate Trust and Agency, Number of Managed Accounts",TCAMANUM,0.0
20240930,"Corporate Trust and Agency, Number of Managed Accounts",TCAMANUM,0.0
20240630,"Corporate Trust and Agency, Number of Managed Accounts",TCAMANUM,0.0
20240331,"Corporate Trust and Agency, Number of Managed Accounts",TCAMANUM,0.0
20231231,"Corporate Trust and Agency, Number of Managed Accounts",TCAMANUM,0.0
20230930,"Corporate Trust and Agency, Number of Managed Accounts",TCAMANUM,0.0
20230630,"Corporate Trust and Agency, Number of Managed Accounts",TCAMANUM,0.0
20230331,"Corporate Trust and Agency, Number of Managed Accounts",TCAMANUM,0.0
20260630,"Investment Management & Investment Advisory Agency, Number of Managed Accounts",TIMMANUM,126581.0
20260331,"Investment Management & Investment Advisory Agency, Number of Managed Accounts",TIMMANUM,122515.0
20251231,"Investment Management & Investment Advisory Agency, Number of Managed Accounts",TIMMANUM,117779.0
20250930,"Investment Management & Investment Advisory Agency, Number of Managed Accounts",TIMMANUM,114424.0
20250630,"Investment Management & Investment Advisory Agency, Number of Managed Accounts",TIMMANUM,112211.0
20250331,"Investment Management & Investment Advisory Agency, Number of Managed Accounts",TIMMANUM,107832.0
20241231,"Investment Management & Investment Advisory Agency, Number of Managed Accounts",TIMMANUM,104740.0
20240930,"Investment Management & Investment Advisory Agency, Number of Managed Accounts",TIMMANUM,102392.0
20240630,"Investment Management & Investment Advisory Agency, Number of Managed Accounts",TIMMANUM,99920.0
20240331,"Investment Management & Investment Advisory Agency, Number of Managed Accounts",TIMMANUM,97331.0
20231231,"Investment Management & Investment Advisory Agency, Number of Managed Accounts",TIMMANUM,94950.0
20230930,"Investment Management & Investment Advisory Agency, Number of Managed Accounts",TIMMANUM,93558.0
20230630,"Investment Management & Investment Advisory Agency, Number of Managed Accounts",TIMMANUM,91817.0
20230331,"Investment Management & Investment Advisory Agency, Number of Managed Accounts",TIMMANUM,89551.0
20260630,"Foundation and Endowment Trust and Agency, Number of  Managed Accounts",TFEMANUM,5281.0
20260331,"Foundation and Endowment Trust and Agency, Number of  Managed Accounts",TFEMANUM,5171.0
20251231,"Foundation and Endowment Trust and Agency, Number of  Managed Accounts",TFEMANUM,5087.0
20250930,"Foundation and Endowment Trust and Agency, Number of  Managed Accounts",TFEMANUM,5011.0
20250630,"Foundation and Endowment Trust and Agency, Number of  Managed Accounts",TFEMANUM,4952.0
20250331,"Foundation and Endowment Trust and Agency, Number of  Managed Accounts",TFEMANUM,4812.0
20241231,"Foundation and Endowment Trust and Agency, Number of  Managed Accounts",TFEMANUM,4734.0
20240930,"Foundation and Endowment Trust and Agency, Number of  Managed Accounts",TFEMANUM,4653.0
20240630,"Foundation and Endowment Trust and Agency, Number of  Managed Accounts",TFEMANUM,4548.0
20240331,"Foundation and Endowment Trust and Agency, Number of  Managed Accounts",TFEMANUM,4428.0
20231231,"Foundation and Endowment Trust and Agency, Number of  Managed Accounts",TFEMANUM,4356.0
20230930,"Foundation and Endowment Trust and Agency, Number of  Managed Accounts",TFEMANUM,4328.0
20230630,"Foundation and Endowment Trust and Agency, Number of  Managed Accounts",TFEMANUM,4313.0
20230331,"Foundation and Endowment Trust and Agency, Number of  Managed Accounts",TFEMANUM,4253.0
20260630,"Other Fiduciary, Number of  Managed Accounts",TOFMANUM,0.0
20260331,"Other Fiduciary, Number of  Managed Accounts",TOFMANUM,1.0
20251231,"Other Fiduciary, Number of  Managed Accounts",TOFMANUM,1.0
20250930,"Other Fiduciary, Number of  Managed Accounts",TOFMANUM,1.0
20250630,"Other Fiduciary, Number of  Managed Accounts",TOFMANUM,2.0
20250331,"Other Fiduciary, Number of  Managed Accounts",TOFMANUM,2.0
20241231,"Other Fiduciary, Number of  Managed Accounts",TOFMANUM,2.0
20240930,"Other Fiduciary, Number of  Managed Accounts",TOFMANUM,2.0
20240630,"Other Fiduciary, Number of  Managed Accounts",TOFMANUM,2.0
20240331,"Other Fiduciary, Number of  Managed Accounts",TOFMANUM,2.0
20231231,"Other Fiduciary, Number of  Managed Accounts",TOFMANUM,2.0
20230930,"Other Fiduciary, Number of  Managed Accounts",TOFMANUM,2.0
20230630,"Other Fiduciary, Number of  Managed Accounts",TOFMANUM,2.0
20230331,"Other Fiduciary, Number of  Managed Accounts",TOFMANUM,2.0
20260630,Memo: Number of Managed Fiduciary Accounts Held in Foreign Offices,TMAFNUM,11050.0
20260331,Memo: Number of Managed Fiduciary Accounts Held in Foreign Offices,TMAFNUM,10840.0
20251231,Memo: Number of Managed Fiduciary Accounts Held in Foreign Offices,TMAFNUM,10525.0
20250930,Memo: Number of Managed Fiduciary Accounts Held in Foreign Offices,TMAFNUM,10598.0
20250630,Memo: Number of Managed Fiduciary Accounts Held in Foreign Offices,TMAFNUM,10637.0
20250331,Memo: Number of Managed Fiduciary Accounts Held in Foreign Offices,TMAFNUM,10647.0
20241231,Memo: Number of Managed Fiduciary Accounts Held in Foreign Offices,TMAFNUM,10476.0
20240930,Memo: Number of Managed Fiduciary Accounts Held in Foreign Offices,TMAFNUM,10555.0
20240630,Memo: Number of Managed Fiduciary Accounts Held in Foreign Offices,TMAFNUM,10856.0
20240331,Memo: Number of Managed Fiduciary Accounts Held in Foreign Offices,TMAFNUM,10937.0
20231231,Memo: Number of Managed Fiduciary Accounts Held in Foreign Offices,TMAFNUM,11003.0
20230930,Memo: Number of Managed Fiduciary Accounts Held in Foreign Offices,TMAFNUM,10922.0
20230630,Memo: Number of Managed Fiduciary Accounts Held in Foreign Offices,TMAFNUM,10979.0
20230331,Memo: Number of Managed Fiduciary Accounts Held in Foreign Offices,TMAFNUM,10900.0
20260630,"Memo: Number of Managed Individual Retirement, Health Savings, and Similar Accounts",TRHMANUM,22918.0
20260331,"Memo: Number of Managed Individual Retirement, Health Savings, and Similar Accounts",TRHMANUM,21967.0
20251231,"Memo: Number of Managed Individual Retirement, Health Savings, and Similar Accounts",TRHMANUM,21209.0
20250930,"Memo: Number of Managed Individual Retirement, Health Savings, and Similar Accounts",TRHMANUM,20525.0
20250630,"Memo: Number of Managed Individual Retirement, Health Savings, and Similar Accounts",TRHMANUM,19898.0
20250331,"Memo: Number of Managed Individual Retirement, Health Savings, and Similar Accounts",TRHMANUM,19113.0
20241231,"Memo: Number of Managed Individual Retirement, Health Savings, and Similar Accounts",TRHMANUM,18425.0
20240930,"Memo: Number of Managed Individual Retirement, Health Savings, and Similar Accounts",TRHMANUM,17799.0
20240630,"Memo: Number of Managed Individual Retirement, Health Savings, and Similar Accounts",TRHMANUM,17090.0
20240331,"Memo: Number of Managed Individual Retirement, Health Savings, and Similar Accounts",TRHMANUM,16308.0
20231231,"Memo: Number of Managed Individual Retirement, Health Savings, and Similar Accounts",TRHMANUM,15487.0
20230930,"Memo: Number of Managed Individual Retirement, Health Savings, and Similar Accounts",TRHMANUM,15011.0
20230630,"Memo: Number of Managed Individual Retirement, Health Savings, and Similar Accounts",TRHMANUM,14358.0
20230331,"Memo: Number of Managed Individual Retirement, Health Savings, and Similar Accounts",TRHMANUM,13982.0
20260630,Memo: Number of Investments of Fiduciary Accounts in Advised or Sponsored Mutual Funds,TMASMFN,
20260331,Memo: Number of Investments of Fiduciary Accounts in Advised or Sponsored Mutual Funds,TMASMFN,
20251231,Memo: Number of Investments of Fiduciary Accounts in Advised or Sponsored Mutual Funds,TMASMFN,88184.0
20250930,Memo: Number of Investments of Fiduciary Accounts in Advised or Sponsored Mutual Funds,TMASMFN,
20250630,Memo: Number of Investments of Fiduciary Accounts in Advised or Sponsored Mutual Funds,TMASMFN,
20250331,Memo: Number of Investments of Fiduciary Accounts in Advised or Sponsored Mutual Funds,TMASMFN,
20241231,Memo: Number of Investments of Fiduciary Accounts in Advised or Sponsored Mutual Funds,TMASMFN,68151.0
20240930,Memo: Number of Investments of Fiduciary Accounts in Advised or Sponsored Mutual Funds,TMASMFN,
20240630,Memo: Number of Investments of Fiduciary Accounts in Advised or Sponsored Mutual Funds,TMASMFN,
20240331,Memo: Number of Investments of Fiduciary Accounts in Advised or Sponsored Mutual Funds,TMASMFN,
20231231,Memo: Number of Investments of Fiduciary Accounts in Advised or Sponsored Mutual Funds,TMASMFN,63935.0
20230930,Memo: Number of Investments of Fiduciary Accounts in Advised or Sponsored Mutual Funds,TMASMFN,
20230630,Memo: Number of Investments of Fiduciary Accounts in Advised or Sponsored Mutual Funds,TMASMFN,
20230331,Memo: Number of Investments of Fiduciary Accounts in Advised or Sponsored Mutual Funds,TMASMFN,
20260630,Number of Non-Managed Accounts,TTNMNUM,59311.0
20260331,Number of Non-Managed Accounts,TTNMNUM,57557.0
20251231,Number of Non-Managed Accounts,TTNMNUM,55646.0
20250930,Number of Non-Managed Accounts,TTNMNUM,54091.0
20250630,Number of Non-Managed Accounts,TTNMNUM,52978.0
20250331,Number of Non-Managed Accounts,TTNMNUM,51633.0
20241231,Number of Non-Managed Accounts,TTNMNUM,50401.0
20240930,Number of Non-Managed Accounts,TTNMNUM,49958.0
20240630,Number of Non-Managed Accounts,TTNMNUM,49367.0
20240331,Number of Non-Managed Accounts,TTNMNUM,48405.0
20231231,Number of Non-Managed Accounts,TTNMNUM,48036.0
20230930,Number of Non-Managed Accounts,TTNMNUM,47436.0
20230630,Number of Non-Managed Accounts,TTNMNUM,46359.0
20230331,Number of Non-Managed Accounts,TTNMNUM,44464.0
20260630,"Personal Trust and Agency, Number of Non-Managed Accounts",TPNMNUM,546.0
20260331,"Personal Trust and Agency, Number of Non-Managed Accounts",TPNMNUM,521.0
20251231,"Personal Trust and Agency, Number of Non-Managed Accounts",TPNMNUM,530.0
20250930,"Personal Trust and Agency, Number of Non-Managed Accounts",TPNMNUM,500.0
20250630,"Personal Trust and Agency, Number of Non-Managed Accounts",TPNMNUM,515.0
20250331,"Personal Trust and Agency, Number of Non-Managed Accounts",TPNMNUM,517.0
20241231,"Personal Trust and Agency, Number of Non-Managed Accounts",TPNMNUM,518.0
20240930,"Personal Trust and Agency, Number of Non-Managed Accounts",TPNMNUM,1263.0
20240630,"Personal Trust and Agency, Number of Non-Managed Accounts",TPNMNUM,1327.0
20240331,"Personal Trust and Agency, Number of Non-Managed Accounts",TPNMNUM,1365.0
20231231,"Personal Trust and Agency, Number of Non-Managed Accounts",TPNMNUM,1431.0
20230930,"Personal Trust and Agency, Number of Non-Managed Accounts",TPNMNUM,1586.0
20230630,"Personal Trust and Agency, Number of Non-Managed Accounts",TPNMNUM,1635.0
20230331,"Personal Trust and Agency, Number of Non-Managed Accounts",TPNMNUM,584.0
20260630,"Employee Benefit-Defined Contribution, Number of Non-Managed Accounts",TECNMNUM,966.0
20260331,"Employee Benefit-Defined Contribution, Number of Non-Managed Accounts",TECNMNUM,943.0
20251231,"Employee Benefit-Defined Contribution, Number of Non-Managed Accounts",TECNMNUM,923.0
20250930,"Employee Benefit-Defined Contribution, Number of Non-Managed Accounts",TECNMNUM,906.0
20250630,"Employee Benefit-Defined Contribution, Number of Non-Managed Accounts",TECNMNUM,873.0
20250331,"Employee Benefit-Defined Contribution, Number of Non-Managed Accounts",TECNMNUM,855.0
20241231,"Employee Benefit-Defined Contribution, Number of Non-Managed Accounts",TECNMNUM,839.0
20240930,"Employee Benefit-Defined Contribution, Number of Non-Managed Accounts",TECNMNUM,812.0
20240630,"Employee Benefit-Defined Contribution, Number of Non-Managed Accounts",TECNMNUM,820.0
20240331,"Employee Benefit-Defined Contribution, Number of Non-Managed Accounts",TECNMNUM,798.0
20231231,"Employee Benefit-Defined Contribution, Number of Non-Managed Accounts",TECNMNUM,772.0
20230930,"Employee Benefit-Defined Contribution, Number of Non-Managed Accounts",TECNMNUM,766.0
20230630,"Employee Benefit-Defined Contribution, Number of Non-Managed Accounts",TECNMNUM,465.0
20230331,"Employee Benefit-Defined Contribution, Number of Non-Managed Accounts",TECNMNUM,459.0
20260630,"Employee Benefit-Defined Benefit, Number of Non-Managed Accounts",TEBNMNUM,692.0
20260331,"Employee Benefit-Defined Benefit, Number of Non-Managed Accounts",TEBNMNUM,693.0
20251231,"Employee Benefit-Defined Benefit, Number of Non-Managed Accounts",TEBNMNUM,696.0
20250930,"Employee Benefit-Defined Benefit, Number of Non-Managed Accounts",TEBNMNUM,701.0
20250630,"Employee Benefit-Defined Benefit, Number of Non-Managed Accounts",TEBNMNUM,699.0
20250331,"Employee Benefit-Defined Benefit, Number of Non-Managed Accounts",TEBNMNUM,706.0
20241231,"Employee Benefit-Defined Benefit, Number of Non-Managed Accounts",TEBNMNUM,705.0
20240930,"Employee Benefit-Defined Benefit, Number of Non-Managed Accounts",TEBNMNUM,710.0
20240630,"Employee Benefit-Defined Benefit, Number of Non-Managed Accounts",TEBNMNUM,705.0
20240331,"Employee Benefit-Defined Benefit, Number of Non-Managed Accounts",TEBNMNUM,703.0
20231231,"Employee Benefit-Defined Benefit, Number of Non-Managed Accounts",TEBNMNUM,712.0
20230930,"Employee Benefit-Defined Benefit, Number of Non-Managed Accounts",TEBNMNUM,714.0
20230630,"Employee Benefit-Defined Benefit, Number of Non-Managed Accounts",TEBNMNUM,719.0
20230331,"Employee Benefit-Defined Benefit, Number of Non-Managed Accounts",TEBNMNUM,722.0
20260630,"Other Employee Benefit and Retirement-Related, Number of Non-Managed Accounts",TORNMNUM,161.0
20260331,"Other Employee Benefit and Retirement-Related, Number of Non-Managed Accounts",TORNMNUM,164.0
20251231,"Other Employee Benefit and Retirement-Related, Number of Non-Managed Accounts",TORNMNUM,169.0
20250930,"Other Employee Benefit and Retirement-Related, Number of Non-Managed Accounts",TORNMNUM,177.0
20250630,"Other Employee Benefit and Retirement-Related, Number of Non-Managed Accounts",TORNMNUM,155.0
20250331,"Other Employee Benefit and Retirement-Related, Number of Non-Managed Accounts",TORNMNUM,156.0
20241231,"Other Employee Benefit and Retirement-Related, Number of Non-Managed Accounts",TORNMNUM,169.0
20240930,"Other Employee Benefit and Retirement-Related, Number of Non-Managed Accounts",TORNMNUM,176.0
20240630,"Other Employee Benefit and Retirement-Related, Number of Non-Managed Accounts",TORNMNUM,186.0
20240331,"Other Employee Benefit and Retirement-Related, Number of Non-Managed Accounts",TORNMNUM,193.0
20231231,"Other Employee Benefit and Retirement-Related, Number of Non-Managed Accounts",TORNMNUM,201.0
20230930,"Other Employee Benefit and Retirement-Related, Number of Non-Managed Accounts",TORNMNUM,211.0
20230630,"Other Employee Benefit and Retirement-Related, Number of Non-Managed Accounts",TORNMNUM,212.0
20230331,"Other Employee Benefit and Retirement-Related, Number of Non-Managed Accounts",TORNMNUM,178.0
20260630,"Corporate Trust and Agency, Number of Non-Managed Accounts",TCANMNUM,1681.0
20260331,"Corporate Trust and Agency, Number of Non-Managed Accounts",TCANMNUM,1670.0
20251231,"Corporate Trust and Agency, Number of Non-Managed Accounts",TCANMNUM,1707.0
20250930,"Corporate Trust and Agency, Number of Non-Managed Accounts",TCANMNUM,1695.0
20250630,"Corporate Trust and Agency, Number of Non-Managed Accounts",TCANMNUM,1657.0
20250331,"Corporate Trust and Agency, Number of Non-Managed Accounts",TCANMNUM,1673.0
20241231,"Corporate Trust and Agency, Number of Non-Managed Accounts",TCANMNUM,1654.0
20240930,"Corporate Trust and Agency, Number of Non-Managed Accounts",TCANMNUM,1658.0
20240630,"Corporate Trust and Agency, Number of Non-Managed Accounts",TCANMNUM,1659.0
20240331,"Corporate Trust and Agency, Number of Non-Managed Accounts",TCANMNUM,1659.0
20231231,"Corporate Trust and Agency, Number of Non-Managed Accounts",TCANMNUM,1685.0
20230930,"Corporate Trust and Agency, Number of Non-Managed Accounts",TCANMNUM,1640.0
20230630,"Corporate Trust and Agency, Number of Non-Managed Accounts",TCANMNUM,1630.0
20230331,"Corporate Trust and Agency, Number of Non-Managed Accounts",TCANMNUM,1610.0
20260630,"Investment Management and Advisory Agency, Number of Non-Managed Accounts",TIMNMNUM,54594.0
20260331,"Investment Management and Advisory Agency, Number of Non-Managed Accounts",TIMNMNUM,52916.0
20251231,"Investment Management and Advisory Agency, Number of Non-Managed Accounts",TIMNMNUM,50972.0
20250930,"Investment Management and Advisory Agency, Number of Non-Managed Accounts",TIMNMNUM,49466.0
20250630,"Investment Management and Advisory Agency, Number of Non-Managed Accounts",TIMNMNUM,48382.0
20250331,"Investment Management and Advisory Agency, Number of Non-Managed Accounts",TIMNMNUM,47034.0
20241231,"Investment Management and Advisory Agency, Number of Non-Managed Accounts",TIMNMNUM,45825.0
20240930,"Investment Management and Advisory Agency, Number of Non-Managed Accounts",TIMNMNUM,44651.0
20240630,"Investment Management and Advisory Agency, Number of Non-Managed Accounts",TIMNMNUM,43970.0
20240331,"Investment Management and Advisory Agency, Number of Non-Managed Accounts",TIMNMNUM,43004.0
20231231,"Investment Management and Advisory Agency, Number of Non-Managed Accounts",TIMNMNUM,42554.0
20230930,"Investment Management and Advisory Agency, Number of Non-Managed Accounts",TIMNMNUM,41840.0
20230630,"Investment Management and Advisory Agency, Number of Non-Managed Accounts",TIMNMNUM,41023.0
20230331,"Investment Management and Advisory Agency, Number of Non-Managed Accounts",TIMNMNUM,40224.0
20260630,"Foundation and Endowment Trust and Agency, Number of Non-Managed Accounts",TFENMNUM,281.0
20260331,"Foundation and Endowment Trust and Agency, Number of Non-Managed Accounts",TFENMNUM,264.0
20251231,"Foundation and Endowment Trust and Agency, Number of Non-Managed Accounts",TFENMNUM,257.0
20250930,"Foundation and Endowment Trust and Agency, Number of Non-Managed Accounts",TFENMNUM,259.0
20250630,"Foundation and Endowment Trust and Agency, Number of Non-Managed Accounts",TFENMNUM,261.0
20250331,"Foundation and Endowment Trust and Agency, Number of Non-Managed Accounts",TFENMNUM,256.0
20241231,"Foundation and Endowment Trust and Agency, Number of Non-Managed Accounts",TFENMNUM,255.0
20240930,"Foundation and Endowment Trust and Agency, Number of Non-Managed Accounts",TFENMNUM,252.0
20240630,"Foundation and Endowment Trust and Agency, Number of Non-Managed Accounts",TFENMNUM,259.0
20240331,"Foundation and Endowment Trust and Agency, Number of Non-Managed Accounts",TFENMNUM,248.0
20231231,"Foundation and Endowment Trust and Agency, Number of Non-Managed Accounts",TFENMNUM,242.0
20230930,"Foundation and Endowment Trust and Agency, Number of Non-Managed Accounts",TFENMNUM,241.0
20230630,"Foundation and Endowment Trust and Agency, Number of Non-Managed Accounts",TFENMNUM,236.0
20230331,"Foundation and Endowment Trust and Agency, Number of Non-Managed Accounts",TFENMNUM,226.0
20260630,"Other Fiduciary, Number of Non-Managed Accounts",TOFNMNUM,390.0
20260331,"Other Fiduciary, Number of Non-Managed Accounts",TOFNMNUM,386.0
20251231,"Other Fiduciary, Number of Non-Managed Accounts",TOFNMNUM,392.0
20250930,"Other Fiduciary, Number of Non-Managed Accounts",TOFNMNUM,387.0
20250630,"Other Fiduciary, Number of Non-Managed Accounts",TOFNMNUM,436.0
20250331,"Other Fiduciary, Number of Non-Managed Accounts",TOFNMNUM,436.0
20241231,"Other Fiduciary, Number of Non-Managed Accounts",TOFNMNUM,436.0
20240930,"Other Fiduciary, Number of Non-Managed Accounts",TOFNMNUM,436.0
20240630,"Other Fiduciary, Number of Non-Managed Accounts",TOFNMNUM,441.0
20240331,"Other Fiduciary, Number of Non-Managed Accounts",TOFNMNUM,435.0
20231231,"Other Fiduciary, Number of Non-Managed Accounts",TOFNMNUM,439.0
20230930,"Other Fiduciary, Number of Non-Managed Accounts",TOFNMNUM,438.0
20230630,"Other Fiduciary, Number of Non-Managed Accounts",TOFNMNUM,439.0
20230331,"Other Fiduciary, Number of Non-Managed Accounts",TOFNMNUM,461.0
20260630,Memo: Number of Non-Managed Custody and Safekeeping Accounts,TCSNMNUM,416959.0
20260331,Memo: Number of Non-Managed Custody and Safekeeping Accounts,TCSNMNUM,404002.0
20251231,Memo: Number of Non-Managed Custody and Safekeeping Accounts,TCSNMNUM,391908.0
20250930,Memo: Number of Non-Managed Custody and Safekeeping Accounts,TCSNMNUM,381320.0
20250630,Memo: Number of Non-Managed Custody and Safekeeping Accounts,TCSNMNUM,708744.0
20250331,Memo: Number of Non-Managed Custody and Safekeeping Accounts,TCSNMNUM,692593.0
20241231,Memo: Number of Non-Managed Custody and Safekeeping Accounts,TCSNMNUM,669990.0
20240930,Memo: Number of Non-Managed Custody and Safekeeping Accounts,TCSNMNUM,656698.0
20240630,Memo: Number of Non-Managed Custody and Safekeeping Accounts,TCSNMNUM,652743.0
20240331,Memo: Number of Non-Managed Custody and Safekeeping Accounts,TCSNMNUM,625154.0
20231231,Memo: Number of Non-Managed Custody and Safekeeping Accounts,TCSNMNUM,621464.0
20230930,Memo: Number of Non-Managed Custody and Safekeeping Accounts,TCSNMNUM,609342.0
20230630,Memo: Number of Non-Managed Custody and Safekeeping Accounts,TCSNMNUM,604757.0
20230331,Memo: Number of Non-Managed Custody and Safekeeping Accounts,TCSNMNUM,589150.0
20260630,Memo: Number of Non-Managed Fiduciary Accounts Held in Foreign Offices,TNMNUMF,87989.0
20260331,Memo: Number of Non-Managed Fiduciary Accounts Held in Foreign Offices,TNMNUMF,86394.0
20251231,Memo: Number of Non-Managed Fiduciary Accounts Held in Foreign Offices,TNMNUMF,84337.0
20250930,Memo: Number of Non-Managed Fiduciary Accounts Held in Foreign Offices,TNMNUMF,83082.0
20250630,Memo: Number of Non-Managed Fiduciary Accounts Held in Foreign Offices,TNMNUMF,374474.0
20250331,Memo: Number of Non-Managed Fiduciary Accounts Held in Foreign Offices,TNMNUMF,375190.0
20241231,Memo: Number of Non-Managed Fiduciary Accounts Held in Foreign Offices,TNMNUMF,367194.0
20240930,Memo: Number of Non-Managed Fiduciary Accounts Held in Foreign Offices,TNMNUMF,364552.0
20240630,Memo: Number of Non-Managed Fiduciary Accounts Held in Foreign Offices,TNMNUMF,369891.0
20240331,Memo: Number of Non-Managed Fiduciary Accounts Held in Foreign Offices,TNMNUMF,353342.0
20231231,Memo: Number of Non-Managed Fiduciary Accounts Held in Foreign Offices,TNMNUMF,355687.0
20230930,Memo: Number of Non-Managed Fiduciary Accounts Held in Foreign Offices,TNMNUMF,352670.0
20230630,Memo: Number of Non-Managed Fiduciary Accounts Held in Foreign Offices,TNMNUMF,353506.0
20230331,Memo: Number of Non-Managed Fiduciary Accounts Held in Foreign Offices,TNMNUMF,348118.0
20260630,"Memo: Number of Non-Managed Individual Retirement, Health Savings and Similar Accounts",TRHNMNUM,55925.0
20260331,"Memo: Number of Non-Managed Individual Retirement, Health Savings and Similar Accounts",TRHNMNUM,53328.0
20251231,"Memo: Number of Non-Managed Individual Retirement, Health Savings and Similar Accounts",TRHNMNUM,50845.0
20250930,"Memo: Number of Non-Managed Individual Retirement, Health Savings and Similar Accounts",TRHNMNUM,48340.0
20250630,"Memo: Number of Non-Managed Individual Retirement, Health Savings and Similar Accounts",TRHNMNUM,46574.0
20250331,"Memo: Number of Non-Managed Individual Retirement, Health Savings and Similar Accounts",TRHNMNUM,43002.0
20241231,"Memo: Number of Non-Managed Individual Retirement, Health Savings and Similar Accounts",TRHNMNUM,40501.0
20240930,"Memo: Number of Non-Managed Individual Retirement, Health Savings and Similar Accounts",TRHNMNUM,38575.0
20240630,"Memo: Number of Non-Managed Individual Retirement, Health Savings and Similar Accounts",TRHNMNUM,36713.0
20240331,"Memo: Number of Non-Managed Individual Retirement, Health Savings and Similar Accounts",TRHNMNUM,34708.0
20231231,"Memo: Number of Non-Managed Individual Retirement, Health Savings and Similar Accounts",TRHNMNUM,33042.0
20230930,"Memo: Number of Non-Managed Individual Retirement, Health Savings and Similar Accounts",TRHNMNUM,31543.0
20230630,"Memo: Number of Non-Managed Individual Retirement, Health Savings and Similar Accounts",TRHNMNUM,30355.0
20230331,"Memo: Number of Non-Managed Individual Retirement, Health Savings and Similar Accounts",TRHNMNUM,28932.0
20260630,Total Fiduciary and Related Assets,TFRA,2048835000.0
20260331,Total Fiduciary and Related Assets,TFRA,1922175000.0
20251231,Total Fiduciary and Related Assets,TFRA,1916870000.0
20250930,Total Fiduciary and Related Assets,TFRA,1882150000.0
20250630,Total Fiduciary and Related Assets,TFRA,1771948000.0
20250331,Total Fiduciary and Related Assets,TFRA,1671873000.0
20241231,Total Fiduciary and Related Assets,TFRA,1646790000.0
20240930,Total Fiduciary and Related Assets,TFRA,1664949000.0
20240630,Total Fiduciary and Related Assets,TFRA,1569701000.0
20240331,Total Fiduciary and Related Assets,TFRA,1543910000.0
20231231,Total Fiduciary and Related Assets,TFRA,1488425000.0
20230930,Total Fiduciary and Related Assets,TFRA,1402845000.0
20230630,Total Fiduciary and Related Assets,TFRA,1428177000.0
20230331,Total Fiduciary and Related Assets,TFRA,1409981000.0
20260630,Managed Assets ($),TTMA,860834000.0
20260331,Managed Assets ($),TTMA,788027000.0
20251231,Managed Assets ($),TTMA,782251000.0
20250930,Managed Assets ($),TTMA,776615000.0
20250630,Managed Assets ($),TTMA,728719000.0
20250331,Managed Assets ($),TTMA,681143000.0
20241231,Managed Assets ($),TTMA,658795000.0
20240930,Managed Assets ($),TTMA,670819000.0
20240630,Managed Assets ($),TTMA,623136000.0
20240331,Managed Assets ($),TTMA,610266000.0
20231231,Managed Assets ($),TTMA,573893000.0
20230930,Managed Assets ($),TTMA,538150000.0
20230630,Managed Assets ($),TTMA,547943000.0
20230331,Managed Assets ($),TTMA,532406000.0
20260630,"Personal Trust and Agency Accounts, Managed Assets",TPMA,47702000.0
20260331,"Personal Trust and Agency Accounts, Managed Assets",TPMA,44483000.0
20251231,"Personal Trust and Agency Accounts, Managed Assets",TPMA,45822000.0
20250930,"Personal Trust and Agency Accounts, Managed Assets",TPMA,45320000.0
20250630,"Personal Trust and Agency Accounts, Managed Assets",TPMA,43513000.0
20250331,"Personal Trust and Agency Accounts, Managed Assets",TPMA,42103000.0
20241231,"Personal Trust and Agency Accounts, Managed Assets",TPMA,43011000.0
20240930,"Personal Trust and Agency Accounts, Managed Assets",TPMA,45610000.0
20240630,"Personal Trust and Agency Accounts, Managed Assets",TPMA,44336000.0
20240331,"Personal Trust and Agency Accounts, Managed Assets",TPMA,44666000.0
20231231,"Personal Trust and Agency Accounts, Managed Assets",TPMA,44244000.0
20230930,"Personal Trust and Agency Accounts, Managed Assets",TPMA,42880000.0
20230630,"Personal Trust and Agency Accounts, Managed Assets",TPMA,44893000.0
20230331,"Personal Trust and Agency Accounts, Managed Assets",TPMA,38516000.0
20260630,"Employee Benefit-Defined Contribution Accounts, Managed Assets",TECMA,65000.0
20260331,"Employee Benefit-Defined Contribution Accounts, Managed Assets",TECMA,60000.0
20251231,"Employee Benefit-Defined Contribution Accounts, Managed Assets",TECMA,63000.0
20250930,"Employee Benefit-Defined Contribution Accounts, Managed Assets",TECMA,92000.0
20250630,"Employee Benefit-Defined Contribution Accounts, Managed Assets",TECMA,90000.0
20250331,"Employee Benefit-Defined Contribution Accounts, Managed Assets",TECMA,88000.0
20241231,"Employee Benefit-Defined Contribution Accounts, Managed Assets",TECMA,448000.0
20240930,"Employee Benefit-Defined Contribution Accounts, Managed Assets",TECMA,532000.0
20240630,"Employee Benefit-Defined Contribution Accounts, Managed Assets",TECMA,503000.0
20240331,"Employee Benefit-Defined Contribution Accounts, Managed Assets",TECMA,528000.0
20231231,"Employee Benefit-Defined Contribution Accounts, Managed Assets",TECMA,514000.0
20230930,"Employee Benefit-Defined Contribution Accounts, Managed Assets",TECMA,471000.0
20230630,"Employee Benefit-Defined Contribution Accounts, Managed Assets",TECMA,495000.0
20230331,"Employee Benefit-Defined Contribution Accounts, Managed Assets",TECMA,488000.0
20260630,"Employee Benefit-Defined Benefit Accounts, Managed Assets",TEBMA,3752000.0
20260331,"Employee Benefit-Defined Benefit Accounts, Managed Assets",TEBMA,3666000.0
20251231,"Employee Benefit-Defined Benefit Accounts, Managed Assets",TEBMA,3810000.0
20250930,"Employee Benefit-Defined Benefit Accounts, Managed Assets",TEBMA,3620000.0
20250630,"Employee Benefit-Defined Benefit Accounts, Managed Assets",TEBMA,3607000.0
20250331,"Employee Benefit-Defined Benefit Accounts, Managed Assets",TEBMA,3703000.0
20241231,"Employee Benefit-Defined Benefit Accounts, Managed Assets",TEBMA,4831000.0
20240930,"Employee Benefit-Defined Benefit Accounts, Managed Assets",TEBMA,4689000.0
20240630,"Employee Benefit-Defined Benefit Accounts, Managed Assets",TEBMA,4485000.0
20240331,"Employee Benefit-Defined Benefit Accounts, Managed Assets",TEBMA,4728000.0
20231231,"Employee Benefit-Defined Benefit Accounts, Managed Assets",TEBMA,4839000.0
20230930,"Employee Benefit-Defined Benefit Accounts, Managed Assets",TEBMA,4813000.0
20230630,"Employee Benefit-Defined Benefit Accounts, Managed Assets",TEBMA,4870000.0
20230331,"Employee Benefit-Defined Benefit Accounts, Managed Assets",TEBMA,5091000.0
20260630,"Other Employee Benefit and Retirement-Related Accounts, Managed Assets",TORMA,24754000.0
20260331,"Other Employee Benefit and Retirement-Related Accounts, Managed Assets",TORMA,21826000.0
20251231,"Other Employee Benefit and Retirement-Related Accounts, Managed Assets",TORMA,21985000.0
20250930,"Other Employee Benefit and Retirement-Related Accounts, Managed Assets",TORMA,21004000.0
20250630,"Other Employee Benefit and Retirement-Related Accounts, Managed Assets",TORMA,19460000.0
20250331,"Other Employee Benefit and Retirement-Related Accounts, Managed Assets",TORMA,17488000.0
20241231,"Other Employee Benefit and Retirement-Related Accounts, Managed Assets",TORMA,17378000.0
20240930,"Other Employee Benefit and Retirement-Related Accounts, Managed Assets",TORMA,17138000.0
20240630,"Other Employee Benefit and Retirement-Related Accounts, Managed Assets",TORMA,15996000.0
20240331,"Other Employee Benefit and Retirement-Related Accounts, Managed Assets",TORMA,15305000.0
20231231,"Other Employee Benefit and Retirement-Related Accounts, Managed Assets",TORMA,13814000.0
20230930,"Other Employee Benefit and Retirement-Related Accounts, Managed Assets",TORMA,12378000.0
20230630,"Other Employee Benefit and Retirement-Related Accounts, Managed Assets",TORMA,12349000.0
20230331,"Other Employee Benefit and Retirement-Related Accounts, Managed Assets",TORMA,11564000.0
20260630,"Corporate Trust and Agency Accounts, Managed Assets",TCAMA,0.0
20260331,"Corporate Trust and Agency Accounts, Managed Assets",TCAMA,0.0
20251231,"Corporate Trust and Agency Accounts, Managed Assets",TCAMA,0.0
20250930,"Corporate Trust and Agency Accounts, Managed Assets",TCAMA,0.0
20250630,"Corporate Trust and Agency Accounts, Managed Assets",TCAMA,0.0
20250331,"Corporate Trust and Agency Accounts, Managed Assets",TCAMA,0.0
20241231,"Corporate Trust and Agency Accounts, Managed Assets",TCAMA,0.0
20240930,"Corporate Trust and Agency Accounts, Managed Assets",TCAMA,0.0
20240630,"Corporate Trust and Agency Accounts, Managed Assets",TCAMA,0.0
20240331,"Corporate Trust and Agency Accounts, Managed Assets",TCAMA,0.0
20231231,"Corporate Trust and Agency Accounts, Managed Assets",TCAMA,0.0
20230930,"Corporate Trust and Agency Accounts, Managed Assets",TCAMA,0.0
20230630,"Corporate Trust and Agency Accounts, Managed Assets",TCAMA,0.0
20230331,"Corporate Trust and Agency Accounts, Managed Assets",TCAMA,0.0
20260630,"Investment Management  and Investment Advisory Agency Accounts, Managed Assets",TIMMA,706393000.0
20260331,"Investment Management  and Investment Advisory Agency Accounts, Managed Assets",TIMMA,647017000.0
20251231,"Investment Management  and Investment Advisory Agency Accounts, Managed Assets",TIMMA,639639000.0
20250930,"Investment Management  and Investment Advisory Agency Accounts, Managed Assets",TIMMA,637819000.0
20250630,"Investment Management  and Investment Advisory Agency Accounts, Managed Assets",TIMMA,596817000.0
20250331,"Investment Management  and Investment Advisory Agency Accounts, Managed Assets",TIMMA,556561000.0
20241231,"Investment Management  and Investment Advisory Agency Accounts, Managed Assets",TIMMA,533957000.0
20240930,"Investment Management  and Investment Advisory Agency Accounts, Managed Assets",TIMMA,545074000.0
20240630,"Investment Management  and Investment Advisory Agency Accounts, Managed Assets",TIMMA,504671000.0
20240331,"Investment Management  and Investment Advisory Agency Accounts, Managed Assets",TIMMA,493786000.0
20231231,"Investment Management  and Investment Advisory Agency Accounts, Managed Assets",TIMMA,464845000.0
20230930,"Investment Management  and Investment Advisory Agency Accounts, Managed Assets",TIMMA,435720000.0
20230630,"Investment Management  and Investment Advisory Agency Accounts, Managed Assets",TIMMA,442723000.0
20230331,"Investment Management  and Investment Advisory Agency Accounts, Managed Assets",TIMMA,435327000.0
20260630,"Foundation and Endowment Trust and Agency Accounts, Managed Assets",TFEMA,78168000.0
20260331,"Foundation and Endowment Trust and Agency Accounts, Managed Assets",TFEMA,70975000.0
20251231,"Foundation and Endowment Trust and Agency Accounts, Managed Assets",TFEMA,70932000.0
20250930,"Foundation and Endowment Trust and Agency Accounts, Managed Assets",TFEMA,68760000.0
20250630,"Foundation and Endowment Trust and Agency Accounts, Managed Assets",TFEMA,65198000.0
20250331,"Foundation and Endowment Trust and Agency Accounts, Managed Assets",TFEMA,61166000.0
20241231,"Foundation and Endowment Trust and Agency Accounts, Managed Assets",TFEMA,59136000.0
20240930,"Foundation and Endowment Trust and Agency Accounts, Managed Assets",TFEMA,57742000.0
20240630,"Foundation and Endowment Trust and Agency Accounts, Managed Assets",TFEMA,53108000.0
20240331,"Foundation and Endowment Trust and Agency Accounts, Managed Assets",TFEMA,51217000.0
20231231,"Foundation and Endowment Trust and Agency Accounts, Managed Assets",TFEMA,45601000.0
20230930,"Foundation and Endowment Trust and Agency Accounts, Managed Assets",TFEMA,41851000.0
20230630,"Foundation and Endowment Trust and Agency Accounts, Managed Assets",TFEMA,42568000.0
20230331,"Foundation and Endowment Trust and Agency Accounts, Managed Assets",TFEMA,41375000.0
20260630,"Other Fiduciary Accounts, Managed Assets",TOFMA,0.0
20260331,"Other Fiduciary Accounts, Managed Assets",TOFMA,0.0
20251231,"Other Fiduciary Accounts, Managed Assets",TOFMA,0.0
20250930,"Other Fiduciary Accounts, Managed Assets",TOFMA,0.0
20250630,"Other Fiduciary Accounts, Managed Assets",TOFMA,34000.0
20250331,"Other Fiduciary Accounts, Managed Assets",TOFMA,34000.0
20241231,"Other Fiduciary Accounts, Managed Assets",TOFMA,34000.0
20240930,"Other Fiduciary Accounts, Managed Assets",TOFMA,34000.0
20240630,"Other Fiduciary Accounts, Managed Assets",TOFMA,37000.0
20240331,"Other Fiduciary Accounts, Managed Assets",TOFMA,36000.0
20231231,"Other Fiduciary Accounts, Managed Assets",TOFMA,36000.0
20230930,"Other Fiduciary Accounts, Managed Assets",TOFMA,37000.0
20230630,"Other Fiduciary Accounts, Managed Assets",TOFMA,45000.0
20230331,"Other Fiduciary Accounts, Managed Assets",TOFMA,45000.0
20260630,"Memo:  Fiduciary Accounts Held in Foreign Offices, Managed Assets",TMAF,179693000.0
20260331,"Memo:  Fiduciary Accounts Held in Foreign Offices, Managed Assets",TMAF,165746000.0
20251231,"Memo:  Fiduciary Accounts Held in Foreign Offices, Managed Assets",TMAF,156218000.0
20250930,"Memo:  Fiduciary Accounts Held in Foreign Offices, Managed Assets",TMAF,169007000.0
20250630,"Memo:  Fiduciary Accounts Held in Foreign Offices, Managed Assets",TMAF,154231000.0
20250331,"Memo:  Fiduciary Accounts Held in Foreign Offices, Managed Assets",TMAF,143784000.0
20241231,"Memo:  Fiduciary Accounts Held in Foreign Offices, Managed Assets",TMAF,131568000.0
20240930,"Memo:  Fiduciary Accounts Held in Foreign Offices, Managed Assets",TMAF,138830000.0
20240630,"Memo:  Fiduciary Accounts Held in Foreign Offices, Managed Assets",TMAF,130081000.0
20240331,"Memo:  Fiduciary Accounts Held in Foreign Offices, Managed Assets",TMAF,128945000.0
20231231,"Memo:  Fiduciary Accounts Held in Foreign Offices, Managed Assets",TMAF,122533000.0
20230930,"Memo:  Fiduciary Accounts Held in Foreign Offices, Managed Assets",TMAF,123943000.0
20230630,"Memo:  Fiduciary Accounts Held in Foreign Offices, Managed Assets",TMAF,129555000.0
20230331,"Memo:  Fiduciary Accounts Held in Foreign Offices, Managed Assets",TMAF,134891000.0
20260630,"Memo: Individual Retirement, Health Savings and Similar Accounts, Managed Assets",TRHMA,24619000.0
20260331,"Memo: Individual Retirement, Health Savings and Similar Accounts, Managed Assets",TRHMA,21699000.0
20251231,"Memo: Individual Retirement, Health Savings and Similar Accounts, Managed Assets",TRHMA,21856000.0
20250930,"Memo: Individual Retirement, Health Savings and Similar Accounts, Managed Assets",TRHMA,20871000.0
20250630,"Memo: Individual Retirement, Health Savings and Similar Accounts, Managed Assets",TRHMA,19364000.0
20250331,"Memo: Individual Retirement, Health Savings and Similar Accounts, Managed Assets",TRHMA,17399000.0
20241231,"Memo: Individual Retirement, Health Savings and Similar Accounts, Managed Assets",TRHMA,17286000.0
20240930,"Memo: Individual Retirement, Health Savings and Similar Accounts, Managed Assets",TRHMA,17044000.0
20240630,"Memo: Individual Retirement, Health Savings and Similar Accounts, Managed Assets",TRHMA,15904000.0
20240331,"Memo: Individual Retirement, Health Savings and Similar Accounts, Managed Assets",TRHMA,15205000.0
20231231,"Memo: Individual Retirement, Health Savings and Similar Accounts, Managed Assets",TRHMA,13718000.0
20230930,"Memo: Individual Retirement, Health Savings and Similar Accounts, Managed Assets",TRHMA,12289000.0
20230630,"Memo: Individual Retirement, Health Savings and Similar Accounts, Managed Assets",TRHMA,12251000.0
20230331,"Memo: Individual Retirement, Health Savings and Similar Accounts, Managed Assets",TRHMA,11471000.0
20260630,"Memo: Investments of Fiduciary Accounts in Advised or Sponsored Mutual Funds, Managed Assets (Dec. Only)",TMASMF,
20260331,"Memo: Investments of Fiduciary Accounts in Advised or Sponsored Mutual Funds, Managed Assets (Dec. Only)",TMASMF,
20251231,"Memo: Investments of Fiduciary Accounts in Advised or Sponsored Mutual Funds, Managed Assets (Dec. Only)",TMASMF,130770000.0
20250930,"Memo: Investments of Fiduciary Accounts in Advised or Sponsored Mutual Funds, Managed Assets (Dec. Only)",TMASMF,
20250630,"Memo: Investments of Fiduciary Accounts in Advised or Sponsored Mutual Funds, Managed Assets (Dec. Only)",TMASMF,
20250331,"Memo: Investments of Fiduciary Accounts in Advised or Sponsored Mutual Funds, Managed Assets (Dec. Only)",TMASMF,
20241231,"Memo: Investments of Fiduciary Accounts in Advised or Sponsored Mutual Funds, Managed Assets (Dec. Only)",TMASMF,88246000.0
20240930,"Memo: Investments of Fiduciary Accounts in Advised or Sponsored Mutual Funds, Managed Assets (Dec. Only)",TMASMF,
20240630,"Memo: Investments of Fiduciary Accounts in Advised or Sponsored Mutual Funds, Managed Assets (Dec. Only)",TMASMF,
20240331,"Memo: Investments of Fiduciary Accounts in Advised or Sponsored Mutual Funds, Managed Assets (Dec. Only)",TMASMF,
20231231,"Memo: Investments of Fiduciary Accounts in Advised or Sponsored Mutual Funds, Managed Assets (Dec. Only)",TMASMF,72091000.0
20230930,"Memo: Investments of Fiduciary Accounts in Advised or Sponsored Mutual Funds, Managed Assets (Dec. Only)",TMASMF,
20230630,"Memo: Investments of Fiduciary Accounts in Advised or Sponsored Mutual Funds, Managed Assets (Dec. Only)",TMASMF,
20230331,"Memo: Investments of Fiduciary Accounts in Advised or Sponsored Mutual Funds, Managed Assets (Dec. Only)",TMASMF,
20260630,"Memo: Total, Managed Personal Trust & Investment Management Agency Accounts (Dec. Only)",TPIMATOT,
20260331,"Memo: Total, Managed Personal Trust & Investment Management Agency Accounts (Dec. Only)",TPIMATOT,
20251231,"Memo: Total, Managed Personal Trust & Investment Management Agency Accounts (Dec. Only)",TPIMATOT,685461000.0
20250930,"Memo: Total, Managed Personal Trust & Investment Management Agency Accounts (Dec. Only)",TPIMATOT,
20250630,"Memo: Total, Managed Personal Trust & Investment Management Agency Accounts (Dec. Only)",TPIMATOT,
20250331,"Memo: Total, Managed Personal Trust & Investment Management Agency Accounts (Dec. Only)",TPIMATOT,
20241231,"Memo: Total, Managed Personal Trust & Investment Management Agency Accounts (Dec. Only)",TPIMATOT,576968000.0
20240930,"Memo: Total, Managed Personal Trust & Investment Management Agency Accounts (Dec. Only)",TPIMATOT,
20240630,"Memo: Total, Managed Personal Trust & Investment Management Agency Accounts (Dec. Only)",TPIMATOT,
20240331,"Memo: Total, Managed Personal Trust & Investment Management Agency Accounts (Dec. Only)",TPIMATOT,
20231231,"Memo: Total, Managed Personal Trust & Investment Management Agency Accounts (Dec. Only)",TPIMATOT,509089000.0
20230930,"Memo: Total, Managed Personal Trust & Investment Management Agency Accounts (Dec. Only)",TPIMATOT,
20230630,"Memo: Total, Managed Personal Trust & Investment Management Agency Accounts (Dec. Only)",TPIMATOT,
20230331,"Memo: Total, Managed Personal Trust & Investment Management Agency Accounts (Dec. Only)",TPIMATOT,
20260630,"Noninterest-Bearing Deposits, Managed Personal Trust & Investment Management Agency Accounts",TPINI,
20260331,"Noninterest-Bearing Deposits, Managed Personal Trust & Investment Management Agency Accounts",TPINI,
20251231,"Noninterest-Bearing Deposits, Managed Personal Trust & Investment Management Agency Accounts",TPINI,683000.0
20250930,"Noninterest-Bearing Deposits, Managed Personal Trust & Investment Management Agency Accounts",TPINI,
20250630,"Noninterest-Bearing Deposits, Managed Personal Trust & Investment Management Agency Accounts",TPINI,
20250331,"Noninterest-Bearing Deposits, Managed Personal Trust & Investment Management Agency Accounts",TPINI,
20241231,"Noninterest-Bearing Deposits, Managed Personal Trust & Investment Management Agency Accounts",TPINI,444000.0
20240930,"Noninterest-Bearing Deposits, Managed Personal Trust & Investment Management Agency Accounts",TPINI,
20240630,"Noninterest-Bearing Deposits, Managed Personal Trust & Investment Management Agency Accounts",TPINI,
20240331,"Noninterest-Bearing Deposits, Managed Personal Trust & Investment Management Agency Accounts",TPINI,
20231231,"Noninterest-Bearing Deposits, Managed Personal Trust & Investment Management Agency Accounts",TPINI,444000.0
20230930,"Noninterest-Bearing Deposits, Managed Personal Trust & Investment Management Agency Accounts",TPINI,
20230630,"Noninterest-Bearing Deposits, Managed Personal Trust & Investment Management Agency Accounts",TPINI,
20230331,"Noninterest-Bearing Deposits, Managed Personal Trust & Investment Management Agency Accounts",TPINI,
20260630,"Interest-Bearing Deposits, Managed Personal Trust & Investment Management Agency Accounts",TPII,
20260331,"Interest-Bearing Deposits, Managed Personal Trust & Investment Management Agency Accounts",TPII,
20251231,"Interest-Bearing Deposits, Managed Personal Trust & Investment Management Agency Accounts",TPII,27361000.0
20250930,"Interest-Bearing Deposits, Managed Personal Trust & Investment Management Agency Accounts",TPII,
20250630,"Interest-Bearing Deposits, Managed Personal Trust & Investment Management Agency Accounts",TPII,
20250331,"Interest-Bearing Deposits, Managed Personal Trust & Investment Management Agency Accounts",TPII,
20241231,"Interest-Bearing Deposits, Managed Personal Trust & Investment Management Agency Accounts",TPII,27818000.0
20240930,"Interest-Bearing Deposits, Managed Personal Trust & Investment Management Agency Accounts",TPII,
20240630,"Interest-Bearing Deposits, Managed Personal Trust & Investment Management Agency Accounts",TPII,
20240331,"Interest-Bearing Deposits, Managed Personal Trust & Investment Management Agency Accounts",TPII,
20231231,"Interest-Bearing Deposits, Managed Personal Trust & Investment Management Agency Accounts",TPII,29599000.0
20230930,"Interest-Bearing Deposits, Managed Personal Trust & Investment Management Agency Accounts",TPII,
20230630,"Interest-Bearing Deposits, Managed Personal Trust & Investment Management Agency Accounts",TPII,
20230331,"Interest-Bearing Deposits, Managed Personal Trust & Investment Management Agency Accounts",TPII,
20260630,"U.S. Treasury & U.S. Government Agency Obligations, Assets Personal Trust & Investment Management Agency Accounts",TPISCUS,
20260331,"U.S. Treasury & U.S. Government Agency Obligations, Assets Personal Trust & Investment Management Agency Accounts",TPISCUS,
20251231,"U.S. Treasury & U.S. Government Agency Obligations, Assets Personal Trust & Investment Management Agency Accounts",TPISCUS,23083000.0
20250930,"U.S. Treasury & U.S. Government Agency Obligations, Assets Personal Trust & Investment Management Agency Accounts",TPISCUS,
20250630,"U.S. Treasury & U.S. Government Agency Obligations, Assets Personal Trust & Investment Management Agency Accounts",TPISCUS,
20250331,"U.S. Treasury & U.S. Government Agency Obligations, Assets Personal Trust & Investment Management Agency Accounts",TPISCUS,
20241231,"U.S. Treasury & U.S. Government Agency Obligations, Assets Personal Trust & Investment Management Agency Accounts",TPISCUS,20481000.0
20240930,"U.S. Treasury & U.S. Government Agency Obligations, Assets Personal Trust & Investment Management Agency Accounts",TPISCUS,
20240630,"U.S. Treasury & U.S. Government Agency Obligations, Assets Personal Trust & Investment Management Agency Accounts",TPISCUS,
20240331,"U.S. Treasury & U.S. Government Agency Obligations, Assets Personal Trust & Investment Management Agency Accounts",TPISCUS,
20231231,"U.S. Treasury & U.S. Government Agency Obligations, Assets Personal Trust & Investment Management Agency Accounts",TPISCUS,16875000.0
20230930,"U.S. Treasury & U.S. Government Agency Obligations, Assets Personal Trust & Investment Management Agency Accounts",TPISCUS,
20230630,"U.S. Treasury & U.S. Government Agency Obligations, Assets Personal Trust & Investment Management Agency Accounts",TPISCUS,
20230331,"U.S. Treasury & U.S. Government Agency Obligations, Assets Personal Trust & Investment Management Agency Accounts",TPISCUS,
20260630,"State, County and Municipal Obligations, Managed Personal Trust & Investment Management Agency Accounts",TPISCMUN,
20260331,"State, County and Municipal Obligations, Managed Personal Trust & Investment Management Agency Accounts",TPISCMUN,
20251231,"State, County and Municipal Obligations, Managed Personal Trust & Investment Management Agency Accounts",TPISCMUN,73234000.0
20250930,"State, County and Municipal Obligations, Managed Personal Trust & Investment Management Agency Accounts",TPISCMUN,
20250630,"State, County and Municipal Obligations, Managed Personal Trust & Investment Management Agency Accounts",TPISCMUN,
20250331,"State, County and Municipal Obligations, Managed Personal Trust & Investment Management Agency Accounts",TPISCMUN,
20241231,"State, County and Municipal Obligations, Managed Personal Trust & Investment Management Agency Accounts",TPISCMUN,62359000.0
20240930,"State, County and Municipal Obligations, Managed Personal Trust & Investment Management Agency Accounts",TPISCMUN,
20240630,"State, County and Municipal Obligations, Managed Personal Trust & Investment Management Agency Accounts",TPISCMUN,
20240331,"State, County and Municipal Obligations, Managed Personal Trust & Investment Management Agency Accounts",TPISCMUN,
20231231,"State, County and Municipal Obligations, Managed Personal Trust & Investment Management Agency Accounts",TPISCMUN,50545000.0
20230930,"State, County and Municipal Obligations, Managed Personal Trust & Investment Management Agency Accounts",TPISCMUN,
20230630,"State, County and Municipal Obligations, Managed Personal Trust & Investment Management Agency Accounts",TPISCMUN,
20230331,"State, County and Municipal Obligations, Managed Personal Trust & Investment Management Agency Accounts",TPISCMUN,
20260630,"Money Market Mutual Funds, Managed Personal Trust & Investment Management Agency Accounts",TPIMMF,
20260331,"Money Market Mutual Funds, Managed Personal Trust & Investment Management Agency Accounts",TPIMMF,
20251231,"Money Market Mutual Funds, Managed Personal Trust & Investment Management Agency Accounts",TPIMMF,12570000.0
20250930,"Money Market Mutual Funds, Managed Personal Trust & Investment Management Agency Accounts",TPIMMF,
20250630,"Money Market Mutual Funds, Managed Personal Trust & Investment Management Agency Accounts",TPIMMF,
20250331,"Money Market Mutual Funds, Managed Personal Trust & Investment Management Agency Accounts",TPIMMF,
20241231,"Money Market Mutual Funds, Managed Personal Trust & Investment Management Agency Accounts",TPIMMF,9555000.0
20240930,"Money Market Mutual Funds, Managed Personal Trust & Investment Management Agency Accounts",TPIMMF,
20240630,"Money Market Mutual Funds, Managed Personal Trust & Investment Management Agency Accounts",TPIMMF,
20240331,"Money Market Mutual Funds, Managed Personal Trust & Investment Management Agency Accounts",TPIMMF,
20231231,"Money Market Mutual Funds, Managed Personal Trust & Investment Management Agency Accounts",TPIMMF,13530000.0
20230930,"Money Market Mutual Funds, Managed Personal Trust & Investment Management Agency Accounts",TPIMMF,
20230630,"Money Market Mutual Funds, Managed Personal Trust & Investment Management Agency Accounts",TPIMMF,
20230331,"Money Market Mutual Funds, Managed Personal Trust & Investment Management Agency Accounts",TPIMMF,
20260630,"Equity Mutual Funds, Managed Personal Trust & Investment Management Agency Accounts",TPIEQF,
20260331,"Equity Mutual Funds, Managed Personal Trust & Investment Management Agency Accounts",TPIEQF,
20251231,"Equity Mutual Funds, Managed Personal Trust & Investment Management Agency Accounts",TPIEQF,157488000.0
20250930,"Equity Mutual Funds, Managed Personal Trust & Investment Management Agency Accounts",TPIEQF,
20250630,"Equity Mutual Funds, Managed Personal Trust & Investment Management Agency Accounts",TPIEQF,
20250331,"Equity Mutual Funds, Managed Personal Trust & Investment Management Agency Accounts",TPIEQF,
20241231,"Equity Mutual Funds, Managed Personal Trust & Investment Management Agency Accounts",TPIEQF,125690000.0
20240930,"Equity Mutual Funds, Managed Personal Trust & Investment Management Agency Accounts",TPIEQF,
20240630,"Equity Mutual Funds, Managed Personal Trust & Investment Management Agency Accounts",TPIEQF,
20240331,"Equity Mutual Funds, Managed Personal Trust & Investment Management Agency Accounts",TPIEQF,
20231231,"Equity Mutual Funds, Managed Personal Trust & Investment Management Agency Accounts",TPIEQF,110756000.0
20230930,"Equity Mutual Funds, Managed Personal Trust & Investment Management Agency Accounts",TPIEQF,
20230630,"Equity Mutual Funds, Managed Personal Trust & Investment Management Agency Accounts",TPIEQF,
20230331,"Equity Mutual Funds, Managed Personal Trust & Investment Management Agency Accounts",TPIEQF,
20260630,"Other Mutual Funds, Managed Personal Trust & Investment Management Agency Accounts",TPIOTHF,
20260331,"Other Mutual Funds, Managed Personal Trust & Investment Management Agency Accounts",TPIOTHF,
20251231,"Other Mutual Funds, Managed Personal Trust & Investment Management Agency Accounts",TPIOTHF,42277000.0
20250930,"Other Mutual Funds, Managed Personal Trust & Investment Management Agency Accounts",TPIOTHF,
20250630,"Other Mutual Funds, Managed Personal Trust & Investment Management Agency Accounts",TPIOTHF,
20250331,"Other Mutual Funds, Managed Personal Trust & Investment Management Agency Accounts",TPIOTHF,
20241231,"Other Mutual Funds, Managed Personal Trust & Investment Management Agency Accounts",TPIOTHF,45359000.0
20240930,"Other Mutual Funds, Managed Personal Trust & Investment Management Agency Accounts",TPIOTHF,
20240630,"Other Mutual Funds, Managed Personal Trust & Investment Management Agency Accounts",TPIOTHF,
20240331,"Other Mutual Funds, Managed Personal Trust & Investment Management Agency Accounts",TPIOTHF,
20231231,"Other Mutual Funds, Managed Personal Trust & Investment Management Agency Accounts",TPIOTHF,36796000.0
20230930,"Other Mutual Funds, Managed Personal Trust & Investment Management Agency Accounts",TPIOTHF,
20230630,"Other Mutual Funds, Managed Personal Trust & Investment Management Agency Accounts",TPIOTHF,
20230331,"Other Mutual Funds, Managed Personal Trust & Investment Management Agency Accounts",TPIOTHF,
20260630,"Common Trust & Collective Investment Funds, Managed Personal Trust & Investment Management Agency Accounts",TPITRF,
20260331,"Common Trust & Collective Investment Funds, Managed Personal Trust & Investment Management Agency Accounts",TPITRF,
20251231,"Common Trust & Collective Investment Funds, Managed Personal Trust & Investment Management Agency Accounts",TPITRF,0.0
20250930,"Common Trust & Collective Investment Funds, Managed Personal Trust & Investment Management Agency Accounts",TPITRF,
20250630,"Common Trust & Collective Investment Funds, Managed Personal Trust & Investment Management Agency Accounts",TPITRF,
20250331,"Common Trust & Collective Investment Funds, Managed Personal Trust & Investment Management Agency Accounts",TPITRF,
20241231,"Common Trust & Collective Investment Funds, Managed Personal Trust & Investment Management Agency Accounts",TPITRF,0.0
20240930,"Common Trust & Collective Investment Funds, Managed Personal Trust & Investment Management Agency Accounts",TPITRF,
20240630,"Common Trust & Collective Investment Funds, Managed Personal Trust & Investment Management Agency Accounts",TPITRF,
20240331,"Common Trust & Collective Investment Funds, Managed Personal Trust & Investment Management Agency Accounts",TPITRF,
20231231,"Common Trust & Collective Investment Funds, Managed Personal Trust & Investment Management Agency Accounts",TPITRF,0.0
20230930,"Common Trust & Collective Investment Funds, Managed Personal Trust & Investment Management Agency Accounts",TPITRF,
20230630,"Common Trust & Collective Investment Funds, Managed Personal Trust & Investment Management Agency Accounts",TPITRF,
20230331,"Common Trust & Collective Investment Funds, Managed Personal Trust & Investment Management Agency Accounts",TPITRF,
20260630,"Other Short-Term Obligations, Managed Personal Trust & Investment Management Agency Accounts",TPISTO,
20260331,"Other Short-Term Obligations, Managed Personal Trust & Investment Management Agency Accounts",TPISTO,
20251231,"Other Short-Term Obligations, Managed Personal Trust & Investment Management Agency Accounts",TPISTO,69644000.0
20250930,"Other Short-Term Obligations, Managed Personal Trust & Investment Management Agency Accounts",TPISTO,
20250630,"Other Short-Term Obligations, Managed Personal Trust & Investment Management Agency Accounts",TPISTO,
20250331,"Other Short-Term Obligations, Managed Personal Trust & Investment Management Agency Accounts",TPISTO,
20241231,"Other Short-Term Obligations, Managed Personal Trust & Investment Management Agency Accounts",TPISTO,50560000.0
20240930,"Other Short-Term Obligations, Managed Personal Trust & Investment Management Agency Accounts",TPISTO,
20240630,"Other Short-Term Obligations, Managed Personal Trust & Investment Management Agency Accounts",TPISTO,
20240331,"Other Short-Term Obligations, Managed Personal Trust & Investment Management Agency Accounts",TPISTO,
20231231,"Other Short-Term Obligations, Managed Personal Trust & Investment Management Agency Accounts",TPISTO,55351000.0
20230930,"Other Short-Term Obligations, Managed Personal Trust & Investment Management Agency Accounts",TPISTO,
20230630,"Other Short-Term Obligations, Managed Personal Trust & Investment Management Agency Accounts",TPISTO,
20230331,"Other Short-Term Obligations, Managed Personal Trust & Investment Management Agency Accounts",TPISTO,
20260630,"Other Notes and Bonds, Managed Personal Trust & Investment Management Agency Accounts",TPIOTHB,
20260331,"Other Notes and Bonds, Managed Personal Trust & Investment Management Agency Accounts",TPIOTHB,
20251231,"Other Notes and Bonds, Managed Personal Trust & Investment Management Agency Accounts",TPIOTHB,39642000.0
20250930,"Other Notes and Bonds, Managed Personal Trust & Investment Management Agency Accounts",TPIOTHB,
20250630,"Other Notes and Bonds, Managed Personal Trust & Investment Management Agency Accounts",TPIOTHB,
20250331,"Other Notes and Bonds, Managed Personal Trust & Investment Management Agency Accounts",TPIOTHB,
20241231,"Other Notes and Bonds, Managed Personal Trust & Investment Management Agency Accounts",TPIOTHB,37227000.0
20240930,"Other Notes and Bonds, Managed Personal Trust & Investment Management Agency Accounts",TPIOTHB,
20240630,"Other Notes and Bonds, Managed Personal Trust & Investment Management Agency Accounts",TPIOTHB,
20240331,"Other Notes and Bonds, Managed Personal Trust & Investment Management Agency Accounts",TPIOTHB,
20231231,"Other Notes and Bonds, Managed Personal Trust & Investment Management Agency Accounts",TPIOTHB,30999000.0
20230930,"Other Notes and Bonds, Managed Personal Trust & Investment Management Agency Accounts",TPIOTHB,
20230630,"Other Notes and Bonds, Managed Personal Trust & Investment Management Agency Accounts",TPIOTHB,
20230331,"Other Notes and Bonds, Managed Personal Trust & Investment Management Agency Accounts",TPIOTHB,
20260630,"Unregistered Funds & Private Equity Investments, Managed Personal Trust & Investment Management Agency Accounts",TPIUF,
20260331,"Unregistered Funds & Private Equity Investments, Managed Personal Trust & Investment Management Agency Accounts",TPIUF,
20251231,"Unregistered Funds & Private Equity Investments, Managed Personal Trust & Investment Management Agency Accounts",TPIUF,23442000.0
20250930,"Unregistered Funds & Private Equity Investments, Managed Personal Trust & Investment Management Agency Accounts",TPIUF,
20250630,"Unregistered Funds & Private Equity Investments, Managed Personal Trust & Investment Management Agency Accounts",TPIUF,
20250331,"Unregistered Funds & Private Equity Investments, Managed Personal Trust & Investment Management Agency Accounts",TPIUF,
20241231,"Unregistered Funds & Private Equity Investments, Managed Personal Trust & Investment Management Agency Accounts",TPIUF,21405000.0
20240930,"Unregistered Funds & Private Equity Investments, Managed Personal Trust & Investment Management Agency Accounts",TPIUF,
20240630,"Unregistered Funds & Private Equity Investments, Managed Personal Trust & Investment Management Agency Accounts",TPIUF,
20240331,"Unregistered Funds & Private Equity Investments, Managed Personal Trust & Investment Management Agency Accounts",TPIUF,
20231231,"Unregistered Funds & Private Equity Investments, Managed Personal Trust & Investment Management Agency Accounts",TPIUF,20854000.0
20230930,"Unregistered Funds & Private Equity Investments, Managed Personal Trust & Investment Management Agency Accounts",TPIUF,
20230630,"Unregistered Funds & Private Equity Investments, Managed Personal Trust & Investment Management Agency Accounts",TPIUF,
20230331,"Unregistered Funds & Private Equity Investments, Managed Personal Trust & Investment Management Agency Accounts",TPIUF,
20260630,"Other Common and Preferred Stocks, Managed Personal Trust & Investment Management Agency Accounts",TPICPS,
20260331,"Other Common and Preferred Stocks, Managed Personal Trust & Investment Management Agency Accounts",TPICPS,
20251231,"Other Common and Preferred Stocks, Managed Personal Trust & Investment Management Agency Accounts",TPICPS,210630000.0
20250930,"Other Common and Preferred Stocks, Managed Personal Trust & Investment Management Agency Accounts",TPICPS,
20250630,"Other Common and Preferred Stocks, Managed Personal Trust & Investment Management Agency Accounts",TPICPS,
20250331,"Other Common and Preferred Stocks, Managed Personal Trust & Investment Management Agency Accounts",TPICPS,
20241231,"Other Common and Preferred Stocks, Managed Personal Trust & Investment Management Agency Accounts",TPICPS,170961000.0
20240930,"Other Common and Preferred Stocks, Managed Personal Trust & Investment Management Agency Accounts",TPICPS,
20240630,"Other Common and Preferred Stocks, Managed Personal Trust & Investment Management Agency Accounts",TPICPS,
20240331,"Other Common and Preferred Stocks, Managed Personal Trust & Investment Management Agency Accounts",TPICPS,
20231231,"Other Common and Preferred Stocks, Managed Personal Trust & Investment Management Agency Accounts",TPICPS,137935000.0
20230930,"Other Common and Preferred Stocks, Managed Personal Trust & Investment Management Agency Accounts",TPICPS,
20230630,"Other Common and Preferred Stocks, Managed Personal Trust & Investment Management Agency Accounts",TPICPS,
20230331,"Other Common and Preferred Stocks, Managed Personal Trust & Investment Management Agency Accounts",TPICPS,
20260630,"Real Estate Mortgages, Managed Personal Trust & Investment Management Agency Accounts",TPIREMTG,
20260331,"Real Estate Mortgages, Managed Personal Trust & Investment Management Agency Accounts",TPIREMTG,
20251231,"Real Estate Mortgages, Managed Personal Trust & Investment Management Agency Accounts",TPIREMTG,0.0
20250930,"Real Estate Mortgages, Managed Personal Trust & Investment Management Agency Accounts",TPIREMTG,
20250630,"Real Estate Mortgages, Managed Personal Trust & Investment Management Agency Accounts",TPIREMTG,
20250331,"Real Estate Mortgages, Managed Personal Trust & Investment Management Agency Accounts",TPIREMTG,
20241231,"Real Estate Mortgages, Managed Personal Trust & Investment Management Agency Accounts",TPIREMTG,0.0
20240930,"Real Estate Mortgages, Managed Personal Trust & Investment Management Agency Accounts",TPIREMTG,
20240630,"Real Estate Mortgages, Managed Personal Trust & Investment Management Agency Accounts",TPIREMTG,
20240331,"Real Estate Mortgages, Managed Personal Trust & Investment Management Agency Accounts",TPIREMTG,
20231231,"Real Estate Mortgages, Managed Personal Trust & Investment Management Agency Accounts",TPIREMTG,182000.0
20230930,"Real Estate Mortgages, Managed Personal Trust & Investment Management Agency Accounts",TPIREMTG,
20230630,"Real Estate Mortgages, Managed Personal Trust & Investment Management Agency Accounts",TPIREMTG,
20230331,"Real Estate Mortgages, Managed Personal Trust & Investment Management Agency Accounts",TPIREMTG,
20260630,"Real Estate, Managed Personal Trust & Investment Management Agency Accounts",TPIRE,
20260331,"Real Estate, Managed Personal Trust & Investment Management Agency Accounts",TPIRE,
20251231,"Real Estate, Managed Personal Trust & Investment Management Agency Accounts",TPIRE,1720000.0
20250930,"Real Estate, Managed Personal Trust & Investment Management Agency Accounts",TPIRE,
20250630,"Real Estate, Managed Personal Trust & Investment Management Agency Accounts",TPIRE,
20250331,"Real Estate, Managed Personal Trust & Investment Management Agency Accounts",TPIRE,
20241231,"Real Estate, Managed Personal Trust & Investment Management Agency Accounts",TPIRE,1461000.0
20240930,"Real Estate, Managed Personal Trust & Investment Management Agency Accounts",TPIRE,
20240630,"Real Estate, Managed Personal Trust & Investment Management Agency Accounts",TPIRE,
20240331,"Real Estate, Managed Personal Trust & Investment Management Agency Accounts",TPIRE,
20231231,"Real Estate, Managed Personal Trust & Investment Management Agency Accounts",TPIRE,1764000.0
20230930,"Real Estate, Managed Personal Trust & Investment Management Agency Accounts",TPIRE,
20230630,"Real Estate, Managed Personal Trust & Investment Management Agency Accounts",TPIRE,
20230331,"Real Estate, Managed Personal Trust & Investment Management Agency Accounts",TPIRE,
20260630,"Miscellaneous Assets, Managed Personal Trust & Investment Management Agency Accounts",TPIMISC,
20260331,"Miscellaneous Assets, Managed Personal Trust & Investment Management Agency Accounts",TPIMISC,
20251231,"Miscellaneous Assets, Managed Personal Trust & Investment Management Agency Accounts",TPIMISC,3687000.0
20250930,"Miscellaneous Assets, Managed Personal Trust & Investment Management Agency Accounts",TPIMISC,
20250630,"Miscellaneous Assets, Managed Personal Trust & Investment Management Agency Accounts",TPIMISC,
20250331,"Miscellaneous Assets, Managed Personal Trust & Investment Management Agency Accounts",TPIMISC,
20241231,"Miscellaneous Assets, Managed Personal Trust & Investment Management Agency Accounts",TPIMISC,3648000.0
20240930,"Miscellaneous Assets, Managed Personal Trust & Investment Management Agency Accounts",TPIMISC,
20240630,"Miscellaneous Assets, Managed Personal Trust & Investment Management Agency Accounts",TPIMISC,
20240331,"Miscellaneous Assets, Managed Personal Trust & Investment Management Agency Accounts",TPIMISC,
20231231,"Miscellaneous Assets, Managed Personal Trust & Investment Management Agency Accounts",TPIMISC,3459000.0
20230930,"Miscellaneous Assets, Managed Personal Trust & Investment Management Agency Accounts",TPIMISC,
20230630,"Miscellaneous Assets, Managed Personal Trust & Investment Management Agency Accounts",TPIMISC,
20230331,"Miscellaneous Assets, Managed Personal Trust & Investment Management Agency Accounts",TPIMISC,
20260630,"Memo: Total, Managed Employee Benefit & Retirement-Related Trust & Agency Accounts (Dec. Only)",TEMATOT,
20260331,"Memo: Total, Managed Employee Benefit & Retirement-Related Trust & Agency Accounts (Dec. Only)",TEMATOT,
20251231,"Memo: Total, Managed Employee Benefit & Retirement-Related Trust & Agency Accounts (Dec. Only)",TEMATOT,25858000.0
20250930,"Memo: Total, Managed Employee Benefit & Retirement-Related Trust & Agency Accounts (Dec. Only)",TEMATOT,
20250630,"Memo: Total, Managed Employee Benefit & Retirement-Related Trust & Agency Accounts (Dec. Only)",TEMATOT,
20250331,"Memo: Total, Managed Employee Benefit & Retirement-Related Trust & Agency Accounts (Dec. Only)",TEMATOT,
20241231,"Memo: Total, Managed Employee Benefit & Retirement-Related Trust & Agency Accounts (Dec. Only)",TEMATOT,22657000.0
20240930,"Memo: Total, Managed Employee Benefit & Retirement-Related Trust & Agency Accounts (Dec. Only)",TEMATOT,
20240630,"Memo: Total, Managed Employee Benefit & Retirement-Related Trust & Agency Accounts (Dec. Only)",TEMATOT,
20240331,"Memo: Total, Managed Employee Benefit & Retirement-Related Trust & Agency Accounts (Dec. Only)",TEMATOT,
20231231,"Memo: Total, Managed Employee Benefit & Retirement-Related Trust & Agency Accounts (Dec. Only)",TEMATOT,19167000.0
20230930,"Memo: Total, Managed Employee Benefit & Retirement-Related Trust & Agency Accounts (Dec. Only)",TEMATOT,
20230630,"Memo: Total, Managed Employee Benefit & Retirement-Related Trust & Agency Accounts (Dec. Only)",TEMATOT,
20230331,"Memo: Total, Managed Employee Benefit & Retirement-Related Trust & Agency Accounts (Dec. Only)",TEMATOT,
20260630,"Noninterest Bearing Deposits, Managed Employee Benefit & Retirement-Related Trust & Agency Accounts",TENI,
20260331,"Noninterest Bearing Deposits, Managed Employee Benefit & Retirement-Related Trust & Agency Accounts",TENI,
20251231,"Noninterest Bearing Deposits, Managed Employee Benefit & Retirement-Related Trust & Agency Accounts",TENI,2000.0
20250930,"Noninterest Bearing Deposits, Managed Employee Benefit & Retirement-Related Trust & Agency Accounts",TENI,
20250630,"Noninterest Bearing Deposits, Managed Employee Benefit & Retirement-Related Trust & Agency Accounts",TENI,
20250331,"Noninterest Bearing Deposits, Managed Employee Benefit & Retirement-Related Trust & Agency Accounts",TENI,
20241231,"Noninterest Bearing Deposits, Managed Employee Benefit & Retirement-Related Trust & Agency Accounts",TENI,2000.0
20240930,"Noninterest Bearing Deposits, Managed Employee Benefit & Retirement-Related Trust & Agency Accounts",TENI,
20240630,"Noninterest Bearing Deposits, Managed Employee Benefit & Retirement-Related Trust & Agency Accounts",TENI,
20240331,"Noninterest Bearing Deposits, Managed Employee Benefit & Retirement-Related Trust & Agency Accounts",TENI,
20231231,"Noninterest Bearing Deposits, Managed Employee Benefit & Retirement-Related Trust & Agency Accounts",TENI,2000.0
20230930,"Noninterest Bearing Deposits, Managed Employee Benefit & Retirement-Related Trust & Agency Accounts",TENI,
20230630,"Noninterest Bearing Deposits, Managed Employee Benefit & Retirement-Related Trust & Agency Accounts",TENI,
20230331,"Noninterest Bearing Deposits, Managed Employee Benefit & Retirement-Related Trust & Agency Accounts",TENI,
20260630,"Interest Bearing Deposits, Managed Employee Benefit & Retirement-Related Trust & Agency Accounts",TEI,
20260331,"Interest Bearing Deposits, Managed Employee Benefit & Retirement-Related Trust & Agency Accounts",TEI,
20251231,"Interest Bearing Deposits, Managed Employee Benefit & Retirement-Related Trust & Agency Accounts",TEI,387000.0
20250930,"Interest Bearing Deposits, Managed Employee Benefit & Retirement-Related Trust & Agency Accounts",TEI,
20250630,"Interest Bearing Deposits, Managed Employee Benefit & Retirement-Related Trust & Agency Accounts",TEI,
20250331,"Interest Bearing Deposits, Managed Employee Benefit & Retirement-Related Trust & Agency Accounts",TEI,
20241231,"Interest Bearing Deposits, Managed Employee Benefit & Retirement-Related Trust & Agency Accounts",TEI,296000.0
20240930,"Interest Bearing Deposits, Managed Employee Benefit & Retirement-Related Trust & Agency Accounts",TEI,
20240630,"Interest Bearing Deposits, Managed Employee Benefit & Retirement-Related Trust & Agency Accounts",TEI,
20240331,"Interest Bearing Deposits, Managed Employee Benefit & Retirement-Related Trust & Agency Accounts",TEI,
20231231,"Interest Bearing Deposits, Managed Employee Benefit & Retirement-Related Trust & Agency Accounts",TEI,257000.0
20230930,"Interest Bearing Deposits, Managed Employee Benefit & Retirement-Related Trust & Agency Accounts",TEI,
20230630,"Interest Bearing Deposits, Managed Employee Benefit & Retirement-Related Trust & Agency Accounts",TEI,
20230331,"Interest Bearing Deposits, Managed Employee Benefit & Retirement-Related Trust & Agency Accounts",TEI,
20260630,"U.S. Treasury and U.S. Government Agency Obligations, Managed Employee Benefit & Retirement-Related Trust & Agency Accounts",TESCUS,
20260331,"U.S. Treasury and U.S. Government Agency Obligations, Managed Employee Benefit & Retirement-Related Trust & Agency Accounts",TESCUS,
20251231,"U.S. Treasury and U.S. Government Agency Obligations, Managed Employee Benefit & Retirement-Related Trust & Agency Accounts",TESCUS,281000.0
20250930,"U.S. Treasury and U.S. Government Agency Obligations, Managed Employee Benefit & Retirement-Related Trust & Agency Accounts",TESCUS,
20250630,"U.S. Treasury and U.S. Government Agency Obligations, Managed Employee Benefit & Retirement-Related Trust & Agency Accounts",TESCUS,
20250331,"U.S. Treasury and U.S. Government Agency Obligations, Managed Employee Benefit & Retirement-Related Trust & Agency Accounts",TESCUS,
20241231,"U.S. Treasury and U.S. Government Agency Obligations, Managed Employee Benefit & Retirement-Related Trust & Agency Accounts",TESCUS,228000.0
20240930,"U.S. Treasury and U.S. Government Agency Obligations, Managed Employee Benefit & Retirement-Related Trust & Agency Accounts",TESCUS,
20240630,"U.S. Treasury and U.S. Government Agency Obligations, Managed Employee Benefit & Retirement-Related Trust & Agency Accounts",TESCUS,
20240331,"U.S. Treasury and U.S. Government Agency Obligations, Managed Employee Benefit & Retirement-Related Trust & Agency Accounts",TESCUS,
20231231,"U.S. Treasury and U.S. Government Agency Obligations, Managed Employee Benefit & Retirement-Related Trust & Agency Accounts",TESCUS,385000.0
20230930,"U.S. Treasury and U.S. Government Agency Obligations, Managed Employee Benefit & Retirement-Related Trust & Agency Accounts",TESCUS,
20230630,"U.S. Treasury and U.S. Government Agency Obligations, Managed Employee Benefit & Retirement-Related Trust & Agency Accounts",TESCUS,
20230331,"U.S. Treasury and U.S. Government Agency Obligations, Managed Employee Benefit & Retirement-Related Trust & Agency Accounts",TESCUS,
20260630,"State, County & Municipal Obligations, Managed Employee Benefit & Retirement-Related Trust & Agency Accounts",TESCMUN,
20260331,"State, County & Municipal Obligations, Managed Employee Benefit & Retirement-Related Trust & Agency Accounts",TESCMUN,
20251231,"State, County & Municipal Obligations, Managed Employee Benefit & Retirement-Related Trust & Agency Accounts",TESCMUN,19000.0
20250930,"State, County & Municipal Obligations, Managed Employee Benefit & Retirement-Related Trust & Agency Accounts",TESCMUN,
20250630,"State, County & Municipal Obligations, Managed Employee Benefit & Retirement-Related Trust & Agency Accounts",TESCMUN,
20250331,"State, County & Municipal Obligations, Managed Employee Benefit & Retirement-Related Trust & Agency Accounts",TESCMUN,
20241231,"State, County & Municipal Obligations, Managed Employee Benefit & Retirement-Related Trust & Agency Accounts",TESCMUN,19000.0
20240930,"State, County & Municipal Obligations, Managed Employee Benefit & Retirement-Related Trust & Agency Accounts",TESCMUN,
20240630,"State, County & Municipal Obligations, Managed Employee Benefit & Retirement-Related Trust & Agency Accounts",TESCMUN,
20240331,"State, County & Municipal Obligations, Managed Employee Benefit & Retirement-Related Trust & Agency Accounts",TESCMUN,
20231231,"State, County & Municipal Obligations, Managed Employee Benefit & Retirement-Related Trust & Agency Accounts",TESCMUN,25000.0
20230930,"State, County & Municipal Obligations, Managed Employee Benefit & Retirement-Related Trust & Agency Accounts",TESCMUN,
20230630,"State, County & Municipal Obligations, Managed Employee Benefit & Retirement-Related Trust & Agency Accounts",TESCMUN,
20230331,"State, County & Municipal Obligations, Managed Employee Benefit & Retirement-Related Trust & Agency Accounts",TESCMUN,
20260630,"Money Market Mutual Funds, Managed Employee Benefit & Retirement-Related Trust & Agency Accounts",TEMMF,
20260331,"Money Market Mutual Funds, Managed Employee Benefit & Retirement-Related Trust & Agency Accounts",TEMMF,
20251231,"Money Market Mutual Funds, Managed Employee Benefit & Retirement-Related Trust & Agency Accounts",TEMMF,9000.0
20250930,"Money Market Mutual Funds, Managed Employee Benefit & Retirement-Related Trust & Agency Accounts",TEMMF,
20250630,"Money Market Mutual Funds, Managed Employee Benefit & Retirement-Related Trust & Agency Accounts",TEMMF,
20250331,"Money Market Mutual Funds, Managed Employee Benefit & Retirement-Related Trust & Agency Accounts",TEMMF,
20241231,"Money Market Mutual Funds, Managed Employee Benefit & Retirement-Related Trust & Agency Accounts",TEMMF,5000.0
20240930,"Money Market Mutual Funds, Managed Employee Benefit & Retirement-Related Trust & Agency Accounts",TEMMF,
20240630,"Money Market Mutual Funds, Managed Employee Benefit & Retirement-Related Trust & Agency Accounts",TEMMF,
20240331,"Money Market Mutual Funds, Managed Employee Benefit & Retirement-Related Trust & Agency Accounts",TEMMF,
20231231,"Money Market Mutual Funds, Managed Employee Benefit & Retirement-Related Trust & Agency Accounts",TEMMF,8000.0
20230930,"Money Market Mutual Funds, Managed Employee Benefit & Retirement-Related Trust & Agency Accounts",TEMMF,
20230630,"Money Market Mutual Funds, Managed Employee Benefit & Retirement-Related Trust & Agency Accounts",TEMMF,
20230331,"Money Market Mutual Funds, Managed Employee Benefit & Retirement-Related Trust & Agency Accounts",TEMMF,
20260630,"Equity Mutual Funds, Managed Employee Benefit & Retirement-Related Trust & Agency Accounts",TEEQF,
20260331,"Equity Mutual Funds, Managed Employee Benefit & Retirement-Related Trust & Agency Accounts",TEEQF,
20251231,"Equity Mutual Funds, Managed Employee Benefit & Retirement-Related Trust & Agency Accounts",TEEQF,14225000.0
20250930,"Equity Mutual Funds, Managed Employee Benefit & Retirement-Related Trust & Agency Accounts",TEEQF,
20250630,"Equity Mutual Funds, Managed Employee Benefit & Retirement-Related Trust & Agency Accounts",TEEQF,
20250331,"Equity Mutual Funds, Managed Employee Benefit & Retirement-Related Trust & Agency Accounts",TEEQF,
20241231,"Equity Mutual Funds, Managed Employee Benefit & Retirement-Related Trust & Agency Accounts",TEEQF,10594000.0
20240930,"Equity Mutual Funds, Managed Employee Benefit & Retirement-Related Trust & Agency Accounts",TEEQF,
20240630,"Equity Mutual Funds, Managed Employee Benefit & Retirement-Related Trust & Agency Accounts",TEEQF,
20240331,"Equity Mutual Funds, Managed Employee Benefit & Retirement-Related Trust & Agency Accounts",TEEQF,
20231231,"Equity Mutual Funds, Managed Employee Benefit & Retirement-Related Trust & Agency Accounts",TEEQF,9482000.0
20230930,"Equity Mutual Funds, Managed Employee Benefit & Retirement-Related Trust & Agency Accounts",TEEQF,
20230630,"Equity Mutual Funds, Managed Employee Benefit & Retirement-Related Trust & Agency Accounts",TEEQF,
20230331,"Equity Mutual Funds, Managed Employee Benefit & Retirement-Related Trust & Agency Accounts",TEEQF,
20260630,"Other Mutual Funds, Managed Employee Benefit & Retirement-Related Trust & Agency Accounts",TEOTHF,
20260331,"Other Mutual Funds, Managed Employee Benefit & Retirement-Related Trust & Agency Accounts",TEOTHF,
20251231,"Other Mutual Funds, Managed Employee Benefit & Retirement-Related Trust & Agency Accounts",TEOTHF,3914000.0
20250930,"Other Mutual Funds, Managed Employee Benefit & Retirement-Related Trust & Agency Accounts",TEOTHF,
20250630,"Other Mutual Funds, Managed Employee Benefit & Retirement-Related Trust & Agency Accounts",TEOTHF,
20250331,"Other Mutual Funds, Managed Employee Benefit & Retirement-Related Trust & Agency Accounts",TEOTHF,
20241231,"Other Mutual Funds, Managed Employee Benefit & Retirement-Related Trust & Agency Accounts",TEOTHF,3899000.0
20240930,"Other Mutual Funds, Managed Employee Benefit & Retirement-Related Trust & Agency Accounts",TEOTHF,
20240630,"Other Mutual Funds, Managed Employee Benefit & Retirement-Related Trust & Agency Accounts",TEOTHF,
20240331,"Other Mutual Funds, Managed Employee Benefit & Retirement-Related Trust & Agency Accounts",TEOTHF,
20231231,"Other Mutual Funds, Managed Employee Benefit & Retirement-Related Trust & Agency Accounts",TEOTHF,2225000.0
20230930,"Other Mutual Funds, Managed Employee Benefit & Retirement-Related Trust & Agency Accounts",TEOTHF,
20230630,"Other Mutual Funds, Managed Employee Benefit & Retirement-Related Trust & Agency Accounts",TEOTHF,
20230331,"Other Mutual Funds, Managed Employee Benefit & Retirement-Related Trust & Agency Accounts",TEOTHF,
20260630,"Common Trust & Collective Investment Funds, Managed Employee Benefit & Retirement-Related Trust & Agency Accounts",TETRF,
20260331,"Common Trust & Collective Investment Funds, Managed Employee Benefit & Retirement-Related Trust & Agency Accounts",TETRF,
20251231,"Common Trust & Collective Investment Funds, Managed Employee Benefit & Retirement-Related Trust & Agency Accounts",TETRF,558000.0
20250930,"Common Trust & Collective Investment Funds, Managed Employee Benefit & Retirement-Related Trust & Agency Accounts",TETRF,
20250630,"Common Trust & Collective Investment Funds, Managed Employee Benefit & Retirement-Related Trust & Agency Accounts",TETRF,
20250331,"Common Trust & Collective Investment Funds, Managed Employee Benefit & Retirement-Related Trust & Agency Accounts",TETRF,
20241231,"Common Trust & Collective Investment Funds, Managed Employee Benefit & Retirement-Related Trust & Agency Accounts",TETRF,860000.0
20240930,"Common Trust & Collective Investment Funds, Managed Employee Benefit & Retirement-Related Trust & Agency Accounts",TETRF,
20240630,"Common Trust & Collective Investment Funds, Managed Employee Benefit & Retirement-Related Trust & Agency Accounts",TETRF,
20240331,"Common Trust & Collective Investment Funds, Managed Employee Benefit & Retirement-Related Trust & Agency Accounts",TETRF,
20231231,"Common Trust & Collective Investment Funds, Managed Employee Benefit & Retirement-Related Trust & Agency Accounts",TETRF,979000.0
20230930,"Common Trust & Collective Investment Funds, Managed Employee Benefit & Retirement-Related Trust & Agency Accounts",TETRF,
20230630,"Common Trust & Collective Investment Funds, Managed Employee Benefit & Retirement-Related Trust & Agency Accounts",TETRF,
20230331,"Common Trust & Collective Investment Funds, Managed Employee Benefit & Retirement-Related Trust & Agency Accounts",TETRF,
20260630,"Other Short-Term Obligations, Managed Employee Benefit & Retirement-Related Trust & Agency Accounts",TESTO,
20260331,"Other Short-Term Obligations, Managed Employee Benefit & Retirement-Related Trust & Agency Accounts",TESTO,
20251231,"Other Short-Term Obligations, Managed Employee Benefit & Retirement-Related Trust & Agency Accounts",TESTO,0.0
20250930,"Other Short-Term Obligations, Managed Employee Benefit & Retirement-Related Trust & Agency Accounts",TESTO,
20250630,"Other Short-Term Obligations, Managed Employee Benefit & Retirement-Related Trust & Agency Accounts",TESTO,
20250331,"Other Short-Term Obligations, Managed Employee Benefit & Retirement-Related Trust & Agency Accounts",TESTO,
20241231,"Other Short-Term Obligations, Managed Employee Benefit & Retirement-Related Trust & Agency Accounts",TESTO,4000.0
20240930,"Other Short-Term Obligations, Managed Employee Benefit & Retirement-Related Trust & Agency Accounts",TESTO,
20240630,"Other Short-Term Obligations, Managed Employee Benefit & Retirement-Related Trust & Agency Accounts",TESTO,
20240331,"Other Short-Term Obligations, Managed Employee Benefit & Retirement-Related Trust & Agency Accounts",TESTO,
20231231,"Other Short-Term Obligations, Managed Employee Benefit & Retirement-Related Trust & Agency Accounts",TESTO,29000.0
20230930,"Other Short-Term Obligations, Managed Employee Benefit & Retirement-Related Trust & Agency Accounts",TESTO,
20230630,"Other Short-Term Obligations, Managed Employee Benefit & Retirement-Related Trust & Agency Accounts",TESTO,
20230331,"Other Short-Term Obligations, Managed Employee Benefit & Retirement-Related Trust & Agency Accounts",TESTO,
20260630,"Other Notes and Bonds, Managed Employee Benefit & Retirement-Related Trust & Agency Accounts",TEOTHB,
20260331,"Other Notes and Bonds, Managed Employee Benefit & Retirement-Related Trust & Agency Accounts",TEOTHB,
20251231,"Other Notes and Bonds, Managed Employee Benefit & Retirement-Related Trust & Agency Accounts",TEOTHB,2088000.0
20250930,"Other Notes and Bonds, Managed Employee Benefit & Retirement-Related Trust & Agency Accounts",TEOTHB,
20250630,"Other Notes and Bonds, Managed Employee Benefit & Retirement-Related Trust & Agency Accounts",TEOTHB,
20250331,"Other Notes and Bonds, Managed Employee Benefit & Retirement-Related Trust & Agency Accounts",TEOTHB,
20241231,"Other Notes and Bonds, Managed Employee Benefit & Retirement-Related Trust & Agency Accounts",TEOTHB,1839000.0
20240930,"Other Notes and Bonds, Managed Employee Benefit & Retirement-Related Trust & Agency Accounts",TEOTHB,
20240630,"Other Notes and Bonds, Managed Employee Benefit & Retirement-Related Trust & Agency Accounts",TEOTHB,
20240331,"Other Notes and Bonds, Managed Employee Benefit & Retirement-Related Trust & Agency Accounts",TEOTHB,
20231231,"Other Notes and Bonds, Managed Employee Benefit & Retirement-Related Trust & Agency Accounts",TEOTHB,1311000.0
20230930,"Other Notes and Bonds, Managed Employee Benefit & Retirement-Related Trust & Agency Accounts",TEOTHB,
20230630,"Other Notes and Bonds, Managed Employee Benefit & Retirement-Related Trust & Agency Accounts",TEOTHB,
20230331,"Other Notes and Bonds, Managed Employee Benefit & Retirement-Related Trust & Agency Accounts",TEOTHB,
20260630,"Unregistered Funds & Private Equity Investments, Managed Employee Benefit & Retirement-Related Trust & Agency Accounts",TEUF,
20260331,"Unregistered Funds & Private Equity Investments, Managed Employee Benefit & Retirement-Related Trust & Agency Accounts",TEUF,
20251231,"Unregistered Funds & Private Equity Investments, Managed Employee Benefit & Retirement-Related Trust & Agency Accounts",TEUF,1834000.0
20250930,"Unregistered Funds & Private Equity Investments, Managed Employee Benefit & Retirement-Related Trust & Agency Accounts",TEUF,
20250630,"Unregistered Funds & Private Equity Investments, Managed Employee Benefit & Retirement-Related Trust & Agency Accounts",TEUF,
20250331,"Unregistered Funds & Private Equity Investments, Managed Employee Benefit & Retirement-Related Trust & Agency Accounts",TEUF,
20241231,"Unregistered Funds & Private Equity Investments, Managed Employee Benefit & Retirement-Related Trust & Agency Accounts",TEUF,2432000.0
20240930,"Unregistered Funds & Private Equity Investments, Managed Employee Benefit & Retirement-Related Trust & Agency Accounts",TEUF,
20240630,"Unregistered Funds & Private Equity Investments, Managed Employee Benefit & Retirement-Related Trust & Agency Accounts",TEUF,
20240331,"Unregistered Funds & Private Equity Investments, Managed Employee Benefit & Retirement-Related Trust & Agency Accounts",TEUF,
20231231,"Unregistered Funds & Private Equity Investments, Managed Employee Benefit & Retirement-Related Trust & Agency Accounts",TEUF,2430000.0
20230930,"Unregistered Funds & Private Equity Investments, Managed Employee Benefit & Retirement-Related Trust & Agency Accounts",TEUF,
20230630,"Unregistered Funds & Private Equity Investments, Managed Employee Benefit & Retirement-Related Trust & Agency Accounts",TEUF,
20230331,"Unregistered Funds & Private Equity Investments, Managed Employee Benefit & Retirement-Related Trust & Agency Accounts",TEUF,
20260630,"Other Common & Preferred Stocks, Managed Employee Benefit & Retirement-Related Trust & Agency Accounts",TECPS,
20260331,"Other Common & Preferred Stocks, Managed Employee Benefit & Retirement-Related Trust & Agency Accounts",TECPS,
20251231,"Other Common & Preferred Stocks, Managed Employee Benefit & Retirement-Related Trust & Agency Accounts",TECPS,1885000.0
20250930,"Other Common & Preferred Stocks, Managed Employee Benefit & Retirement-Related Trust & Agency Accounts",TECPS,
20250630,"Other Common & Preferred Stocks, Managed Employee Benefit & Retirement-Related Trust & Agency Accounts",TECPS,
20250331,"Other Common & Preferred Stocks, Managed Employee Benefit & Retirement-Related Trust & Agency Accounts",TECPS,
20241231,"Other Common & Preferred Stocks, Managed Employee Benefit & Retirement-Related Trust & Agency Accounts",TECPS,1453000.0
20240930,"Other Common & Preferred Stocks, Managed Employee Benefit & Retirement-Related Trust & Agency Accounts",TECPS,
20240630,"Other Common & Preferred Stocks, Managed Employee Benefit & Retirement-Related Trust & Agency Accounts",TECPS,
20240331,"Other Common & Preferred Stocks, Managed Employee Benefit & Retirement-Related Trust & Agency Accounts",TECPS,
20231231,"Other Common & Preferred Stocks, Managed Employee Benefit & Retirement-Related Trust & Agency Accounts",TECPS,1062000.0
20230930,"Other Common & Preferred Stocks, Managed Employee Benefit & Retirement-Related Trust & Agency Accounts",TECPS,
20230630,"Other Common & Preferred Stocks, Managed Employee Benefit & Retirement-Related Trust & Agency Accounts",TECPS,
20230331,"Other Common & Preferred Stocks, Managed Employee Benefit & Retirement-Related Trust & Agency Accounts",TECPS,
20260630,"Real Estate Mortgages, Managed Employee Benefit & Retirement-Related Trust & Agency Accounts",TEREMTG,
20260331,"Real Estate Mortgages, Managed Employee Benefit & Retirement-Related Trust & Agency Accounts",TEREMTG,
20251231,"Real Estate Mortgages, Managed Employee Benefit & Retirement-Related Trust & Agency Accounts",TEREMTG,0.0
20250930,"Real Estate Mortgages, Managed Employee Benefit & Retirement-Related Trust & Agency Accounts",TEREMTG,
20250630,"Real Estate Mortgages, Managed Employee Benefit & Retirement-Related Trust & Agency Accounts",TEREMTG,
20250331,"Real Estate Mortgages, Managed Employee Benefit & Retirement-Related Trust & Agency Accounts",TEREMTG,
20241231,"Real Estate Mortgages, Managed Employee Benefit & Retirement-Related Trust & Agency Accounts",TEREMTG,0.0
20240930,"Real Estate Mortgages, Managed Employee Benefit & Retirement-Related Trust & Agency Accounts",TEREMTG,
20240630,"Real Estate Mortgages, Managed Employee Benefit & Retirement-Related Trust & Agency Accounts",TEREMTG,
20240331,"Real Estate Mortgages, Managed Employee Benefit & Retirement-Related Trust & Agency Accounts",TEREMTG,
20231231,"Real Estate Mortgages, Managed Employee Benefit & Retirement-Related Trust & Agency Accounts",TEREMTG,0.0
20230930,"Real Estate Mortgages, Managed Employee Benefit & Retirement-Related Trust & Agency Accounts",TEREMTG,
20230630,"Real Estate Mortgages, Managed Employee Benefit & Retirement-Related Trust & Agency Accounts",TEREMTG,
20230331,"Real Estate Mortgages, Managed Employee Benefit & Retirement-Related Trust & Agency Accounts",TEREMTG,
20260630,"Real Estate, Managed Employee Benefit & Retirement-Related Trust & Agency Accounts",TERE,
20260331,"Real Estate, Managed Employee Benefit & Retirement-Related Trust & Agency Accounts",TERE,
20251231,"Real Estate, Managed Employee Benefit & Retirement-Related Trust & Agency Accounts",TERE,621000.0
20250930,"Real Estate, Managed Employee Benefit & Retirement-Related Trust & Agency Accounts",TERE,
20250630,"Real Estate, Managed Employee Benefit & Retirement-Related Trust & Agency Accounts",TERE,
20250331,"Real Estate, Managed Employee Benefit & Retirement-Related Trust & Agency Accounts",TERE,
20241231,"Real Estate, Managed Employee Benefit & Retirement-Related Trust & Agency Accounts",TERE,1026000.0
20240930,"Real Estate, Managed Employee Benefit & Retirement-Related Trust & Agency Accounts",TERE,
20240630,"Real Estate, Managed Employee Benefit & Retirement-Related Trust & Agency Accounts",TERE,
20240331,"Real Estate, Managed Employee Benefit & Retirement-Related Trust & Agency Accounts",TERE,
20231231,"Real Estate, Managed Employee Benefit & Retirement-Related Trust & Agency Accounts",TERE,972000.0
20230930,"Real Estate, Managed Employee Benefit & Retirement-Related Trust & Agency Accounts",TERE,
20230630,"Real Estate, Managed Employee Benefit & Retirement-Related Trust & Agency Accounts",TERE,
20230331,"Real Estate, Managed Employee Benefit & Retirement-Related Trust & Agency Accounts",TERE,
20260630,"Miscellaneous Assets, Managed Employee Benefit & Retirement-Related Trust & Agency Accounts",TEMISC,
20260331,"Miscellaneous Assets, Managed Employee Benefit & Retirement-Related Trust & Agency Accounts",TEMISC,
20251231,"Miscellaneous Assets, Managed Employee Benefit & Retirement-Related Trust & Agency Accounts",TEMISC,35000.0
20250930,"Miscellaneous Assets, Managed Employee Benefit & Retirement-Related Trust & Agency Accounts",TEMISC,
20250630,"Miscellaneous Assets, Managed Employee Benefit & Retirement-Related Trust & Agency Accounts",TEMISC,
20250331,"Miscellaneous Assets, Managed Employee Benefit & Retirement-Related Trust & Agency Accounts",TEMISC,
20241231,"Miscellaneous Assets, Managed Employee Benefit & Retirement-Related Trust & Agency Accounts",TEMISC,0.0
20240930,"Miscellaneous Assets, Managed Employee Benefit & Retirement-Related Trust & Agency Accounts",TEMISC,
20240630,"Miscellaneous Assets, Managed Employee Benefit & Retirement-Related Trust & Agency Accounts",TEMISC,
20240331,"Miscellaneous Assets, Managed Employee Benefit & Retirement-Related Trust & Agency Accounts",TEMISC,
20231231,"Miscellaneous Assets, Managed Employee Benefit & Retirement-Related Trust & Agency Accounts",TEMISC,0.0
20230930,"Miscellaneous Assets, Managed Employee Benefit & Retirement-Related Trust & Agency Accounts",TEMISC,
20230630,"Miscellaneous Assets, Managed Employee Benefit & Retirement-Related Trust & Agency Accounts",TEMISC,
20230331,"Miscellaneous Assets, Managed Employee Benefit & Retirement-Related Trust & Agency Accounts",TEMISC,
20260630,"Memo: Total, All Other Managed Asset Accounts (Dec. Only)",TOMATOT,
20260331,"Memo: Total, All Other Managed Asset Accounts (Dec. Only)",TOMATOT,
20251231,"Memo: Total, All Other Managed Asset Accounts (Dec. Only)",TOMATOT,70932000.0
20250930,"Memo: Total, All Other Managed Asset Accounts (Dec. Only)",TOMATOT,
20250630,"Memo: Total, All Other Managed Asset Accounts (Dec. Only)",TOMATOT,
20250331,"Memo: Total, All Other Managed Asset Accounts (Dec. Only)",TOMATOT,
20241231,"Memo: Total, All Other Managed Asset Accounts (Dec. Only)",TOMATOT,59170000.0
20240930,"Memo: Total, All Other Managed Asset Accounts (Dec. Only)",TOMATOT,
20240630,"Memo: Total, All Other Managed Asset Accounts (Dec. Only)",TOMATOT,
20240331,"Memo: Total, All Other Managed Asset Accounts (Dec. Only)",TOMATOT,
20231231,"Memo: Total, All Other Managed Asset Accounts (Dec. Only)",TOMATOT,45637000.0
20230930,"Memo: Total, All Other Managed Asset Accounts (Dec. Only)",TOMATOT,
20230630,"Memo: Total, All Other Managed Asset Accounts (Dec. Only)",TOMATOT,
20230331,"Memo: Total, All Other Managed Asset Accounts (Dec. Only)",TOMATOT,
20260630,"Noninterest-Bearing Deposits, Managed All Other Accounts",TONI,
20260331,"Noninterest-Bearing Deposits, Managed All Other Accounts",TONI,
20251231,"Noninterest-Bearing Deposits, Managed All Other Accounts",TONI,44000.0
20250930,"Noninterest-Bearing Deposits, Managed All Other Accounts",TONI,
20250630,"Noninterest-Bearing Deposits, Managed All Other Accounts",TONI,
20250331,"Noninterest-Bearing Deposits, Managed All Other Accounts",TONI,
20241231,"Noninterest-Bearing Deposits, Managed All Other Accounts",TONI,33000.0
20240930,"Noninterest-Bearing Deposits, Managed All Other Accounts",TONI,
20240630,"Noninterest-Bearing Deposits, Managed All Other Accounts",TONI,
20240331,"Noninterest-Bearing Deposits, Managed All Other Accounts",TONI,
20231231,"Noninterest-Bearing Deposits, Managed All Other Accounts",TONI,108000.0
20230930,"Noninterest-Bearing Deposits, Managed All Other Accounts",TONI,
20230630,"Noninterest-Bearing Deposits, Managed All Other Accounts",TONI,
20230331,"Noninterest-Bearing Deposits, Managed All Other Accounts",TONI,
20260630,"Interest-Bearing Deposits, Managed All Other Accounts",TOI,
20260331,"Interest-Bearing Deposits, Managed All Other Accounts",TOI,
20251231,"Interest-Bearing Deposits, Managed All Other Accounts",TOI,1399000.0
20250930,"Interest-Bearing Deposits, Managed All Other Accounts",TOI,
20250630,"Interest-Bearing Deposits, Managed All Other Accounts",TOI,
20250331,"Interest-Bearing Deposits, Managed All Other Accounts",TOI,
20241231,"Interest-Bearing Deposits, Managed All Other Accounts",TOI,1449000.0
20240930,"Interest-Bearing Deposits, Managed All Other Accounts",TOI,
20240630,"Interest-Bearing Deposits, Managed All Other Accounts",TOI,
20240331,"Interest-Bearing Deposits, Managed All Other Accounts",TOI,
20231231,"Interest-Bearing Deposits, Managed All Other Accounts",TOI,799000.0
20230930,"Interest-Bearing Deposits, Managed All Other Accounts",TOI,
20230630,"Interest-Bearing Deposits, Managed All Other Accounts",TOI,
20230331,"Interest-Bearing Deposits, Managed All Other Accounts",TOI,
20260630,"U.S. Treasury & U.S. Government Agency Obligations, Managed All Other Accounts",TOSCUS,
20260331,"U.S. Treasury & U.S. Government Agency Obligations, Managed All Other Accounts",TOSCUS,
20251231,"U.S. Treasury & U.S. Government Agency Obligations, Managed All Other Accounts",TOSCUS,5578000.0
20250930,"U.S. Treasury & U.S. Government Agency Obligations, Managed All Other Accounts",TOSCUS,
20250630,"U.S. Treasury & U.S. Government Agency Obligations, Managed All Other Accounts",TOSCUS,
20250331,"U.S. Treasury & U.S. Government Agency Obligations, Managed All Other Accounts",TOSCUS,
20241231,"U.S. Treasury & U.S. Government Agency Obligations, Managed All Other Accounts",TOSCUS,6274000.0
20240930,"U.S. Treasury & U.S. Government Agency Obligations, Managed All Other Accounts",TOSCUS,
20240630,"U.S. Treasury & U.S. Government Agency Obligations, Managed All Other Accounts",TOSCUS,
20240331,"U.S. Treasury & U.S. Government Agency Obligations, Managed All Other Accounts",TOSCUS,
20231231,"U.S. Treasury & U.S. Government Agency Obligations, Managed All Other Accounts",TOSCUS,3456000.0
20230930,"U.S. Treasury & U.S. Government Agency Obligations, Managed All Other Accounts",TOSCUS,
20230630,"U.S. Treasury & U.S. Government Agency Obligations, Managed All Other Accounts",TOSCUS,
20230331,"U.S. Treasury & U.S. Government Agency Obligations, Managed All Other Accounts",TOSCUS,
20260630,"State, County and Municipal Obligations, Managed All Other Accounts",TOSCMUN,
20260331,"State, County and Municipal Obligations, Managed All Other Accounts",TOSCMUN,
20251231,"State, County and Municipal Obligations, Managed All Other Accounts",TOSCMUN,226000.0
20250930,"State, County and Municipal Obligations, Managed All Other Accounts",TOSCMUN,
20250630,"State, County and Municipal Obligations, Managed All Other Accounts",TOSCMUN,
20250331,"State, County and Municipal Obligations, Managed All Other Accounts",TOSCMUN,
20241231,"State, County and Municipal Obligations, Managed All Other Accounts",TOSCMUN,25000.0
20240930,"State, County and Municipal Obligations, Managed All Other Accounts",TOSCMUN,
20240630,"State, County and Municipal Obligations, Managed All Other Accounts",TOSCMUN,
20240331,"State, County and Municipal Obligations, Managed All Other Accounts",TOSCMUN,
20231231,"State, County and Municipal Obligations, Managed All Other Accounts",TOSCMUN,41000.0
20230930,"State, County and Municipal Obligations, Managed All Other Accounts",TOSCMUN,
20230630,"State, County and Municipal Obligations, Managed All Other Accounts",TOSCMUN,
20230331,"State, County and Municipal Obligations, Managed All Other Accounts",TOSCMUN,
20260630,"Money Market Mutual Funds, Managed All Other Accounts",TOMMF,
20260331,"Money Market Mutual Funds, Managed All Other Accounts",TOMMF,
20251231,"Money Market Mutual Funds, Managed All Other Accounts",TOMMF,153000.0
20250930,"Money Market Mutual Funds, Managed All Other Accounts",TOMMF,
20250630,"Money Market Mutual Funds, Managed All Other Accounts",TOMMF,
20250331,"Money Market Mutual Funds, Managed All Other Accounts",TOMMF,
20241231,"Money Market Mutual Funds, Managed All Other Accounts",TOMMF,139000.0
20240930,"Money Market Mutual Funds, Managed All Other Accounts",TOMMF,
20240630,"Money Market Mutual Funds, Managed All Other Accounts",TOMMF,
20240331,"Money Market Mutual Funds, Managed All Other Accounts",TOMMF,
20231231,"Money Market Mutual Funds, Managed All Other Accounts",TOMMF,143000.0
20230930,"Money Market Mutual Funds, Managed All Other Accounts",TOMMF,
20230630,"Money Market Mutual Funds, Managed All Other Accounts",TOMMF,
20230331,"Money Market Mutual Funds, Managed All Other Accounts",TOMMF,
20260630,"Equity Mutual Funds, Managed All Other Accounts",TOEQF,
20260331,"Equity Mutual Funds, Managed All Other Accounts",TOEQF,
20251231,"Equity Mutual Funds, Managed All Other Accounts",TOEQF,38086000.0
20250930,"Equity Mutual Funds, Managed All Other Accounts",TOEQF,
20250630,"Equity Mutual Funds, Managed All Other Accounts",TOEQF,
20250331,"Equity Mutual Funds, Managed All Other Accounts",TOEQF,
20241231,"Equity Mutual Funds, Managed All Other Accounts",TOEQF,28857000.0
20240930,"Equity Mutual Funds, Managed All Other Accounts",TOEQF,
20240630,"Equity Mutual Funds, Managed All Other Accounts",TOEQF,
20240331,"Equity Mutual Funds, Managed All Other Accounts",TOEQF,
20231231,"Equity Mutual Funds, Managed All Other Accounts",TOEQF,23772000.0
20230930,"Equity Mutual Funds, Managed All Other Accounts",TOEQF,
20230630,"Equity Mutual Funds, Managed All Other Accounts",TOEQF,
20230331,"Equity Mutual Funds, Managed All Other Accounts",TOEQF,
20260630,"Other Mutual Funds, Managed All Other Accounts",TOOTHF,
20260331,"Other Mutual Funds, Managed All Other Accounts",TOOTHF,
20251231,"Other Mutual Funds, Managed All Other Accounts",TOOTHF,10085000.0
20250930,"Other Mutual Funds, Managed All Other Accounts",TOOTHF,
20250630,"Other Mutual Funds, Managed All Other Accounts",TOOTHF,
20250331,"Other Mutual Funds, Managed All Other Accounts",TOOTHF,
20241231,"Other Mutual Funds, Managed All Other Accounts",TOOTHF,9733000.0
20240930,"Other Mutual Funds, Managed All Other Accounts",TOOTHF,
20240630,"Other Mutual Funds, Managed All Other Accounts",TOOTHF,
20240331,"Other Mutual Funds, Managed All Other Accounts",TOOTHF,
20231231,"Other Mutual Funds, Managed All Other Accounts",TOOTHF,8418000.0
20230930,"Other Mutual Funds, Managed All Other Accounts",TOOTHF,
20230630,"Other Mutual Funds, Managed All Other Accounts",TOOTHF,
20230331,"Other Mutual Funds, Managed All Other Accounts",TOOTHF,
20260630,"Common Trust Funds and Collective Investment Funds, Managed All Other  Accounts",TOTRF,
20260331,"Common Trust Funds and Collective Investment Funds, Managed All Other  Accounts",TOTRF,
20251231,"Common Trust Funds and Collective Investment Funds, Managed All Other  Accounts",TOTRF,0.0
20250930,"Common Trust Funds and Collective Investment Funds, Managed All Other  Accounts",TOTRF,
20250630,"Common Trust Funds and Collective Investment Funds, Managed All Other  Accounts",TOTRF,
20250331,"Common Trust Funds and Collective Investment Funds, Managed All Other  Accounts",TOTRF,
20241231,"Common Trust Funds and Collective Investment Funds, Managed All Other  Accounts",TOTRF,0.0
20240930,"Common Trust Funds and Collective Investment Funds, Managed All Other  Accounts",TOTRF,
20240630,"Common Trust Funds and Collective Investment Funds, Managed All Other  Accounts",TOTRF,
20240331,"Common Trust Funds and Collective Investment Funds, Managed All Other  Accounts",TOTRF,
20231231,"Common Trust Funds and Collective Investment Funds, Managed All Other  Accounts",TOTRF,0.0
20230930,"Common Trust Funds and Collective Investment Funds, Managed All Other  Accounts",TOTRF,
20230630,"Common Trust Funds and Collective Investment Funds, Managed All Other  Accounts",TOTRF,
20230331,"Common Trust Funds and Collective Investment Funds, Managed All Other  Accounts",TOTRF,
20260630,"Other Short-Term Obligations, Managed All Other Accounts",TOSTO,
20260331,"Other Short-Term Obligations, Managed All Other Accounts",TOSTO,
20251231,"Other Short-Term Obligations, Managed All Other Accounts",TOSTO,87000.0
20250930,"Other Short-Term Obligations, Managed All Other Accounts",TOSTO,
20250630,"Other Short-Term Obligations, Managed All Other Accounts",TOSTO,
20250331,"Other Short-Term Obligations, Managed All Other Accounts",TOSTO,
20241231,"Other Short-Term Obligations, Managed All Other Accounts",TOSTO,68000.0
20240930,"Other Short-Term Obligations, Managed All Other Accounts",TOSTO,
20240630,"Other Short-Term Obligations, Managed All Other Accounts",TOSTO,
20240331,"Other Short-Term Obligations, Managed All Other Accounts",TOSTO,
20231231,"Other Short-Term Obligations, Managed All Other Accounts",TOSTO,64000.0
20230930,"Other Short-Term Obligations, Managed All Other Accounts",TOSTO,
20230630,"Other Short-Term Obligations, Managed All Other Accounts",TOSTO,
20230331,"Other Short-Term Obligations, Managed All Other Accounts",TOSTO,
20260630,"Other Notes and Bonds, Managed All Other Accounts",TOOTHB,
20260331,"Other Notes and Bonds, Managed All Other Accounts",TOOTHB,
20251231,"Other Notes and Bonds, Managed All Other Accounts",TOOTHB,7596000.0
20250930,"Other Notes and Bonds, Managed All Other Accounts",TOOTHB,
20250630,"Other Notes and Bonds, Managed All Other Accounts",TOOTHB,
20250331,"Other Notes and Bonds, Managed All Other Accounts",TOOTHB,
20241231,"Other Notes and Bonds, Managed All Other Accounts",TOOTHB,5943000.0
20240930,"Other Notes and Bonds, Managed All Other Accounts",TOOTHB,
20240630,"Other Notes and Bonds, Managed All Other Accounts",TOOTHB,
20240331,"Other Notes and Bonds, Managed All Other Accounts",TOOTHB,
20231231,"Other Notes and Bonds, Managed All Other Accounts",TOOTHB,3281000.0
20230930,"Other Notes and Bonds, Managed All Other Accounts",TOOTHB,
20230630,"Other Notes and Bonds, Managed All Other Accounts",TOOTHB,
20230331,"Other Notes and Bonds, Managed All Other Accounts",TOOTHB,
20260630,"Investments in Unregistered Funds & Private Equity Investments, Managed All Other Accounts",TOUF,
20260331,"Investments in Unregistered Funds & Private Equity Investments, Managed All Other Accounts",TOUF,
20251231,"Investments in Unregistered Funds & Private Equity Investments, Managed All Other Accounts",TOUF,1770000.0
20250930,"Investments in Unregistered Funds & Private Equity Investments, Managed All Other Accounts",TOUF,
20250630,"Investments in Unregistered Funds & Private Equity Investments, Managed All Other Accounts",TOUF,
20250331,"Investments in Unregistered Funds & Private Equity Investments, Managed All Other Accounts",TOUF,
20241231,"Investments in Unregistered Funds & Private Equity Investments, Managed All Other Accounts",TOUF,1604000.0
20240930,"Investments in Unregistered Funds & Private Equity Investments, Managed All Other Accounts",TOUF,
20240630,"Investments in Unregistered Funds & Private Equity Investments, Managed All Other Accounts",TOUF,
20240331,"Investments in Unregistered Funds & Private Equity Investments, Managed All Other Accounts",TOUF,
20231231,"Investments in Unregistered Funds & Private Equity Investments, Managed All Other Accounts",TOUF,1378000.0
20230930,"Investments in Unregistered Funds & Private Equity Investments, Managed All Other Accounts",TOUF,
20230630,"Investments in Unregistered Funds & Private Equity Investments, Managed All Other Accounts",TOUF,
20230331,"Investments in Unregistered Funds & Private Equity Investments, Managed All Other Accounts",TOUF,
20260630,"Other Common and Preferred Stocks, Managed All Other  Accounts",TOCPS,
20260331,"Other Common and Preferred Stocks, Managed All Other  Accounts",TOCPS,
20251231,"Other Common and Preferred Stocks, Managed All Other  Accounts",TOCPS,5481000.0
20250930,"Other Common and Preferred Stocks, Managed All Other  Accounts",TOCPS,
20250630,"Other Common and Preferred Stocks, Managed All Other  Accounts",TOCPS,
20250331,"Other Common and Preferred Stocks, Managed All Other  Accounts",TOCPS,
20241231,"Other Common and Preferred Stocks, Managed All Other  Accounts",TOCPS,4713000.0
20240930,"Other Common and Preferred Stocks, Managed All Other  Accounts",TOCPS,
20240630,"Other Common and Preferred Stocks, Managed All Other  Accounts",TOCPS,
20240331,"Other Common and Preferred Stocks, Managed All Other  Accounts",TOCPS,
20231231,"Other Common and Preferred Stocks, Managed All Other  Accounts",TOCPS,3900000.0
20230930,"Other Common and Preferred Stocks, Managed All Other  Accounts",TOCPS,
20230630,"Other Common and Preferred Stocks, Managed All Other  Accounts",TOCPS,
20230331,"Other Common and Preferred Stocks, Managed All Other  Accounts",TOCPS,
20260630,"Real Estate Mortgages, Managed All Other Accounts",TOREMTG,
20260331,"Real Estate Mortgages, Managed All Other Accounts",TOREMTG,
20251231,"Real Estate Mortgages, Managed All Other Accounts",TOREMTG,0.0
20250930,"Real Estate Mortgages, Managed All Other Accounts",TOREMTG,
20250630,"Real Estate Mortgages, Managed All Other Accounts",TOREMTG,
20250331,"Real Estate Mortgages, Managed All Other Accounts",TOREMTG,
20241231,"Real Estate Mortgages, Managed All Other Accounts",TOREMTG,0.0
20240930,"Real Estate Mortgages, Managed All Other Accounts",TOREMTG,
20240630,"Real Estate Mortgages, Managed All Other Accounts",TOREMTG,
20240331,"Real Estate Mortgages, Managed All Other Accounts",TOREMTG,
20231231,"Real Estate Mortgages, Managed All Other Accounts",TOREMTG,0.0
20230930,"Real Estate Mortgages, Managed All Other Accounts",TOREMTG,
20230630,"Real Estate Mortgages, Managed All Other Accounts",TOREMTG,
20230331,"Real Estate Mortgages, Managed All Other Accounts",TOREMTG,
20260630,"Real Estate, Managed All Other  Accounts",TORE,
20260331,"Real Estate, Managed All Other  Accounts",TORE,
20251231,"Real Estate, Managed All Other  Accounts",TORE,273000.0
20250930,"Real Estate, Managed All Other  Accounts",TORE,
20250630,"Real Estate, Managed All Other  Accounts",TORE,
20250331,"Real Estate, Managed All Other  Accounts",TORE,
20241231,"Real Estate, Managed All Other  Accounts",TORE,250000.0
20240930,"Real Estate, Managed All Other  Accounts",TORE,
20240630,"Real Estate, Managed All Other  Accounts",TORE,
20240331,"Real Estate, Managed All Other  Accounts",TORE,
20231231,"Real Estate, Managed All Other  Accounts",TORE,239000.0
20230930,"Real Estate, Managed All Other  Accounts",TORE,
20230630,"Real Estate, Managed All Other  Accounts",TORE,
20230331,"Real Estate, Managed All Other  Accounts",TORE,
20260630,"Miscellaneous Assets, Managed All Other Accounts",TOMISC,
20260331,"Miscellaneous Assets, Managed All Other Accounts",TOMISC,
20251231,"Miscellaneous Assets, Managed All Other Accounts",TOMISC,154000.0
20250930,"Miscellaneous Assets, Managed All Other Accounts",TOMISC,
20250630,"Miscellaneous Assets, Managed All Other Accounts",TOMISC,
20250331,"Miscellaneous Assets, Managed All Other Accounts",TOMISC,
20241231,"Miscellaneous Assets, Managed All Other Accounts",TOMISC,82000.0
20240930,"Miscellaneous Assets, Managed All Other Accounts",TOMISC,
20240630,"Miscellaneous Assets, Managed All Other Accounts",TOMISC,
20240331,"Miscellaneous Assets, Managed All Other Accounts",TOMISC,
20231231,"Miscellaneous Assets, Managed All Other Accounts",TOMISC,38000.0
20230930,"Miscellaneous Assets, Managed All Other Accounts",TOMISC,
20230630,"Miscellaneous Assets, Managed All Other Accounts",TOMISC,
20230331,"Miscellaneous Assets, Managed All Other Accounts",TOMISC,
20260630,Non-Managed Assets ($),TTNMA,1188001000.0
20260331,Non-Managed Assets ($),TTNMA,1134148000.0
20251231,Non-Managed Assets ($),TTNMA,1134619000.0
20250930,Non-Managed Assets ($),TTNMA,1105535000.0
20250630,Non-Managed Assets ($),TTNMA,1043229000.0
20250331,Non-Managed Assets ($),TTNMA,990730000.0
20241231,Non-Managed Assets ($),TTNMA,987995000.0
20240930,Non-Managed Assets ($),TTNMA,994130000.0
20240630,Non-Managed Assets ($),TTNMA,946565000.0
20240331,Non-Managed Assets ($),TTNMA,933644000.0
20231231,Non-Managed Assets ($),TTNMA,914532000.0
20230930,Non-Managed Assets ($),TTNMA,864695000.0
20230630,Non-Managed Assets ($),TTNMA,880234000.0
20230331,Non-Managed Assets ($),TTNMA,877575000.0
20260630,"Personal Trust and Agency Accounts, Non-Managed Assets",TPNMA,18046000.0
20260331,"Personal Trust and Agency Accounts, Non-Managed Assets",TPNMA,15919000.0
20251231,"Personal Trust and Agency Accounts, Non-Managed Assets",TPNMA,17698000.0
20250930,"Personal Trust and Agency Accounts, Non-Managed Assets",TPNMA,16281000.0
20250630,"Personal Trust and Agency Accounts, Non-Managed Assets",TPNMA,15963000.0
20250331,"Personal Trust and Agency Accounts, Non-Managed Assets",TPNMA,15955000.0
20241231,"Personal Trust and Agency Accounts, Non-Managed Assets",TPNMA,16234000.0
20240930,"Personal Trust and Agency Accounts, Non-Managed Assets",TPNMA,25658000.0
20240630,"Personal Trust and Agency Accounts, Non-Managed Assets",TPNMA,26956000.0
20240331,"Personal Trust and Agency Accounts, Non-Managed Assets",TPNMA,28854000.0
20231231,"Personal Trust and Agency Accounts, Non-Managed Assets",TPNMA,28608000.0
20230930,"Personal Trust and Agency Accounts, Non-Managed Assets",TPNMA,29732000.0
20230630,"Personal Trust and Agency Accounts, Non-Managed Assets",TPNMA,31992000.0
20230331,"Personal Trust and Agency Accounts, Non-Managed Assets",TPNMA,20715000.0
20260630,"Employee Benefit-Defined Contribution Accounts, Non-Managed Assets",TECNMA,249422000.0
20260331,"Employee Benefit-Defined Contribution Accounts, Non-Managed Assets",TECNMA,223023000.0
20251231,"Employee Benefit-Defined Contribution Accounts, Non-Managed Assets",TECNMA,226020000.0
20250930,"Employee Benefit-Defined Contribution Accounts, Non-Managed Assets",TECNMA,221461000.0
20250630,"Employee Benefit-Defined Contribution Accounts, Non-Managed Assets",TECNMA,210963000.0
20250331,"Employee Benefit-Defined Contribution Accounts, Non-Managed Assets",TECNMA,194160000.0
20241231,"Employee Benefit-Defined Contribution Accounts, Non-Managed Assets",TECNMA,194772000.0
20240930,"Employee Benefit-Defined Contribution Accounts, Non-Managed Assets",TECNMA,191631000.0
20240630,"Employee Benefit-Defined Contribution Accounts, Non-Managed Assets",TECNMA,181443000.0
20240331,"Employee Benefit-Defined Contribution Accounts, Non-Managed Assets",TECNMA,176401000.0
20231231,"Employee Benefit-Defined Contribution Accounts, Non-Managed Assets",TECNMA,169461000.0
20230930,"Employee Benefit-Defined Contribution Accounts, Non-Managed Assets",TECNMA,153863000.0
20230630,"Employee Benefit-Defined Contribution Accounts, Non-Managed Assets",TECNMA,156631000.0
20230331,"Employee Benefit-Defined Contribution Accounts, Non-Managed Assets",TECNMA,148974000.0
20260630,"Employee Benefit-Defined Benefit Accounts, Non-Managed Assets",TEBNMA,279542000.0
20260331,"Employee Benefit-Defined Benefit Accounts, Non-Managed Assets",TEBNMA,272933000.0
20251231,"Employee Benefit-Defined Benefit Accounts, Non-Managed Assets",TEBNMA,273953000.0
20250930,"Employee Benefit-Defined Benefit Accounts, Non-Managed Assets",TEBNMA,274038000.0
20250630,"Employee Benefit-Defined Benefit Accounts, Non-Managed Assets",TEBNMA,268178000.0
20250331,"Employee Benefit-Defined Benefit Accounts, Non-Managed Assets",TEBNMA,264495000.0
20241231,"Employee Benefit-Defined Benefit Accounts, Non-Managed Assets",TEBNMA,273468000.0
20240930,"Employee Benefit-Defined Benefit Accounts, Non-Managed Assets",TEBNMA,277264000.0
20240630,"Employee Benefit-Defined Benefit Accounts, Non-Managed Assets",TEBNMA,266854000.0
20240331,"Employee Benefit-Defined Benefit Accounts, Non-Managed Assets",TEBNMA,273131000.0
20231231,"Employee Benefit-Defined Benefit Accounts, Non-Managed Assets",TEBNMA,274495000.0
20230930,"Employee Benefit-Defined Benefit Accounts, Non-Managed Assets",TEBNMA,257787000.0
20230630,"Employee Benefit-Defined Benefit Accounts, Non-Managed Assets",TEBNMA,278029000.0
20230331,"Employee Benefit-Defined Benefit Accounts, Non-Managed Assets",TEBNMA,288038000.0
20260630,"Other Retirement Accounts, Non-Managed Assets",TORNMA,13000000.0
20260331,"Other Retirement Accounts, Non-Managed Assets",TORNMA,11545000.0
20251231,"Other Retirement Accounts, Non-Managed Assets",TORNMA,10578000.0
20250930,"Other Retirement Accounts, Non-Managed Assets",TORNMA,10600000.0
20250630,"Other Retirement Accounts, Non-Managed Assets",TORNMA,8015000.0
20250331,"Other Retirement Accounts, Non-Managed Assets",TORNMA,8145000.0
20241231,"Other Retirement Accounts, Non-Managed Assets",TORNMA,8110000.0
20240930,"Other Retirement Accounts, Non-Managed Assets",TORNMA,8136000.0
20240630,"Other Retirement Accounts, Non-Managed Assets",TORNMA,7885000.0
20240331,"Other Retirement Accounts, Non-Managed Assets",TORNMA,7777000.0
20231231,"Other Retirement Accounts, Non-Managed Assets",TORNMA,7599000.0
20230930,"Other Retirement Accounts, Non-Managed Assets",TORNMA,7280000.0
20230630,"Other Retirement Accounts, Non-Managed Assets",TORNMA,7421000.0
20230331,"Other Retirement Accounts, Non-Managed Assets",TORNMA,6041000.0
20260630,"Corporate Trust and Agency Accounts, Non-Managed Assets",TCANMA,1067000.0
20260331,"Corporate Trust and Agency Accounts, Non-Managed Assets",TCANMA,3275000.0
20251231,"Corporate Trust and Agency Accounts, Non-Managed Assets",TCANMA,957000.0
20250930,"Corporate Trust and Agency Accounts, Non-Managed Assets",TCANMA,1337000.0
20250630,"Corporate Trust and Agency Accounts, Non-Managed Assets",TCANMA,443000.0
20250331,"Corporate Trust and Agency Accounts, Non-Managed Assets",TCANMA,989000.0
20241231,"Corporate Trust and Agency Accounts, Non-Managed Assets",TCANMA,1073000.0
20240930,"Corporate Trust and Agency Accounts, Non-Managed Assets",TCANMA,366000.0
20240630,"Corporate Trust and Agency Accounts, Non-Managed Assets",TCANMA,428000.0
20240331,"Corporate Trust and Agency Accounts, Non-Managed Assets",TCANMA,1472000.0
20231231,"Corporate Trust and Agency Accounts, Non-Managed Assets",TCANMA,746000.0
20230930,"Corporate Trust and Agency Accounts, Non-Managed Assets",TCANMA,442000.0
20230630,"Corporate Trust and Agency Accounts, Non-Managed Assets",TCANMA,375000.0
20230331,"Corporate Trust and Agency Accounts, Non-Managed Assets",TCANMA,1023000.0
20260630,"Investment Management and Advisory Agency Accounts, Non-Managed Assets",TIMNMA,423240000.0
20260331,"Investment Management and Advisory Agency Accounts, Non-Managed Assets",TIMNMA,404508000.0
20251231,"Investment Management and Advisory Agency Accounts, Non-Managed Assets",TIMNMA,421597000.0
20250930,"Investment Management and Advisory Agency Accounts, Non-Managed Assets",TIMNMA,402712000.0
20250630,"Investment Management and Advisory Agency Accounts, Non-Managed Assets",TIMNMA,369935000.0
20250331,"Investment Management and Advisory Agency Accounts, Non-Managed Assets",TIMNMA,342581000.0
20241231,"Investment Management and Advisory Agency Accounts, Non-Managed Assets",TIMNMA,325277000.0
20240930,"Investment Management and Advisory Agency Accounts, Non-Managed Assets",TIMNMA,318481000.0
20240630,"Investment Management and Advisory Agency Accounts, Non-Managed Assets",TIMNMA,288061000.0
20240331,"Investment Management and Advisory Agency Accounts, Non-Managed Assets",TIMNMA,275150000.0
20231231,"Investment Management and Advisory Agency Accounts, Non-Managed Assets",TIMNMA,266541000.0
20230930,"Investment Management and Advisory Agency Accounts, Non-Managed Assets",TIMNMA,249441000.0
20230630,"Investment Management and Advisory Agency Accounts, Non-Managed Assets",TIMNMA,241350000.0
20230331,"Investment Management and Advisory Agency Accounts, Non-Managed Assets",TIMNMA,233841000.0
20260630,"Foundation and Endowment Trust and Agency Accounts, Non-Managed Assets",TFENMA,3953000.0
20260331,"Foundation and Endowment Trust and Agency Accounts, Non-Managed Assets",TFENMA,3737000.0
20251231,"Foundation and Endowment Trust and Agency Accounts, Non-Managed Assets",TFENMA,3577000.0
20250930,"Foundation and Endowment Trust and Agency Accounts, Non-Managed Assets",TFENMA,2731000.0
20250630,"Foundation and Endowment Trust and Agency Accounts, Non-Managed Assets",TFENMA,2565000.0
20250331,"Foundation and Endowment Trust and Agency Accounts, Non-Managed Assets",TFENMA,2654000.0
20241231,"Foundation and Endowment Trust and Agency Accounts, Non-Managed Assets",TFENMA,2699000.0
20240930,"Foundation and Endowment Trust and Agency Accounts, Non-Managed Assets",TFENMA,2616000.0
20240630,"Foundation and Endowment Trust and Agency Accounts, Non-Managed Assets",TFENMA,2499000.0
20240331,"Foundation and Endowment Trust and Agency Accounts, Non-Managed Assets",TFENMA,2496000.0
20231231,"Foundation and Endowment Trust and Agency Accounts, Non-Managed Assets",TFENMA,2351000.0
20230930,"Foundation and Endowment Trust and Agency Accounts, Non-Managed Assets",TFENMA,2250000.0
20230630,"Foundation and Endowment Trust and Agency Accounts, Non-Managed Assets",TFENMA,2218000.0
20230331,"Foundation and Endowment Trust and Agency Accounts, Non-Managed Assets",TFENMA,2471000.0
20260630,"Other Fiduciary Accounts, Non-Managed Assets",TOFNMA,199731000.0
20260331,"Other Fiduciary Accounts, Non-Managed Assets",TOFNMA,199208000.0
20251231,"Other Fiduciary Accounts, Non-Managed Assets",TOFNMA,180239000.0
20250930,"Other Fiduciary Accounts, Non-Managed Assets",TOFNMA,176375000.0
20250630,"Other Fiduciary Accounts, Non-Managed Assets",TOFNMA,167167000.0
20250331,"Other Fiduciary Accounts, Non-Managed Assets",TOFNMA,161751000.0
20241231,"Other Fiduciary Accounts, Non-Managed Assets",TOFNMA,166362000.0
20240930,"Other Fiduciary Accounts, Non-Managed Assets",TOFNMA,169978000.0
20240630,"Other Fiduciary Accounts, Non-Managed Assets",TOFNMA,172439000.0
20240331,"Other Fiduciary Accounts, Non-Managed Assets",TOFNMA,168363000.0
20231231,"Other Fiduciary Accounts, Non-Managed Assets",TOFNMA,164731000.0
20230930,"Other Fiduciary Accounts, Non-Managed Assets",TOFNMA,163900000.0
20230630,"Other Fiduciary Accounts, Non-Managed Assets",TOFNMA,162218000.0
20230331,"Other Fiduciary Accounts, Non-Managed Assets",TOFNMA,176472000.0
20260630,"Custody and Safekeeping Accounts, Non-Managed Assets",TCSNMA,43604747000.0
20260331,"Custody and Safekeeping Accounts, Non-Managed Assets",TCSNMA,39833535000.0
20251231,"Custody and Safekeeping Accounts, Non-Managed Assets",TCSNMA,40098190000.0
20250930,"Custody and Safekeeping Accounts, Non-Managed Assets",TCSNMA,39065875000.0
20250630,"Custody and Safekeeping Accounts, Non-Managed Assets",TCSNMA,37087985000.0
20250331,"Custody and Safekeeping Accounts, Non-Managed Assets",TCSNMA,34861044000.0
20241231,"Custody and Safekeeping Accounts, Non-Managed Assets",TCSNMA,34387789000.0
20240930,"Custody and Safekeeping Accounts, Non-Managed Assets",TCSNMA,34836733000.0
20240630,"Custody and Safekeeping Accounts, Non-Managed Assets",TCSNMA,33089028000.0
20240331,"Custody and Safekeeping Accounts, Non-Managed Assets",TCSNMA,33057788000.0
20231231,"Custody and Safekeeping Accounts, Non-Managed Assets",TCSNMA,31614217000.0
20230930,"Custody and Safekeeping Accounts, Non-Managed Assets",TCSNMA,28909525000.0
20230630,"Custody and Safekeeping Accounts, Non-Managed Assets",TCSNMA,29563394000.0
20230331,"Custody and Safekeeping Accounts, Non-Managed Assets",TCSNMA,28829669000.0
20260630,"Fiduciary Accounts Held in Foreign Offices, Non-Managed Assets",TNMAF,9752277000.0
20260331,"Fiduciary Accounts Held in Foreign Offices, Non-Managed Assets",TNMAF,9110819000.0
20251231,"Fiduciary Accounts Held in Foreign Offices, Non-Managed Assets",TNMAF,9251922000.0
20250930,"Fiduciary Accounts Held in Foreign Offices, Non-Managed Assets",TNMAF,8960339000.0
20250630,"Fiduciary Accounts Held in Foreign Offices, Non-Managed Assets",TNMAF,8581779000.0
20250331,"Fiduciary Accounts Held in Foreign Offices, Non-Managed Assets",TNMAF,7959997000.0
20241231,"Fiduciary Accounts Held in Foreign Offices, Non-Managed Assets",TNMAF,7633375000.0
20240930,"Fiduciary Accounts Held in Foreign Offices, Non-Managed Assets",TNMAF,7943955000.0
20240630,"Fiduciary Accounts Held in Foreign Offices, Non-Managed Assets",TNMAF,7468756000.0
20240331,"Fiduciary Accounts Held in Foreign Offices, Non-Managed Assets",TNMAF,7189839000.0
20231231,"Fiduciary Accounts Held in Foreign Offices, Non-Managed Assets",TNMAF,7153129000.0
20230930,"Fiduciary Accounts Held in Foreign Offices, Non-Managed Assets",TNMAF,6386541000.0
20230630,"Fiduciary Accounts Held in Foreign Offices, Non-Managed Assets",TNMAF,6592308000.0
20230331,"Fiduciary Accounts Held in Foreign Offices, Non-Managed Assets",TNMAF,6536136000.0
20260630,"Individual Retirement, Health Savings and Similar Accounts, Non-Managed",TRHNMA,31221000.0
20260331,"Individual Retirement, Health Savings and Similar Accounts, Non-Managed",TRHNMA,27829000.0
20251231,"Individual Retirement, Health Savings and Similar Accounts, Non-Managed",TRHNMA,27530000.0
20250930,"Individual Retirement, Health Savings and Similar Accounts, Non-Managed",TRHNMA,26350000.0
20250630,"Individual Retirement, Health Savings and Similar Accounts, Non-Managed",TRHNMA,28856000.0
20250331,"Individual Retirement, Health Savings and Similar Accounts, Non-Managed",TRHNMA,26643000.0
20241231,"Individual Retirement, Health Savings and Similar Accounts, Non-Managed",TRHNMA,25930000.0
20240930,"Individual Retirement, Health Savings and Similar Accounts, Non-Managed",TRHNMA,25072000.0
20240630,"Individual Retirement, Health Savings and Similar Accounts, Non-Managed",TRHNMA,23056000.0
20240331,"Individual Retirement, Health Savings and Similar Accounts, Non-Managed",TRHNMA,22394000.0
20231231,"Individual Retirement, Health Savings and Similar Accounts, Non-Managed",TRHNMA,22117000.0
20230930,"Individual Retirement, Health Savings and Similar Accounts, Non-Managed",TRHNMA,20364000.0
20230630,"Individual Retirement, Health Savings and Similar Accounts, Non-Managed",TRHNMA,20121000.0
20230331,"Individual Retirement, Health Savings and Similar Accounts, Non-Managed",TRHNMA,17309000.0
20260630,"Memo: Corporate Trust, Agency Accounts, Collective Investment, and Common Trust Funds",N/A,
20260331,"Memo: Corporate Trust, Agency Accounts, Collective Investment, and Common Trust Funds",N/A,
20251231,"Memo: Corporate Trust, Agency Accounts, Collective Investment, and Common Trust Funds",N/A,
20250930,"Memo: Corporate Trust, Agency Accounts, Collective Investment, and Common Trust Funds",N/A,
20250630,"Memo: Corporate Trust, Agency Accounts, Collective Investment, and Common Trust Funds",N/A,
20250331,"Memo: Corporate Trust, Agency Accounts, Collective Investment, and Common Trust Funds",N/A,
20241231,"Memo: Corporate Trust, Agency Accounts, Collective Investment, and Common Trust Funds",N/A,
20240930,"Memo: Corporate Trust, Agency Accounts, Collective Investment, and Common Trust Funds",N/A,
20240630,"Memo: Corporate Trust, Agency Accounts, Collective Investment, and Common Trust Funds",N/A,
20240331,"Memo: Corporate Trust, Agency Accounts, Collective Investment, and Common Trust Funds",N/A,
20231231,"Memo: Corporate Trust, Agency Accounts, Collective Investment, and Common Trust Funds",N/A,
20230930,"Memo: Corporate Trust, Agency Accounts, Collective Investment, and Common Trust Funds",N/A,
20230630,"Memo: Corporate Trust, Agency Accounts, Collective Investment, and Common Trust Funds",N/A,
20230331,"Memo: Corporate Trust, Agency Accounts, Collective Investment, and Common Trust Funds",N/A,
20260630,Principal Amount Outstanding Corporate Trust and Agency Accounts,TCAPAO,
20260331,Principal Amount Outstanding Corporate Trust and Agency Accounts,TCAPAO,
20251231,Principal Amount Outstanding Corporate Trust and Agency Accounts,TCAPAO,0.0
20250930,Principal Amount Outstanding Corporate Trust and Agency Accounts,TCAPAO,
20250630,Principal Amount Outstanding Corporate Trust and Agency Accounts,TCAPAO,
20250331,Principal Amount Outstanding Corporate Trust and Agency Accounts,TCAPAO,
20241231,Principal Amount Outstanding Corporate Trust and Agency Accounts,TCAPAO,0.0
20240930,Principal Amount Outstanding Corporate Trust and Agency Accounts,TCAPAO,
20240630,Principal Amount Outstanding Corporate Trust and Agency Accounts,TCAPAO,
20240331,Principal Amount Outstanding Corporate Trust and Agency Accounts,TCAPAO,
20231231,Principal Amount Outstanding Corporate Trust and Agency Accounts,TCAPAO,0.0
20230930,Principal Amount Outstanding Corporate Trust and Agency Accounts,TCAPAO,
20230630,Principal Amount Outstanding Corporate Trust and Agency Accounts,TCAPAO,
20230331,Principal Amount Outstanding Corporate Trust and Agency Accounts,TCAPAO,
20260630,Amount of Corporate Trust and Agency Account Issues in Default,TCAPAOD,
20260331,Amount of Corporate Trust and Agency Account Issues in Default,TCAPAOD,
20251231,Amount of Corporate Trust and Agency Account Issues in Default,TCAPAOD,0.0
20250930,Amount of Corporate Trust and Agency Account Issues in Default,TCAPAOD,
20250630,Amount of Corporate Trust and Agency Account Issues in Default,TCAPAOD,
20250331,Amount of Corporate Trust and Agency Account Issues in Default,TCAPAOD,
20241231,Amount of Corporate Trust and Agency Account Issues in Default,TCAPAOD,0.0
20240930,Amount of Corporate Trust and Agency Account Issues in Default,TCAPAOD,
20240630,Amount of Corporate Trust and Agency Account Issues in Default,TCAPAOD,
20240331,Amount of Corporate Trust and Agency Account Issues in Default,TCAPAOD,
20231231,Amount of Corporate Trust and Agency Account Issues in Default,TCAPAOD,0.0
20230930,Amount of Corporate Trust and Agency Account Issues in Default,TCAPAOD,
20230630,Amount of Corporate Trust and Agency Account Issues in Default,TCAPAOD,
20230331,Amount of Corporate Trust and Agency Account Issues in Default,TCAPAOD,
20260630,Number of Corporate and Municipal Trusteeships Account Issues,TCANUM,
20260331,Number of Corporate and Municipal Trusteeships Account Issues,TCANUM,
20251231,Number of Corporate and Municipal Trusteeships Account Issues,TCANUM,0.0
20250930,Number of Corporate and Municipal Trusteeships Account Issues,TCANUM,
20250630,Number of Corporate and Municipal Trusteeships Account Issues,TCANUM,
20250331,Number of Corporate and Municipal Trusteeships Account Issues,TCANUM,
20241231,Number of Corporate and Municipal Trusteeships Account Issues,TCANUM,0.0
20240930,Number of Corporate and Municipal Trusteeships Account Issues,TCANUM,
20240630,Number of Corporate and Municipal Trusteeships Account Issues,TCANUM,
20240331,Number of Corporate and Municipal Trusteeships Account Issues,TCANUM,
20231231,Number of Corporate and Municipal Trusteeships Account Issues,TCANUM,0.0
20230930,Number of Corporate and Municipal Trusteeships Account Issues,TCANUM,
20230630,Number of Corporate and Municipal Trusteeships Account Issues,TCANUM,
20230331,Number of Corporate and Municipal Trusteeships Account Issues,TCANUM,
20260630,Number of Corporate Trust and Agency Account Issues in Default,TCANUMD,
20260331,Number of Corporate Trust and Agency Account Issues in Default,TCANUMD,
20251231,Number of Corporate Trust and Agency Account Issues in Default,TCANUMD,0.0
20250930,Number of Corporate Trust and Agency Account Issues in Default,TCANUMD,
20250630,Number of Corporate Trust and Agency Account Issues in Default,TCANUMD,
20250331,Number of Corporate Trust and Agency Account Issues in Default,TCANUMD,
20241231,Number of Corporate Trust and Agency Account Issues in Default,TCANUMD,0.0
20240930,Number of Corporate Trust and Agency Account Issues in Default,TCANUMD,
20240630,Number of Corporate Trust and Agency Account Issues in Default,TCANUMD,
20240331,Number of Corporate Trust and Agency Account Issues in Default,TCANUMD,
20231231,Number of Corporate Trust and Agency Account Issues in Default,TCANUMD,0.0
20230930,Number of Corporate Trust and Agency Account Issues in Default,TCANUMD,
20230630,Number of Corporate Trust and Agency Account Issues in Default,TCANUMD,
20230331,Number of Corporate Trust and Agency Account Issues in Default,TCANUMD,
20260630,"Number of Transfer Agent, Registrar, Paying Agent and Other Corporate Agency Issues",TCATNUM,
20260331,"Number of Transfer Agent, Registrar, Paying Agent and Other Corporate Agency Issues",TCATNUM,
20251231,"Number of Transfer Agent, Registrar, Paying Agent and Other Corporate Agency Issues",TCATNUM,4192.0
20250930,"Number of Transfer Agent, Registrar, Paying Agent and Other Corporate Agency Issues",TCATNUM,
20250630,"Number of Transfer Agent, Registrar, Paying Agent and Other Corporate Agency Issues",TCATNUM,
20250331,"Number of Transfer Agent, Registrar, Paying Agent and Other Corporate Agency Issues",TCATNUM,
20241231,"Number of Transfer Agent, Registrar, Paying Agent and Other Corporate Agency Issues",TCATNUM,4124.0
20240930,"Number of Transfer Agent, Registrar, Paying Agent and Other Corporate Agency Issues",TCATNUM,
20240630,"Number of Transfer Agent, Registrar, Paying Agent and Other Corporate Agency Issues",TCATNUM,
20240331,"Number of Transfer Agent, Registrar, Paying Agent and Other Corporate Agency Issues",TCATNUM,
20231231,"Number of Transfer Agent, Registrar, Paying Agent and Other Corporate Agency Issues",TCATNUM,4187.0
20230930,"Number of Transfer Agent, Registrar, Paying Agent and Other Corporate Agency Issues",TCATNUM,
20230630,"Number of Transfer Agent, Registrar, Paying Agent and Other Corporate Agency Issues",TCATNUM,
20230331,"Number of Transfer Agent, Registrar, Paying Agent and Other Corporate Agency Issues",TCATNUM,
20260630,Total Number of Collective Investment Funds and Common Trust Funds,TCTOTNUM,123.0
20260331,Total Number of Collective Investment Funds and Common Trust Funds,TCTOTNUM,122.0
20251231,Total Number of Collective Investment Funds and Common Trust Funds,TCTOTNUM,122.0
20250930,Total Number of Collective Investment Funds and Common Trust Funds,TCTOTNUM,111.0
20250630,Total Number of Collective Investment Funds and Common Trust Funds,TCTOTNUM,109.0
20250331,Total Number of Collective Investment Funds and Common Trust Funds,TCTOTNUM,115.0
20241231,Total Number of Collective Investment Funds and Common Trust Funds,TCTOTNUM,115.0
20240930,Total Number of Collective Investment Funds and Common Trust Funds,TCTOTNUM,112.0
20240630,Total Number of Collective Investment Funds and Common Trust Funds,TCTOTNUM,112.0
20240331,Total Number of Collective Investment Funds and Common Trust Funds,TCTOTNUM,111.0
20231231,Total Number of Collective Investment Funds and Common Trust Funds,TCTOTNUM,111.0
20230930,Total Number of Collective Investment Funds and Common Trust Funds,TCTOTNUM,110.0
20230630,Total Number of Collective Investment Funds and Common Trust Funds,TCTOTNUM,110.0
20230331,Total Number of Collective Investment Funds and Common Trust Funds,TCTOTNUM,109.0
20260630,"Domestic Equity, Collective Investment & Common Trust Funds Number",TCDENUM,
20260331,"Domestic Equity, Collective Investment & Common Trust Funds Number",TCDENUM,
20251231,"Domestic Equity, Collective Investment & Common Trust Funds Number",TCDENUM,17.0
20250930,"Domestic Equity, Collective Investment & Common Trust Funds Number",TCDENUM,
20250630,"Domestic Equity, Collective Investment & Common Trust Funds Number",TCDENUM,
20250331,"Domestic Equity, Collective Investment & Common Trust Funds Number",TCDENUM,
20241231,"Domestic Equity, Collective Investment & Common Trust Funds Number",TCDENUM,16.0
20240930,"Domestic Equity, Collective Investment & Common Trust Funds Number",TCDENUM,
20240630,"Domestic Equity, Collective Investment & Common Trust Funds Number",TCDENUM,
20240331,"Domestic Equity, Collective Investment & Common Trust Funds Number",TCDENUM,
20231231,"Domestic Equity, Collective Investment & Common Trust Funds Number",TCDENUM,16.0
20230930,"Domestic Equity, Collective Investment & Common Trust Funds Number",TCDENUM,
20230630,"Domestic Equity, Collective Investment & Common Trust Funds Number",TCDENUM,
20230331,"Domestic Equity, Collective Investment & Common Trust Funds Number",TCDENUM,
20260630,"International/Global Equity, Collective Investment & Common Trust Funds Number",TCIENUM,
20260331,"International/Global Equity, Collective Investment & Common Trust Funds Number",TCIENUM,
20251231,"International/Global Equity, Collective Investment & Common Trust Funds Number",TCIENUM,16.0
20250930,"International/Global Equity, Collective Investment & Common Trust Funds Number",TCIENUM,
20250630,"International/Global Equity, Collective Investment & Common Trust Funds Number",TCIENUM,
20250331,"International/Global Equity, Collective Investment & Common Trust Funds Number",TCIENUM,
20241231,"International/Global Equity, Collective Investment & Common Trust Funds Number",TCIENUM,17.0
20240930,"International/Global Equity, Collective Investment & Common Trust Funds Number",TCIENUM,
20240630,"International/Global Equity, Collective Investment & Common Trust Funds Number",TCIENUM,
20240331,"International/Global Equity, Collective Investment & Common Trust Funds Number",TCIENUM,
20231231,"International/Global Equity, Collective Investment & Common Trust Funds Number",TCIENUM,15.0
20230930,"International/Global Equity, Collective Investment & Common Trust Funds Number",TCIENUM,
20230630,"International/Global Equity, Collective Investment & Common Trust Funds Number",TCIENUM,
20230331,"International/Global Equity, Collective Investment & Common Trust Funds Number",TCIENUM,
20260630,"Stock/Bond Blend, Collective Investment & Common Trust Funds Number",TCSBNUM,
20260331,"Stock/Bond Blend, Collective Investment & Common Trust Funds Number",TCSBNUM,
20251231,"Stock/Bond Blend, Collective Investment & Common Trust Funds Number",TCSBNUM,57.0
20250930,"Stock/Bond Blend, Collective Investment & Common Trust Funds Number",TCSBNUM,
20250630,"Stock/Bond Blend, Collective Investment & Common Trust Funds Number",TCSBNUM,
20250331,"Stock/Bond Blend, Collective Investment & Common Trust Funds Number",TCSBNUM,
20241231,"Stock/Bond Blend, Collective Investment & Common Trust Funds Number",TCSBNUM,51.0
20240930,"Stock/Bond Blend, Collective Investment & Common Trust Funds Number",TCSBNUM,
20240630,"Stock/Bond Blend, Collective Investment & Common Trust Funds Number",TCSBNUM,
20240331,"Stock/Bond Blend, Collective Investment & Common Trust Funds Number",TCSBNUM,
20231231,"Stock/Bond Blend, Collective Investment & Common Trust Funds Number",TCSBNUM,49.0
20230930,"Stock/Bond Blend, Collective Investment & Common Trust Funds Number",TCSBNUM,
20230630,"Stock/Bond Blend, Collective Investment & Common Trust Funds Number",TCSBNUM,
20230331,"Stock/Bond Blend, Collective Investment & Common Trust Funds Number",TCSBNUM,
20260630,"Taxable Bond, Collective Investment & Common Trust Funds Number",TCTBNUM,
20260331,"Taxable Bond, Collective Investment & Common Trust Funds Number",TCTBNUM,
20251231,"Taxable Bond, Collective Investment & Common Trust Funds Number",TCTBNUM,25.0
20250930,"Taxable Bond, Collective Investment & Common Trust Funds Number",TCTBNUM,
20250630,"Taxable Bond, Collective Investment & Common Trust Funds Number",TCTBNUM,
20250331,"Taxable Bond, Collective Investment & Common Trust Funds Number",TCTBNUM,
20241231,"Taxable Bond, Collective Investment & Common Trust Funds Number",TCTBNUM,24.0
20240930,"Taxable Bond, Collective Investment & Common Trust Funds Number",TCTBNUM,
20240630,"Taxable Bond, Collective Investment & Common Trust Funds Number",TCTBNUM,
20240331,"Taxable Bond, Collective Investment & Common Trust Funds Number",TCTBNUM,
20231231,"Taxable Bond, Collective Investment & Common Trust Funds Number",TCTBNUM,24.0
20230930,"Taxable Bond, Collective Investment & Common Trust Funds Number",TCTBNUM,
20230630,"Taxable Bond, Collective Investment & Common Trust Funds Number",TCTBNUM,
20230331,"Taxable Bond, Collective Investment & Common Trust Funds Number",TCTBNUM,
20260630,"Municipal Bond, Collective Investment & Common Trust Funds Number",TCMBNUM,
20260331,"Municipal Bond, Collective Investment & Common Trust Funds Number",TCMBNUM,
20251231,"Municipal Bond, Collective Investment & Common Trust Funds Number",TCMBNUM,0.0
20250930,"Municipal Bond, Collective Investment & Common Trust Funds Number",TCMBNUM,
20250630,"Municipal Bond, Collective Investment & Common Trust Funds Number",TCMBNUM,
20250331,"Municipal Bond, Collective Investment & Common Trust Funds Number",TCMBNUM,
20241231,"Municipal Bond, Collective Investment & Common Trust Funds Number",TCMBNUM,0.0
20240930,"Municipal Bond, Collective Investment & Common Trust Funds Number",TCMBNUM,
20240630,"Municipal Bond, Collective Investment & Common Trust Funds Number",TCMBNUM,
20240331,"Municipal Bond, Collective Investment & Common Trust Funds Number",TCMBNUM,
20231231,"Municipal Bond, Collective Investment & Common Trust Funds Number",TCMBNUM,0.0
20230930,"Municipal Bond, Collective Investment & Common Trust Funds Number",TCMBNUM,
20230630,"Municipal Bond, Collective Investment & Common Trust Funds Number",TCMBNUM,
20230331,"Municipal Bond, Collective Investment & Common Trust Funds Number",TCMBNUM,
20260630,"Short-Term Investments/Money Market, Collective Investment & Common Trust Funds Number",TCSTNUM,
20260331,"Short-Term Investments/Money Market, Collective Investment & Common Trust Funds Number",TCSTNUM,
20251231,"Short-Term Investments/Money Market, Collective Investment & Common Trust Funds Number",TCSTNUM,1.0
20250930,"Short-Term Investments/Money Market, Collective Investment & Common Trust Funds Number",TCSTNUM,
20250630,"Short-Term Investments/Money Market, Collective Investment & Common Trust Funds Number",TCSTNUM,
20250331,"Short-Term Investments/Money Market, Collective Investment & Common Trust Funds Number",TCSTNUM,
20241231,"Short-Term Investments/Money Market, Collective Investment & Common Trust Funds Number",TCSTNUM,1.0
20240930,"Short-Term Investments/Money Market, Collective Investment & Common Trust Funds Number",TCSTNUM,
20240630,"Short-Term Investments/Money Market, Collective Investment & Common Trust Funds Number",TCSTNUM,
20240331,"Short-Term Investments/Money Market, Collective Investment & Common Trust Funds Number",TCSTNUM,
20231231,"Short-Term Investments/Money Market, Collective Investment & Common Trust Funds Number",TCSTNUM,1.0
20230930,"Short-Term Investments/Money Market, Collective Investment & Common Trust Funds Number",TCSTNUM,
20230630,"Short-Term Investments/Money Market, Collective Investment & Common Trust Funds Number",TCSTNUM,
20230331,"Short-Term Investments/Money Market, Collective Investment & Common Trust Funds Number",TCSTNUM,
20260630,"Specialty/Other, Collective Investment & Common Trust Funds Number",TCSONUM,
20260331,"Specialty/Other, Collective Investment & Common Trust Funds Number",TCSONUM,
20251231,"Specialty/Other, Collective Investment & Common Trust Funds Number",TCSONUM,6.0
20250930,"Specialty/Other, Collective Investment & Common Trust Funds Number",TCSONUM,
20250630,"Specialty/Other, Collective Investment & Common Trust Funds Number",TCSONUM,
20250331,"Specialty/Other, Collective Investment & Common Trust Funds Number",TCSONUM,
20241231,"Specialty/Other, Collective Investment & Common Trust Funds Number",TCSONUM,6.0
20240930,"Specialty/Other, Collective Investment & Common Trust Funds Number",TCSONUM,
20240630,"Specialty/Other, Collective Investment & Common Trust Funds Number",TCSONUM,
20240331,"Specialty/Other, Collective Investment & Common Trust Funds Number",TCSONUM,
20231231,"Specialty/Other, Collective Investment & Common Trust Funds Number",TCSONUM,6.0
20230930,"Specialty/Other, Collective Investment & Common Trust Funds Number",TCSONUM,
20230630,"Specialty/Other, Collective Investment & Common Trust Funds Number",TCSONUM,
20230331,"Specialty/Other, Collective Investment & Common Trust Funds Number",TCSONUM,
20260630,Total Market Value of Collective Investment Fund and Common Trust Funds,TCTOTMV,275133000.0
20260331,Total Market Value of Collective Investment Fund and Common Trust Funds,TCTOTMV,247151000.0
20251231,Total Market Value of Collective Investment Fund and Common Trust Funds,TCTOTMV,254225000.0
20250930,Total Market Value of Collective Investment Fund and Common Trust Funds,TCTOTMV,241441000.0
20250630,Total Market Value of Collective Investment Fund and Common Trust Funds,TCTOTMV,236691000.0
20250331,Total Market Value of Collective Investment Fund and Common Trust Funds,TCTOTMV,224225000.0
20241231,Total Market Value of Collective Investment Fund and Common Trust Funds,TCTOTMV,224534000.0
20240930,Total Market Value of Collective Investment Fund and Common Trust Funds,TCTOTMV,223800000.0
20240630,Total Market Value of Collective Investment Fund and Common Trust Funds,TCTOTMV,209620000.0
20240331,Total Market Value of Collective Investment Fund and Common Trust Funds,TCTOTMV,207021000.0
20231231,Total Market Value of Collective Investment Fund and Common Trust Funds,TCTOTMV,201197000.0
20230930,Total Market Value of Collective Investment Fund and Common Trust Funds,TCTOTMV,187398000.0
20230630,Total Market Value of Collective Investment Fund and Common Trust Funds,TCTOTMV,194364000.0
20230331,Total Market Value of Collective Investment Fund and Common Trust Funds,TCTOTMV,187303000.0
20260630,"Domestic Equity, Collective Investment & Common Trust Funds Total Market Value",TCDEMV,
20260331,"Domestic Equity, Collective Investment & Common Trust Funds Total Market Value",TCDEMV,
20251231,"Domestic Equity, Collective Investment & Common Trust Funds Total Market Value",TCDEMV,73197000.0
20250930,"Domestic Equity, Collective Investment & Common Trust Funds Total Market Value",TCDEMV,
20250630,"Domestic Equity, Collective Investment & Common Trust Funds Total Market Value",TCDEMV,
20250331,"Domestic Equity, Collective Investment & Common Trust Funds Total Market Value",TCDEMV,
20241231,"Domestic Equity, Collective Investment & Common Trust Funds Total Market Value",TCDEMV,56659000.0
20240930,"Domestic Equity, Collective Investment & Common Trust Funds Total Market Value",TCDEMV,
20240630,"Domestic Equity, Collective Investment & Common Trust Funds Total Market Value",TCDEMV,
20240331,"Domestic Equity, Collective Investment & Common Trust Funds Total Market Value",TCDEMV,
20231231,"Domestic Equity, Collective Investment & Common Trust Funds Total Market Value",TCDEMV,42045000.0
20230930,"Domestic Equity, Collective Investment & Common Trust Funds Total Market Value",TCDEMV,
20230630,"Domestic Equity, Collective Investment & Common Trust Funds Total Market Value",TCDEMV,
20230331,"Domestic Equity, Collective Investment & Common Trust Funds Total Market Value",TCDEMV,
20260630,"International/Global Equity, Collective Investment & Common Trust Funds Total Market Value",TCIEMV,
20260331,"International/Global Equity, Collective Investment & Common Trust Funds Total Market Value",TCIEMV,
20251231,"International/Global Equity, Collective Investment & Common Trust Funds Total Market Value",TCIEMV,24481000.0
20250930,"International/Global Equity, Collective Investment & Common Trust Funds Total Market Value",TCIEMV,
20250630,"International/Global Equity, Collective Investment & Common Trust Funds Total Market Value",TCIEMV,
20250331,"International/Global Equity, Collective Investment & Common Trust Funds Total Market Value",TCIEMV,
20241231,"International/Global Equity, Collective Investment & Common Trust Funds Total Market Value",TCIEMV,24033000.0
20240930,"International/Global Equity, Collective Investment & Common Trust Funds Total Market Value",TCIEMV,
20240630,"International/Global Equity, Collective Investment & Common Trust Funds Total Market Value",TCIEMV,
20240331,"International/Global Equity, Collective Investment & Common Trust Funds Total Market Value",TCIEMV,
20231231,"International/Global Equity, Collective Investment & Common Trust Funds Total Market Value",TCIEMV,23569000.0
20230930,"International/Global Equity, Collective Investment & Common Trust Funds Total Market Value",TCIEMV,
20230630,"International/Global Equity, Collective Investment & Common Trust Funds Total Market Value",TCIEMV,
20230331,"International/Global Equity, Collective Investment & Common Trust Funds Total Market Value",TCIEMV,
20260630,Stock/Bond Blend. Collective Investment & Common Trust Funds Total Market Value,TCSBMV,
20260331,Stock/Bond Blend. Collective Investment & Common Trust Funds Total Market Value,TCSBMV,
20251231,Stock/Bond Blend. Collective Investment & Common Trust Funds Total Market Value,TCSBMV,72456000.0
20250930,Stock/Bond Blend. Collective Investment & Common Trust Funds Total Market Value,TCSBMV,
20250630,Stock/Bond Blend. Collective Investment & Common Trust Funds Total Market Value,TCSBMV,
20250331,Stock/Bond Blend. Collective Investment & Common Trust Funds Total Market Value,TCSBMV,
20241231,Stock/Bond Blend. Collective Investment & Common Trust Funds Total Market Value,TCSBMV,68732000.0
20240930,Stock/Bond Blend. Collective Investment & Common Trust Funds Total Market Value,TCSBMV,
20240630,Stock/Bond Blend. Collective Investment & Common Trust Funds Total Market Value,TCSBMV,
20240331,Stock/Bond Blend. Collective Investment & Common Trust Funds Total Market Value,TCSBMV,
20231231,Stock/Bond Blend. Collective Investment & Common Trust Funds Total Market Value,TCSBMV,61885000.0
20230930,Stock/Bond Blend. Collective Investment & Common Trust Funds Total Market Value,TCSBMV,
20230630,Stock/Bond Blend. Collective Investment & Common Trust Funds Total Market Value,TCSBMV,
20230331,Stock/Bond Blend. Collective Investment & Common Trust Funds Total Market Value,TCSBMV,
20260630,"Taxable Bond Total, Collective Investment & Common Trust Funds Market Value",TCTBMV,
20260331,"Taxable Bond Total, Collective Investment & Common Trust Funds Market Value",TCTBMV,
20251231,"Taxable Bond Total, Collective Investment & Common Trust Funds Market Value",TCTBMV,39368000.0
20250930,"Taxable Bond Total, Collective Investment & Common Trust Funds Market Value",TCTBMV,
20250630,"Taxable Bond Total, Collective Investment & Common Trust Funds Market Value",TCTBMV,
20250331,"Taxable Bond Total, Collective Investment & Common Trust Funds Market Value",TCTBMV,
20241231,"Taxable Bond Total, Collective Investment & Common Trust Funds Market Value",TCTBMV,34688000.0
20240930,"Taxable Bond Total, Collective Investment & Common Trust Funds Market Value",TCTBMV,
20240630,"Taxable Bond Total, Collective Investment & Common Trust Funds Market Value",TCTBMV,
20240331,"Taxable Bond Total, Collective Investment & Common Trust Funds Market Value",TCTBMV,
20231231,"Taxable Bond Total, Collective Investment & Common Trust Funds Market Value",TCTBMV,31238000.0
20230930,"Taxable Bond Total, Collective Investment & Common Trust Funds Market Value",TCTBMV,
20230630,"Taxable Bond Total, Collective Investment & Common Trust Funds Market Value",TCTBMV,
20230331,"Taxable Bond Total, Collective Investment & Common Trust Funds Market Value",TCTBMV,
20260630,"Municipal Bond, Collective Investment & Common Trust Funds Total Market Value",TCMBMV,
20260331,"Municipal Bond, Collective Investment & Common Trust Funds Total Market Value",TCMBMV,
20251231,"Municipal Bond, Collective Investment & Common Trust Funds Total Market Value",TCMBMV,0.0
20250930,"Municipal Bond, Collective Investment & Common Trust Funds Total Market Value",TCMBMV,
20250630,"Municipal Bond, Collective Investment & Common Trust Funds Total Market Value",TCMBMV,
20250331,"Municipal Bond, Collective Investment & Common Trust Funds Total Market Value",TCMBMV,
20241231,"Municipal Bond, Collective Investment & Common Trust Funds Total Market Value",TCMBMV,0.0
20240930,"Municipal Bond, Collective Investment & Common Trust Funds Total Market Value",TCMBMV,
20240630,"Municipal Bond, Collective Investment & Common Trust Funds Total Market Value",TCMBMV,
20240331,"Municipal Bond, Collective Investment & Common Trust Funds Total Market Value",TCMBMV,
20231231,"Municipal Bond, Collective Investment & Common Trust Funds Total Market Value",TCMBMV,0.0
20230930,"Municipal Bond, Collective Investment & Common Trust Funds Total Market Value",TCMBMV,
20230630,"Municipal Bond, Collective Investment & Common Trust Funds Total Market Value",TCMBMV,
20230331,"Municipal Bond, Collective Investment & Common Trust Funds Total Market Value",TCMBMV,
20260630,"Short-Term Investments/Money Market, Collective Investment & Common Trust Funds Total Market Value",TCSTMV,
20260331,"Short-Term Investments/Money Market, Collective Investment & Common Trust Funds Total Market Value",TCSTMV,
20251231,"Short-Term Investments/Money Market, Collective Investment & Common Trust Funds Total Market Value",TCSTMV,9099000.0
20250930,"Short-Term Investments/Money Market, Collective Investment & Common Trust Funds Total Market Value",TCSTMV,
20250630,"Short-Term Investments/Money Market, Collective Investment & Common Trust Funds Total Market Value",TCSTMV,
20250331,"Short-Term Investments/Money Market, Collective Investment & Common Trust Funds Total Market Value",TCSTMV,
20241231,"Short-Term Investments/Money Market, Collective Investment & Common Trust Funds Total Market Value",TCSTMV,9651000.0
20240930,"Short-Term Investments/Money Market, Collective Investment & Common Trust Funds Total Market Value",TCSTMV,
20240630,"Short-Term Investments/Money Market, Collective Investment & Common Trust Funds Total Market Value",TCSTMV,
20240331,"Short-Term Investments/Money Market, Collective Investment & Common Trust Funds Total Market Value",TCSTMV,
20231231,"Short-Term Investments/Money Market, Collective Investment & Common Trust Funds Total Market Value",TCSTMV,9051000.0
20230930,"Short-Term Investments/Money Market, Collective Investment & Common Trust Funds Total Market Value",TCSTMV,
20230630,"Short-Term Investments/Money Market, Collective Investment & Common Trust Funds Total Market Value",TCSTMV,
20230331,"Short-Term Investments/Money Market, Collective Investment & Common Trust Funds Total Market Value",TCSTMV,
20260630,"Specialty/Other, Collective Investment & Common Trust Funds Total Market Value",TCSOMV,
20260331,"Specialty/Other, Collective Investment & Common Trust Funds Total Market Value",TCSOMV,
20251231,"Specialty/Other, Collective Investment & Common Trust Funds Total Market Value",TCSOMV,35624000.0
20250930,"Specialty/Other, Collective Investment & Common Trust Funds Total Market Value",TCSOMV,
20250630,"Specialty/Other, Collective Investment & Common Trust Funds Total Market Value",TCSOMV,
20250331,"Specialty/Other, Collective Investment & Common Trust Funds Total Market Value",TCSOMV,
20241231,"Specialty/Other, Collective Investment & Common Trust Funds Total Market Value",TCSOMV,30771000.0
20240930,"Specialty/Other, Collective Investment & Common Trust Funds Total Market Value",TCSOMV,
20240630,"Specialty/Other, Collective Investment & Common Trust Funds Total Market Value",TCSOMV,
20240331,"Specialty/Other, Collective Investment & Common Trust Funds Total Market Value",TCSOMV,
20231231,"Specialty/Other, Collective Investment & Common Trust Funds Total Market Value",TCSOMV,33409000.0
20230930,"Specialty/Other, Collective Investment & Common Trust Funds Total Market Value",TCSOMV,
20230630,"Specialty/Other, Collective Investment & Common Trust Funds Total Market Value",TCSOMV,
20230331,"Specialty/Other, Collective Investment & Common Trust Funds Total Market Value",TCSOMV,
20260630,Fiduciary and Related Services Income (YTD Only),N/A,
20260331,Fiduciary and Related Services Income (YTD Only),N/A,
20251231,Fiduciary and Related Services Income (YTD Only),N/A,
20250930,Fiduciary and Related Services Income (YTD Only),N/A,
20250630,Fiduciary and Related Services Income (YTD Only),N/A,
20250331,Fiduciary and Related Services Income (YTD Only),N/A,
20241231,Fiduciary and Related Services Income (YTD Only),N/A,
20240930,Fiduciary and Related Services Income (YTD Only),N/A,
20240630,Fiduciary and Related Services Income (YTD Only),N/A,
20240331,Fiduciary and Related Services Income (YTD Only),N/A,
20231231,Fiduciary and Related Services Income (YTD Only),N/A,
20230930,Fiduciary and Related Services Income (YTD Only),N/A,
20230630,Fiduciary and Related Services Income (YTD Only),N/A,
20230331,Fiduciary and Related Services Income (YTD Only),N/A,
20260630,"Personal Trust and Agency Accounts, Gross Income",TIP,160000.0
20260331,"Personal Trust and Agency Accounts, Gross Income",TIP,79000.0
20251231,"Personal Trust and Agency Accounts, Gross Income",TIP,305000.0
20250930,"Personal Trust and Agency Accounts, Gross Income",TIP,226000.0
20250630,"Personal Trust and Agency Accounts, Gross Income",TIP,149000.0
20250331,"Personal Trust and Agency Accounts, Gross Income",TIP,75000.0
20241231,"Personal Trust and Agency Accounts, Gross Income",TIP,312000.0
20240930,"Personal Trust and Agency Accounts, Gross Income",TIP,235000.0
20240630,"Personal Trust and Agency Accounts, Gross Income",TIP,155000.0
20240331,"Personal Trust and Agency Accounts, Gross Income",TIP,78000.0
20231231,"Personal Trust and Agency Accounts, Gross Income",TIP,300000.0
20230930,"Personal Trust and Agency Accounts, Gross Income",TIP,221000.0
20230630,"Personal Trust and Agency Accounts, Gross Income",TIP,143000.0
20230331,"Personal Trust and Agency Accounts, Gross Income",TIP,68000.0
20260630,"Employee Benefit Defined Contribution, Gross Income",TIEC,110000.0
20260331,"Employee Benefit Defined Contribution, Gross Income",TIEC,53000.0
20251231,"Employee Benefit Defined Contribution, Gross Income",TIEC,203000.0
20250930,"Employee Benefit Defined Contribution, Gross Income",TIEC,148000.0
20250630,"Employee Benefit Defined Contribution, Gross Income",TIEC,96000.0
20250331,"Employee Benefit Defined Contribution, Gross Income",TIEC,48000.0
20241231,"Employee Benefit Defined Contribution, Gross Income",TIEC,175000.0
20240930,"Employee Benefit Defined Contribution, Gross Income",TIEC,130000.0
20240630,"Employee Benefit Defined Contribution, Gross Income",TIEC,84000.0
20240331,"Employee Benefit Defined Contribution, Gross Income",TIEC,41000.0
20231231,"Employee Benefit Defined Contribution, Gross Income",TIEC,153000.0
20230930,"Employee Benefit Defined Contribution, Gross Income",TIEC,114000.0
20230630,"Employee Benefit Defined Contribution, Gross Income",TIEC,77000.0
20230331,"Employee Benefit Defined Contribution, Gross Income",TIEC,38000.0
20260630,"Employee Benefit Defined Benefit, Gross Income",TIEB,74000.0
20260331,"Employee Benefit Defined Benefit, Gross Income",TIEB,44000.0
20251231,"Employee Benefit Defined Benefit, Gross Income",TIEB,151000.0
20250930,"Employee Benefit Defined Benefit, Gross Income",TIEB,128000.0
20250630,"Employee Benefit Defined Benefit, Gross Income",TIEB,87000.0
20250331,"Employee Benefit Defined Benefit, Gross Income",TIEB,43000.0
20241231,"Employee Benefit Defined Benefit, Gross Income",TIEB,167000.0
20240930,"Employee Benefit Defined Benefit, Gross Income",TIEB,130000.0
20240630,"Employee Benefit Defined Benefit, Gross Income",TIEB,88000.0
20240331,"Employee Benefit Defined Benefit, Gross Income",TIEB,45000.0
20231231,"Employee Benefit Defined Benefit, Gross Income",TIEB,200000.0
20230930,"Employee Benefit Defined Benefit, Gross Income",TIEB,152000.0
20230630,"Employee Benefit Defined Benefit, Gross Income",TIEB,102000.0
20230331,"Employee Benefit Defined Benefit, Gross Income",TIEB,51000.0
20260630,"Other Retirement Accounts, Gross Income",TIOR,47000.0
20260331,"Other Retirement Accounts, Gross Income",TIOR,22000.0
20251231,"Other Retirement Accounts, Gross Income",TIOR,79000.0
20250930,"Other Retirement Accounts, Gross Income",TIOR,56000.0
20250630,"Other Retirement Accounts, Gross Income",TIOR,36000.0
20250331,"Other Retirement Accounts, Gross Income",TIOR,19000.0
20241231,"Other Retirement Accounts, Gross Income",TIOR,67000.0
20240930,"Other Retirement Accounts, Gross Income",TIOR,49000.0
20240630,"Other Retirement Accounts, Gross Income",TIOR,32000.0
20240331,"Other Retirement Accounts, Gross Income",TIOR,16000.0
20231231,"Other Retirement Accounts, Gross Income",TIOR,53000.0
20230930,"Other Retirement Accounts, Gross Income",TIOR,39000.0
20230630,"Other Retirement Accounts, Gross Income",TIOR,25000.0
20230331,"Other Retirement Accounts, Gross Income",TIOR,12000.0
20260630,"Corporate Trust and Agency, Gross Income",TICA,31000.0
20260331,"Corporate Trust and Agency, Gross Income",TICA,15000.0
20251231,"Corporate Trust and Agency, Gross Income",TICA,69000.0
20250930,"Corporate Trust and Agency, Gross Income",TICA,51000.0
20250630,"Corporate Trust and Agency, Gross Income",TICA,33000.0
20250331,"Corporate Trust and Agency, Gross Income",TICA,16000.0
20241231,"Corporate Trust and Agency, Gross Income",TICA,62000.0
20240930,"Corporate Trust and Agency, Gross Income",TICA,45000.0
20240630,"Corporate Trust and Agency, Gross Income",TICA,30000.0
20240331,"Corporate Trust and Agency, Gross Income",TICA,16000.0
20231231,"Corporate Trust and Agency, Gross Income",TICA,60000.0
20230930,"Corporate Trust and Agency, Gross Income",TICA,44000.0
20230630,"Corporate Trust and Agency, Gross Income",TICA,29000.0
20230331,"Corporate Trust and Agency, Gross Income",TICA,14000.0
20260630,"Investment Management and Investment Advisory Agency Accounts, Gross Income",TIMA,1343000.0
20260331,"Investment Management and Investment Advisory Agency Accounts, Gross Income",TIMA,657000.0
20251231,"Investment Management and Investment Advisory Agency Accounts, Gross Income",TIMA,2369000.0
20250930,"Investment Management and Investment Advisory Agency Accounts, Gross Income",TIMA,1704000.0
20250630,"Investment Management and Investment Advisory Agency Accounts, Gross Income",TIMA,1092000.0
20250331,"Investment Management and Investment Advisory Agency Accounts, Gross Income",TIMA,538000.0
20241231,"Investment Management and Investment Advisory Agency Accounts, Gross Income",TIMA,1986000.0
20240930,"Investment Management and Investment Advisory Agency Accounts, Gross Income",TIMA,1435000.0
20240630,"Investment Management and Investment Advisory Agency Accounts, Gross Income",TIMA,926000.0
20240331,"Investment Management and Investment Advisory Agency Accounts, Gross Income",TIMA,453000.0
20231231,"Investment Management and Investment Advisory Agency Accounts, Gross Income",TIMA,1616000.0
20230930,"Investment Management and Investment Advisory Agency Accounts, Gross Income",TIMA,1198000.0
20230630,"Investment Management and Investment Advisory Agency Accounts, Gross Income",TIMA,778000.0
20230331,"Investment Management and Investment Advisory Agency Accounts, Gross Income",TIMA,380000.0
20260630,"Foundation and Endowment and Agency Accounts, Gross Income",TIFE,152000.0
20260331,"Foundation and Endowment and Agency Accounts, Gross Income",TIFE,75000.0
20251231,"Foundation and Endowment and Agency Accounts, Gross Income",TIFE,264000.0
20250930,"Foundation and Endowment and Agency Accounts, Gross Income",TIFE,192000.0
20250630,"Foundation and Endowment and Agency Accounts, Gross Income",TIFE,126000.0
20250331,"Foundation and Endowment and Agency Accounts, Gross Income",TIFE,63000.0
20241231,"Foundation and Endowment and Agency Accounts, Gross Income",TIFE,220000.0
20240930,"Foundation and Endowment and Agency Accounts, Gross Income",TIFE,160000.0
20240630,"Foundation and Endowment and Agency Accounts, Gross Income",TIFE,103000.0
20240331,"Foundation and Endowment and Agency Accounts, Gross Income",TIFE,50000.0
20231231,"Foundation and Endowment and Agency Accounts, Gross Income",TIFE,173000.0
20230930,"Foundation and Endowment and Agency Accounts, Gross Income",TIFE,129000.0
20230630,"Foundation and Endowment and Agency Accounts, Gross Income",TIFE,85000.0
20230331,"Foundation and Endowment and Agency Accounts, Gross Income",TIFE,42000.0
20260630,"Other Trust and Agency Accounts, Gross Income",TIOF,46000.0
20260331,"Other Trust and Agency Accounts, Gross Income",TIOF,23000.0
20251231,"Other Trust and Agency Accounts, Gross Income",TIOF,13000.0
20250930,"Other Trust and Agency Accounts, Gross Income",TIOF,10000.0
20250630,"Other Trust and Agency Accounts, Gross Income",TIOF,6000.0
20250331,"Other Trust and Agency Accounts, Gross Income",TIOF,4000.0
20241231,"Other Trust and Agency Accounts, Gross Income",TIOF,11000.0
20240930,"Other Trust and Agency Accounts, Gross Income",TIOF,8000.0
20240630,"Other Trust and Agency Accounts, Gross Income",TIOF,5000.0
20240331,"Other Trust and Agency Accounts, Gross Income",TIOF,2000.0
20231231,"Other Trust and Agency Accounts, Gross Income",TIOF,11000.0
20230930,"Other Trust and Agency Accounts, Gross Income",TIOF,9000.0
20230630,"Other Trust and Agency Accounts, Gross Income",TIOF,5000.0
20230331,"Other Trust and Agency Accounts, Gross Income",TIOF,2000.0
20260630,"Custody and Safekeeping Agency Accounts, Gross Income",TICS,1228000.0
20260331,"Custody and Safekeeping Agency Accounts, Gross Income",TICS,608000.0
20251231,"Custody and Safekeeping Agency Accounts, Gross Income",TICS,2235000.0
20250930,"Custody and Safekeeping Agency Accounts, Gross Income",TICS,1654000.0
20250630,"Custody and Safekeeping Agency Accounts, Gross Income",TICS,1076000.0
20250331,"Custody and Safekeeping Agency Accounts, Gross Income",TICS,528000.0
20241231,"Custody and Safekeeping Agency Accounts, Gross Income",TICS,2049000.0
20240930,"Custody and Safekeeping Agency Accounts, Gross Income",TICS,1523000.0
20240630,"Custody and Safekeeping Agency Accounts, Gross Income",TICS,980000.0
20240331,"Custody and Safekeeping Agency Accounts, Gross Income",TICS,489000.0
20231231,"Custody and Safekeeping Agency Accounts, Gross Income",TICS,1871000.0
20230930,"Custody and Safekeeping Agency Accounts, Gross Income",TICS,1393000.0
20230630,"Custody and Safekeeping Agency Accounts, Gross Income",TICS,918000.0
20230331,"Custody and Safekeeping Agency Accounts, Gross Income",TICS,457000.0
20260630,"Other Trust Accounts, Gross Income",TIR,108000.0
20260331,"Other Trust Accounts, Gross Income",TIR,50000.0
20251231,"Other Trust Accounts, Gross Income",TIR,216000.0
20250930,"Other Trust Accounts, Gross Income",TIR,158000.0
20250630,"Other Trust Accounts, Gross Income",TIR,100000.0
20250331,"Other Trust Accounts, Gross Income",TIR,50000.0
20241231,"Other Trust Accounts, Gross Income",TIR,195000.0
20240930,"Other Trust Accounts, Gross Income",TIR,143000.0
20240630,"Other Trust Accounts, Gross Income",TIR,94000.0
20240331,"Other Trust Accounts, Gross Income",TIR,46000.0
20231231,"Other Trust Accounts, Gross Income",TIR,208000.0
20230930,"Other Trust Accounts, Gross Income",TIR,155000.0
20230630,"Other Trust Accounts, Gross Income",TIR,105000.0
20230331,"Other Trust Accounts, Gross Income",TIR,51000.0
20260630,"Fiduciary Activities, Gross Income",IFIDUC,3299000.0
20260331,"Fiduciary Activities, Gross Income",IFIDUC,1626000.0
20251231,"Fiduciary Activities, Gross Income",IFIDUC,5904000.0
20250930,"Fiduciary Activities, Gross Income",IFIDUC,4327000.0
20250630,"Fiduciary Activities, Gross Income",IFIDUC,2801000.0
20250331,"Fiduciary Activities, Gross Income",IFIDUC,1384000.0
20241231,"Fiduciary Activities, Gross Income",IFIDUC,5244000.0
20240930,"Fiduciary Activities, Gross Income",IFIDUC,3858000.0
20240630,"Fiduciary Activities, Gross Income",IFIDUC,2497000.0
20240331,"Fiduciary Activities, Gross Income",IFIDUC,1236000.0
20231231,"Fiduciary Activities, Gross Income",IFIDUC,4645000.0
20230930,"Fiduciary Activities, Gross Income",IFIDUC,3454000.0
20230630,"Fiduciary Activities, Gross Income",IFIDUC,2267000.0
20230331,"Fiduciary Activities, Gross Income",IFIDUC,1115000.0
20260630,Fiduciary Expense (Dec. Only),TETOT,
20260331,Fiduciary Expense (Dec. Only),TETOT,
20251231,Fiduciary Expense (Dec. Only),TETOT,3550000.0
20250930,Fiduciary Expense (Dec. Only),TETOT,
20250630,Fiduciary Expense (Dec. Only),TETOT,
20250331,Fiduciary Expense (Dec. Only),TETOT,
20241231,Fiduciary Expense (Dec. Only),TETOT,3368000.0
20240930,Fiduciary Expense (Dec. Only),TETOT,
20240630,Fiduciary Expense (Dec. Only),TETOT,
20240331,Fiduciary Expense (Dec. Only),TETOT,
20231231,Fiduciary Expense (Dec. Only),TETOT,3006000.0
20230930,Fiduciary Expense (Dec. Only),TETOT,
20230630,Fiduciary Expense (Dec. Only),TETOT,
20230331,Fiduciary Expense (Dec. Only),TETOT,
20260630,Fiduciary Net Loss (Dec. Only),TNL,
20260331,Fiduciary Net Loss (Dec. Only),TNL,
20251231,Fiduciary Net Loss (Dec. Only),TNL,10000.0
20250930,Fiduciary Net Loss (Dec. Only),TNL,
20250630,Fiduciary Net Loss (Dec. Only),TNL,
20250331,Fiduciary Net Loss (Dec. Only),TNL,
20241231,Fiduciary Net Loss (Dec. Only),TNL,59000.0
20240930,Fiduciary Net Loss (Dec. Only),TNL,
20240630,Fiduciary Net Loss (Dec. Only),TNL,
20240331,Fiduciary Net Loss (Dec. Only),TNL,
20231231,Fiduciary Net Loss (Dec. Only),TNL,26000.0
20230930,Fiduciary Net Loss (Dec. Only),TNL,
20230630,Fiduciary Net Loss (Dec. Only),TNL,
20230331,Fiduciary Net Loss (Dec. Only),TNL,
20260630,Fiduciary Intracompany Income (Dec. Only),TINTRA,
20260331,Fiduciary Intracompany Income (Dec. Only),TINTRA,
20251231,Fiduciary Intracompany Income (Dec. Only),TINTRA,0.0
20250930,Fiduciary Intracompany Income (Dec. Only),TINTRA,
20250630,Fiduciary Intracompany Income (Dec. Only),TINTRA,
20250331,Fiduciary Intracompany Income (Dec. Only),TINTRA,
20241231,Fiduciary Intracompany Income (Dec. Only),TINTRA,0.0
20240930,Fiduciary Intracompany Income (Dec. Only),TINTRA,
20240630,Fiduciary Intracompany Income (Dec. Only),TINTRA,
20240331,Fiduciary Intracompany Income (Dec. Only),TINTRA,
20231231,Fiduciary Intracompany Income (Dec. Only),TINTRA,2000.0
20230930,Fiduciary Intracompany Income (Dec. Only),TINTRA,
20230630,Fiduciary Intracompany Income (Dec. Only),TINTRA,
20230331,Fiduciary Intracompany Income (Dec. Only),TINTRA,
20260630,Net Fiduciary Income (Dec. Only),TNI,
20260331,Net Fiduciary Income (Dec. Only),TNI,
20251231,Net Fiduciary Income (Dec. Only),TNI,2344000.0
20250930,Net Fiduciary Income (Dec. Only),TNI,
20250630,Net Fiduciary Income (Dec. Only),TNI,
20250331,Net Fiduciary Income (Dec. Only),TNI,
20241231,Net Fiduciary Income (Dec. Only),TNI,1817000.0
20240930,Net Fiduciary Income (Dec. Only),TNI,
20240630,Net Fiduciary Income (Dec. Only),TNI,
20240331,Net Fiduciary Income (Dec. Only),TNI,
20231231,Net Fiduciary Income (Dec. Only),TNI,1615000.0
20230930,Net Fiduciary Income (Dec. Only),TNI,
20230630,Net Fiduciary Income (Dec. Only),TNI,
20230331,Net Fiduciary Income (Dec. Only),TNI,
20260630,Memo: Foreign Offices Total  Fiduciary Gross Income,TITOTF,1196000.0
20260331,Memo: Foreign Offices Total  Fiduciary Gross Income,TITOTF,581000.0
20251231,Memo: Foreign Offices Total  Fiduciary Gross Income,TITOTF,2123000.0
20250930,Memo: Foreign Offices Total  Fiduciary Gross Income,TITOTF,1563000.0
20250630,Memo: Foreign Offices Total  Fiduciary Gross Income,TITOTF,991000.0
20250331,Memo: Foreign Offices Total  Fiduciary Gross Income,TITOTF,483000.0
20241231,Memo: Foreign Offices Total  Fiduciary Gross Income,TITOTF,1876000.0
20240930,Memo: Foreign Offices Total  Fiduciary Gross Income,TITOTF,1377000.0
20240630,Memo: Foreign Offices Total  Fiduciary Gross Income,TITOTF,886000.0
20240331,Memo: Foreign Offices Total  Fiduciary Gross Income,TITOTF,445000.0
20231231,Memo: Foreign Offices Total  Fiduciary Gross Income,TITOTF,1687000.0
20230930,Memo: Foreign Offices Total  Fiduciary Gross Income,TITOTF,1260000.0
20230630,Memo: Foreign Offices Total  Fiduciary Gross Income,TITOTF,827000.0
20230331,Memo: Foreign Offices Total  Fiduciary Gross Income,TITOTF,414000.0
20260630,Memo: Gross Losses For Managed Accounts (Dec. Only),TTOTMAGL,
20260331,Memo: Gross Losses For Managed Accounts (Dec. Only),TTOTMAGL,
20251231,Memo: Gross Losses For Managed Accounts (Dec. Only),TTOTMAGL,
20250930,Memo: Gross Losses For Managed Accounts (Dec. Only),TTOTMAGL,
20250630,Memo: Gross Losses For Managed Accounts (Dec. Only),TTOTMAGL,
20250331,Memo: Gross Losses For Managed Accounts (Dec. Only),TTOTMAGL,
20241231,Memo: Gross Losses For Managed Accounts (Dec. Only),TTOTMAGL,
20240930,Memo: Gross Losses For Managed Accounts (Dec. Only),TTOTMAGL,
20240630,Memo: Gross Losses For Managed Accounts (Dec. Only),TTOTMAGL,
20240331,Memo: Gross Losses For Managed Accounts (Dec. Only),TTOTMAGL,
20231231,Memo: Gross Losses For Managed Accounts (Dec. Only),TTOTMAGL,
20230930,Memo: Gross Losses For Managed Accounts (Dec. Only),TTOTMAGL,
20230630,Memo: Gross Losses For Managed Accounts (Dec. Only),TTOTMAGL,
20230331,Memo: Gross Losses For Managed Accounts (Dec. Only),TTOTMAGL,
20260630,"Fiduciary Settlements, Surcharges, and Other Losses For Managed Accounts",TPMAGL,
20260331,"Fiduciary Settlements, Surcharges, and Other Losses For Managed Accounts",TPMAGL,
20251231,"Fiduciary Settlements, Surcharges, and Other Losses For Managed Accounts",TPMAGL,
20250930,"Fiduciary Settlements, Surcharges, and Other Losses For Managed Accounts",TPMAGL,
20250630,"Fiduciary Settlements, Surcharges, and Other Losses For Managed Accounts",TPMAGL,
20250331,"Fiduciary Settlements, Surcharges, and Other Losses For Managed Accounts",TPMAGL,
20241231,"Fiduciary Settlements, Surcharges, and Other Losses For Managed Accounts",TPMAGL,
20240930,"Fiduciary Settlements, Surcharges, and Other Losses For Managed Accounts",TPMAGL,
20240630,"Fiduciary Settlements, Surcharges, and Other Losses For Managed Accounts",TPMAGL,
20240331,"Fiduciary Settlements, Surcharges, and Other Losses For Managed Accounts",TPMAGL,
20231231,"Fiduciary Settlements, Surcharges, and Other Losses For Managed Accounts",TPMAGL,
20230930,"Fiduciary Settlements, Surcharges, and Other Losses For Managed Accounts",TPMAGL,
20230630,"Fiduciary Settlements, Surcharges, and Other Losses For Managed Accounts",TPMAGL,
20230331,"Fiduciary Settlements, Surcharges, and Other Losses For Managed Accounts",TPMAGL,
20260630,Employee Benefit and Retirement-Related Losses For Managed Accounts,TRTMAGL,
20260331,Employee Benefit and Retirement-Related Losses For Managed Accounts,TRTMAGL,
20251231,Employee Benefit and Retirement-Related Losses For Managed Accounts,TRTMAGL,
20250930,Employee Benefit and Retirement-Related Losses For Managed Accounts,TRTMAGL,
20250630,Employee Benefit and Retirement-Related Losses For Managed Accounts,TRTMAGL,
20250331,Employee Benefit and Retirement-Related Losses For Managed Accounts,TRTMAGL,
20241231,Employee Benefit and Retirement-Related Losses For Managed Accounts,TRTMAGL,
20240930,Employee Benefit and Retirement-Related Losses For Managed Accounts,TRTMAGL,
20240630,Employee Benefit and Retirement-Related Losses For Managed Accounts,TRTMAGL,
20240331,Employee Benefit and Retirement-Related Losses For Managed Accounts,TRTMAGL,
20231231,Employee Benefit and Retirement-Related Losses For Managed Accounts,TRTMAGL,
20230930,Employee Benefit and Retirement-Related Losses For Managed Accounts,TRTMAGL,
20230630,Employee Benefit and Retirement-Related Losses For Managed Accounts,TRTMAGL,
20230331,Employee Benefit and Retirement-Related Losses For Managed Accounts,TRTMAGL,
20260630,Losses On Investment Management and Investment For Managed Accounts,TIMMAGL,
20260331,Losses On Investment Management and Investment For Managed Accounts,TIMMAGL,
20251231,Losses On Investment Management and Investment For Managed Accounts,TIMMAGL,
20250930,Losses On Investment Management and Investment For Managed Accounts,TIMMAGL,
20250630,Losses On Investment Management and Investment For Managed Accounts,TIMMAGL,
20250331,Losses On Investment Management and Investment For Managed Accounts,TIMMAGL,
20241231,Losses On Investment Management and Investment For Managed Accounts,TIMMAGL,
20240930,Losses On Investment Management and Investment For Managed Accounts,TIMMAGL,
20240630,Losses On Investment Management and Investment For Managed Accounts,TIMMAGL,
20240331,Losses On Investment Management and Investment For Managed Accounts,TIMMAGL,
20231231,Losses On Investment Management and Investment For Managed Accounts,TIMMAGL,
20230930,Losses On Investment Management and Investment For Managed Accounts,TIMMAGL,
20230630,Losses On Investment Management and Investment For Managed Accounts,TIMMAGL,
20230331,Losses On Investment Management and Investment For Managed Accounts,TIMMAGL,
20260630,Losses On Other Fiduciary Accounts and Related For Managed Accounts,TOFMAGL,
20260331,Losses On Other Fiduciary Accounts and Related For Managed Accounts,TOFMAGL,
20251231,Losses On Other Fiduciary Accounts and Related For Managed Accounts,TOFMAGL,
20250930,Losses On Other Fiduciary Accounts and Related For Managed Accounts,TOFMAGL,
20250630,Losses On Other Fiduciary Accounts and Related For Managed Accounts,TOFMAGL,
20250331,Losses On Other Fiduciary Accounts and Related For Managed Accounts,TOFMAGL,
20241231,Losses On Other Fiduciary Accounts and Related For Managed Accounts,TOFMAGL,
20240930,Losses On Other Fiduciary Accounts and Related For Managed Accounts,TOFMAGL,
20240630,Losses On Other Fiduciary Accounts and Related For Managed Accounts,TOFMAGL,
20240331,Losses On Other Fiduciary Accounts and Related For Managed Accounts,TOFMAGL,
20231231,Losses On Other Fiduciary Accounts and Related For Managed Accounts,TOFMAGL,
20230930,Losses On Other Fiduciary Accounts and Related For Managed Accounts,TOFMAGL,
20230630,Losses On Other Fiduciary Accounts and Related For Managed Accounts,TOFMAGL,
20230331,Losses On Other Fiduciary Accounts and Related For Managed Accounts,TOFMAGL,
20260630,Memoranda: Losses For Non-Managed Accounts (Dec. Only),TTOTNMGL,
20260331,Memoranda: Losses For Non-Managed Accounts (Dec. Only),TTOTNMGL,
20251231,Memoranda: Losses For Non-Managed Accounts (Dec. Only),TTOTNMGL,
20250930,Memoranda: Losses For Non-Managed Accounts (Dec. Only),TTOTNMGL,
20250630,Memoranda: Losses For Non-Managed Accounts (Dec. Only),TTOTNMGL,
20250331,Memoranda: Losses For Non-Managed Accounts (Dec. Only),TTOTNMGL,
20241231,Memoranda: Losses For Non-Managed Accounts (Dec. Only),TTOTNMGL,
20240930,Memoranda: Losses For Non-Managed Accounts (Dec. Only),TTOTNMGL,
20240630,Memoranda: Losses For Non-Managed Accounts (Dec. Only),TTOTNMGL,
20240331,Memoranda: Losses For Non-Managed Accounts (Dec. Only),TTOTNMGL,
20231231,Memoranda: Losses For Non-Managed Accounts (Dec. Only),TTOTNMGL,
20230930,Memoranda: Losses For Non-Managed Accounts (Dec. Only),TTOTNMGL,
20230630,Memoranda: Losses For Non-Managed Accounts (Dec. Only),TTOTNMGL,
20230331,Memoranda: Losses For Non-Managed Accounts (Dec. Only),TTOTNMGL,
20260630,"Fiduciary Settlements, Surcharges, and Other, Gross Losses On Non-Managed Accounts",TPNMGL,
20260331,"Fiduciary Settlements, Surcharges, and Other, Gross Losses On Non-Managed Accounts",TPNMGL,
20251231,"Fiduciary Settlements, Surcharges, and Other, Gross Losses On Non-Managed Accounts",TPNMGL,
20250930,"Fiduciary Settlements, Surcharges, and Other, Gross Losses On Non-Managed Accounts",TPNMGL,
20250630,"Fiduciary Settlements, Surcharges, and Other, Gross Losses On Non-Managed Accounts",TPNMGL,
20250331,"Fiduciary Settlements, Surcharges, and Other, Gross Losses On Non-Managed Accounts",TPNMGL,
20241231,"Fiduciary Settlements, Surcharges, and Other, Gross Losses On Non-Managed Accounts",TPNMGL,
20240930,"Fiduciary Settlements, Surcharges, and Other, Gross Losses On Non-Managed Accounts",TPNMGL,
20240630,"Fiduciary Settlements, Surcharges, and Other, Gross Losses On Non-Managed Accounts",TPNMGL,
20240331,"Fiduciary Settlements, Surcharges, and Other, Gross Losses On Non-Managed Accounts",TPNMGL,
20231231,"Fiduciary Settlements, Surcharges, and Other, Gross Losses On Non-Managed Accounts",TPNMGL,
20230930,"Fiduciary Settlements, Surcharges, and Other, Gross Losses On Non-Managed Accounts",TPNMGL,
20230630,"Fiduciary Settlements, Surcharges, and Other, Gross Losses On Non-Managed Accounts",TPNMGL,
20230331,"Fiduciary Settlements, Surcharges, and Other, Gross Losses On Non-Managed Accounts",TPNMGL,
20260630,"Employee Benefit and Retirement-Related Trust and Agency Accounts, Gross Losses On Non-Managed Accounts",TRTNMGL,
20260331,"Employee Benefit and Retirement-Related Trust and Agency Accounts, Gross Losses On Non-Managed Accounts",TRTNMGL,
20251231,"Employee Benefit and Retirement-Related Trust and Agency Accounts, Gross Losses On Non-Managed Accounts",TRTNMGL,
20250930,"Employee Benefit and Retirement-Related Trust and Agency Accounts, Gross Losses On Non-Managed Accounts",TRTNMGL,
20250630,"Employee Benefit and Retirement-Related Trust and Agency Accounts, Gross Losses On Non-Managed Accounts",TRTNMGL,
20250331,"Employee Benefit and Retirement-Related Trust and Agency Accounts, Gross Losses On Non-Managed Accounts",TRTNMGL,
20241231,"Employee Benefit and Retirement-Related Trust and Agency Accounts, Gross Losses On Non-Managed Accounts",TRTNMGL,
20240930,"Employee Benefit and Retirement-Related Trust and Agency Accounts, Gross Losses On Non-Managed Accounts",TRTNMGL,
20240630,"Employee Benefit and Retirement-Related Trust and Agency Accounts, Gross Losses On Non-Managed Accounts",TRTNMGL,
20240331,"Employee Benefit and Retirement-Related Trust and Agency Accounts, Gross Losses On Non-Managed Accounts",TRTNMGL,
20231231,"Employee Benefit and Retirement-Related Trust and Agency Accounts, Gross Losses On Non-Managed Accounts",TRTNMGL,
20230930,"Employee Benefit and Retirement-Related Trust and Agency Accounts, Gross Losses On Non-Managed Accounts",TRTNMGL,
20230630,"Employee Benefit and Retirement-Related Trust and Agency Accounts, Gross Losses On Non-Managed Accounts",TRTNMGL,
20230331,"Employee Benefit and Retirement-Related Trust and Agency Accounts, Gross Losses On Non-Managed Accounts",TRTNMGL,
20260630,"Investment Management & Investment Advisory Agency, Gross Losses On Non-Managed Accounts",TIMNMGL,
20260331,"Investment Management & Investment Advisory Agency, Gross Losses On Non-Managed Accounts",TIMNMGL,
20251231,"Investment Management & Investment Advisory Agency, Gross Losses On Non-Managed Accounts",TIMNMGL,
20250930,"Investment Management & Investment Advisory Agency, Gross Losses On Non-Managed Accounts",TIMNMGL,
20250630,"Investment Management & Investment Advisory Agency, Gross Losses On Non-Managed Accounts",TIMNMGL,
20250331,"Investment Management & Investment Advisory Agency, Gross Losses On Non-Managed Accounts",TIMNMGL,
20241231,"Investment Management & Investment Advisory Agency, Gross Losses On Non-Managed Accounts",TIMNMGL,
20240930,"Investment Management & Investment Advisory Agency, Gross Losses On Non-Managed Accounts",TIMNMGL,
20240630,"Investment Management & Investment Advisory Agency, Gross Losses On Non-Managed Accounts",TIMNMGL,
20240331,"Investment Management & Investment Advisory Agency, Gross Losses On Non-Managed Accounts",TIMNMGL,
20231231,"Investment Management & Investment Advisory Agency, Gross Losses On Non-Managed Accounts",TIMNMGL,
20230930,"Investment Management & Investment Advisory Agency, Gross Losses On Non-Managed Accounts",TIMNMGL,
20230630,"Investment Management & Investment Advisory Agency, Gross Losses On Non-Managed Accounts",TIMNMGL,
20230331,"Investment Management & Investment Advisory Agency, Gross Losses On Non-Managed Accounts",TIMNMGL,
20260630,"Other Fiduciary Accounts and Related Services, Gross Losses On Non-Managed Assets",TOFNMAGL,
20260331,"Other Fiduciary Accounts and Related Services, Gross Losses On Non-Managed Assets",TOFNMAGL,
20251231,"Other Fiduciary Accounts and Related Services, Gross Losses On Non-Managed Assets",TOFNMAGL,
20250930,"Other Fiduciary Accounts and Related Services, Gross Losses On Non-Managed Assets",TOFNMAGL,
20250630,"Other Fiduciary Accounts and Related Services, Gross Losses On Non-Managed Assets",TOFNMAGL,
20250331,"Other Fiduciary Accounts and Related Services, Gross Losses On Non-Managed Assets",TOFNMAGL,
20241231,"Other Fiduciary Accounts and Related Services, Gross Losses On Non-Managed Assets",TOFNMAGL,
20240930,"Other Fiduciary Accounts and Related Services, Gross Losses On Non-Managed Assets",TOFNMAGL,
20240630,"Other Fiduciary Accounts and Related Services, Gross Losses On Non-Managed Assets",TOFNMAGL,
20240331,"Other Fiduciary Accounts and Related Services, Gross Losses On Non-Managed Assets",TOFNMAGL,
20231231,"Other Fiduciary Accounts and Related Services, Gross Losses On Non-Managed Assets",TOFNMAGL,
20230930,"Other Fiduciary Accounts and Related Services, Gross Losses On Non-Managed Assets",TOFNMAGL,
20230630,"Other Fiduciary Accounts and Related Services, Gross Losses On Non-Managed Assets",TOFNMAGL,
20230331,"Other Fiduciary Accounts and Related Services, Gross Losses On Non-Managed Assets",TOFNMAGL,
20260630,Memoranda: Recoveries For Fiduciary and Related Services Income (Dec. Only),TTOTREC,
20260331,Memoranda: Recoveries For Fiduciary and Related Services Income (Dec. Only),TTOTREC,
20251231,Memoranda: Recoveries For Fiduciary and Related Services Income (Dec. Only),TTOTREC,
20250930,Memoranda: Recoveries For Fiduciary and Related Services Income (Dec. Only),TTOTREC,
20250630,Memoranda: Recoveries For Fiduciary and Related Services Income (Dec. Only),TTOTREC,
20250331,Memoranda: Recoveries For Fiduciary and Related Services Income (Dec. Only),TTOTREC,
20241231,Memoranda: Recoveries For Fiduciary and Related Services Income (Dec. Only),TTOTREC,
20240930,Memoranda: Recoveries For Fiduciary and Related Services Income (Dec. Only),TTOTREC,
20240630,Memoranda: Recoveries For Fiduciary and Related Services Income (Dec. Only),TTOTREC,
20240331,Memoranda: Recoveries For Fiduciary and Related Services Income (Dec. Only),TTOTREC,
20231231,Memoranda: Recoveries For Fiduciary and Related Services Income (Dec. Only),TTOTREC,
20230930,Memoranda: Recoveries For Fiduciary and Related Services Income (Dec. Only),TTOTREC,
20230630,Memoranda: Recoveries For Fiduciary and Related Services Income (Dec. Only),TTOTREC,
20230331,Memoranda: Recoveries For Fiduciary and Related Services Income (Dec. Only),TTOTREC,
20260630,"Fiduciary Settlements, Surcharges, and Other, Recoveries",TPTREC,
20260331,"Fiduciary Settlements, Surcharges, and Other, Recoveries",TPTREC,
20251231,"Fiduciary Settlements, Surcharges, and Other, Recoveries",TPTREC,
20250930,"Fiduciary Settlements, Surcharges, and Other, Recoveries",TPTREC,
20250630,"Fiduciary Settlements, Surcharges, and Other, Recoveries",TPTREC,
20250331,"Fiduciary Settlements, Surcharges, and Other, Recoveries",TPTREC,
20241231,"Fiduciary Settlements, Surcharges, and Other, Recoveries",TPTREC,
20240930,"Fiduciary Settlements, Surcharges, and Other, Recoveries",TPTREC,
20240630,"Fiduciary Settlements, Surcharges, and Other, Recoveries",TPTREC,
20240331,"Fiduciary Settlements, Surcharges, and Other, Recoveries",TPTREC,
20231231,"Fiduciary Settlements, Surcharges, and Other, Recoveries",TPTREC,
20230930,"Fiduciary Settlements, Surcharges, and Other, Recoveries",TPTREC,
20230630,"Fiduciary Settlements, Surcharges, and Other, Recoveries",TPTREC,
20230331,"Fiduciary Settlements, Surcharges, and Other, Recoveries",TPTREC,
20260630,"Employee Benefit and Retirement-Related Trust and Agency Accounts, Recoveries",TRTREC,
20260331,"Employee Benefit and Retirement-Related Trust and Agency Accounts, Recoveries",TRTREC,
20251231,"Employee Benefit and Retirement-Related Trust and Agency Accounts, Recoveries",TRTREC,
20250930,"Employee Benefit and Retirement-Related Trust and Agency Accounts, Recoveries",TRTREC,
20250630,"Employee Benefit and Retirement-Related Trust and Agency Accounts, Recoveries",TRTREC,
20250331,"Employee Benefit and Retirement-Related Trust and Agency Accounts, Recoveries",TRTREC,
20241231,"Employee Benefit and Retirement-Related Trust and Agency Accounts, Recoveries",TRTREC,
20240930,"Employee Benefit and Retirement-Related Trust and Agency Accounts, Recoveries",TRTREC,
20240630,"Employee Benefit and Retirement-Related Trust and Agency Accounts, Recoveries",TRTREC,
20240331,"Employee Benefit and Retirement-Related Trust and Agency Accounts, Recoveries",TRTREC,
20231231,"Employee Benefit and Retirement-Related Trust and Agency Accounts, Recoveries",TRTREC,
20230930,"Employee Benefit and Retirement-Related Trust and Agency Accounts, Recoveries",TRTREC,
20230630,"Employee Benefit and Retirement-Related Trust and Agency Accounts, Recoveries",TRTREC,
20230331,"Employee Benefit and Retirement-Related Trust and Agency Accounts, Recoveries",TRTREC,
20260630,"Investment Management and Investment Advisory Agency Accounts, Recoveries",TIMREC,
20260331,"Investment Management and Investment Advisory Agency Accounts, Recoveries",TIMREC,
20251231,"Investment Management and Investment Advisory Agency Accounts, Recoveries",TIMREC,
20250930,"Investment Management and Investment Advisory Agency Accounts, Recoveries",TIMREC,
20250630,"Investment Management and Investment Advisory Agency Accounts, Recoveries",TIMREC,
20250331,"Investment Management and Investment Advisory Agency Accounts, Recoveries",TIMREC,
20241231,"Investment Management and Investment Advisory Agency Accounts, Recoveries",TIMREC,
20240930,"Investment Management and Investment Advisory Agency Accounts, Recoveries",TIMREC,
20240630,"Investment Management and Investment Advisory Agency Accounts, Recoveries",TIMREC,
20240331,"Investment Management and Investment Advisory Agency Accounts, Recoveries",TIMREC,
20231231,"Investment Management and Investment Advisory Agency Accounts, Recoveries",TIMREC,
20230930,"Investment Management and Investment Advisory Agency Accounts, Recoveries",TIMREC,
20230630,"Investment Management and Investment Advisory Agency Accounts, Recoveries",TIMREC,
20230331,"Investment Management and Investment Advisory Agency Accounts, Recoveries",TIMREC,
20260630,"Other Fiduciary Accounts and Related Services, Recoveries",TOFREC,
20260331,"Other Fiduciary Accounts and Related Services, Recoveries",TOFREC,
20251231,"Other Fiduciary Accounts and Related Services, Recoveries",TOFREC,
20250930,"Other Fiduciary Accounts and Related Services, Recoveries",TOFREC,
20250630,"Other Fiduciary Accounts and Related Services, Recoveries",TOFREC,
20250331,"Other Fiduciary Accounts and Related Services, Recoveries",TOFREC,
20241231,"Other Fiduciary Accounts and Related Services, Recoveries",TOFREC,
20240930,"Other Fiduciary Accounts and Related Services, Recoveries",TOFREC,
20240630,"Other Fiduciary Accounts and Related Services, Recoveries",TOFREC,
20240331,"Other Fiduciary Accounts and Related Services, Recoveries",TOFREC,
20231231,"Other Fiduciary Accounts and Related Services, Recoveries",TOFREC,
20230930,"Other Fiduciary Accounts and Related Services, Recoveries",TOFREC,
20230630,"Other Fiduciary Accounts and Related Services, Recoveries",TOFREC,
20230331,"Other Fiduciary Accounts and Related Services, Recoveries",TOFREC,
20260630,9. Bank Assets Sold and Securitized,N/A,
20260331,9. Bank Assets Sold and Securitized,N/A,
20251231,9. Bank Assets Sold and Securitized,N/A,
20250930,9. Bank Assets Sold and Securitized,N/A,
20250630,9. Bank Assets Sold and Securitized,N/A,
20250331,9. Bank Assets Sold and Securitized,N/A,
20241231,9. Bank Assets Sold and Securitized,N/A,
20240930,9. Bank Assets Sold and Securitized,N/A,
20240630,9. Bank Assets Sold and Securitized,N/A,
20240331,9. Bank Assets Sold and Securitized,N/A,
20231231,9. Bank Assets Sold and Securitized,N/A,
20230930,9. Bank Assets Sold and Securitized,N/A,
20230630,9. Bank Assets Sold and Securitized,N/A,
20230331,9. Bank Assets Sold and Securitized,N/A,
20260630,1-4 Family Residential Loans Principal Balance Sold and Securitized by Bank,SZLNRES,56351000.0
20260331,1-4 Family Residential Loans Principal Balance Sold and Securitized by Bank,SZLNRES,54886000.0
20251231,1-4 Family Residential Loans Principal Balance Sold and Securitized by Bank,SZLNRES,53022000.0
20250930,1-4 Family Residential Loans Principal Balance Sold and Securitized by Bank,SZLNRES,51393000.0
20250630,1-4 Family Residential Loans Principal Balance Sold and Securitized by Bank,SZLNRES,48877000.0
20250331,1-4 Family Residential Loans Principal Balance Sold and Securitized by Bank,SZLNRES,45888000.0
20241231,1-4 Family Residential Loans Principal Balance Sold and Securitized by Bank,SZLNRES,45670000.0
20240930,1-4 Family Residential Loans Principal Balance Sold and Securitized by Bank,SZLNRES,42687000.0
20240630,1-4 Family Residential Loans Principal Balance Sold and Securitized by Bank,SZLNRES,40742000.0
20240331,1-4 Family Residential Loans Principal Balance Sold and Securitized by Bank,SZLNRES,38308000.0
20231231,1-4 Family Residential Loans Principal Balance Sold and Securitized by Bank,SZLNRES,35422000.0
20230930,1-4 Family Residential Loans Principal Balance Sold and Securitized by Bank,SZLNRES,34604000.0
20230630,1-4 Family Residential Loans Principal Balance Sold and Securitized by Bank,SZLNRES,33375000.0
20230331,1-4 Family Residential Loans Principal Balance Sold and Securitized by Bank,SZLNRES,32177000.0
20260630,"Maximum Credit Exposure, 1-4 Family Residential Loans Securitized by Bank",SZISLRES,792000.0
20260331,"Maximum Credit Exposure, 1-4 Family Residential Loans Securitized by Bank",SZISLRES,734000.0
20251231,"Maximum Credit Exposure, 1-4 Family Residential Loans Securitized by Bank",SZISLRES,660000.0
20250930,"Maximum Credit Exposure, 1-4 Family Residential Loans Securitized by Bank",SZISLRES,607000.0
20250630,"Maximum Credit Exposure, 1-4 Family Residential Loans Securitized by Bank",SZISLRES,494000.0
20250331,"Maximum Credit Exposure, 1-4 Family Residential Loans Securitized by Bank",SZISLRES,395000.0
20241231,"Maximum Credit Exposure, 1-4 Family Residential Loans Securitized by Bank",SZISLRES,335000.0
20240930,"Maximum Credit Exposure, 1-4 Family Residential Loans Securitized by Bank",SZISLRES,287000.0
20240630,"Maximum Credit Exposure, 1-4 Family Residential Loans Securitized by Bank",SZISLRES,271000.0
20240331,"Maximum Credit Exposure, 1-4 Family Residential Loans Securitized by Bank",SZISLRES,241000.0
20231231,"Maximum Credit Exposure, 1-4 Family Residential Loans Securitized by Bank",SZISLRES,211000.0
20230930,"Maximum Credit Exposure, 1-4 Family Residential Loans Securitized by Bank",SZISLRES,495000.0
20230630,"Maximum Credit Exposure, 1-4 Family Residential Loans Securitized by Bank",SZISLRES,489000.0
20230331,"Maximum Credit Exposure, 1-4 Family Residential Loans Securitized by Bank",SZISLRES,249000.0
20260630,"Past Due Loan Amounts 30-89 Days, 1-4 Family Residential Loans Securitized by Bank",SZ30RES,564000.0
20260331,"Past Due Loan Amounts 30-89 Days, 1-4 Family Residential Loans Securitized by Bank",SZ30RES,585000.0
20251231,"Past Due Loan Amounts 30-89 Days, 1-4 Family Residential Loans Securitized by Bank",SZ30RES,638000.0
20250930,"Past Due Loan Amounts 30-89 Days, 1-4 Family Residential Loans Securitized by Bank",SZ30RES,543000.0
20250630,"Past Due Loan Amounts 30-89 Days, 1-4 Family Residential Loans Securitized by Bank",SZ30RES,466000.0
20250331,"Past Due Loan Amounts 30-89 Days, 1-4 Family Residential Loans Securitized by Bank",SZ30RES,572000.0
20241231,"Past Due Loan Amounts 30-89 Days, 1-4 Family Residential Loans Securitized by Bank",SZ30RES,500000.0
20240930,"Past Due Loan Amounts 30-89 Days, 1-4 Family Residential Loans Securitized by Bank",SZ30RES,410000.0
20240630,"Past Due Loan Amounts 30-89 Days, 1-4 Family Residential Loans Securitized by Bank",SZ30RES,368000.0
20240331,"Past Due Loan Amounts 30-89 Days, 1-4 Family Residential Loans Securitized by Bank",SZ30RES,373000.0
20231231,"Past Due Loan Amounts 30-89 Days, 1-4 Family Residential Loans Securitized by Bank",SZ30RES,352000.0
20230930,"Past Due Loan Amounts 30-89 Days, 1-4 Family Residential Loans Securitized by Bank",SZ30RES,304000.0
20230630,"Past Due Loan Amounts 30-89 Days, 1-4 Family Residential Loans Securitized by Bank",SZ30RES,297000.0
20230331,"Past Due Loan Amounts 30-89 Days, 1-4 Family Residential Loans Securitized by Bank",SZ30RES,296000.0
20260630,"Past Due Loan Amounts 90 Days or More, 1-4 Family Residential Loans Securitized by Bank",SZ90RES,440000.0
20260331,"Past Due Loan Amounts 90 Days or More, 1-4 Family Residential Loans Securitized by Bank",SZ90RES,445000.0
20251231,"Past Due Loan Amounts 90 Days or More, 1-4 Family Residential Loans Securitized by Bank",SZ90RES,448000.0
20250930,"Past Due Loan Amounts 90 Days or More, 1-4 Family Residential Loans Securitized by Bank",SZ90RES,454000.0
20250630,"Past Due Loan Amounts 90 Days or More, 1-4 Family Residential Loans Securitized by Bank",SZ90RES,453000.0
20250331,"Past Due Loan Amounts 90 Days or More, 1-4 Family Residential Loans Securitized by Bank",SZ90RES,415000.0
20241231,"Past Due Loan Amounts 90 Days or More, 1-4 Family Residential Loans Securitized by Bank",SZ90RES,371000.0
20240930,"Past Due Loan Amounts 90 Days or More, 1-4 Family Residential Loans Securitized by Bank",SZ90RES,350000.0
20240630,"Past Due Loan Amounts 90 Days or More, 1-4 Family Residential Loans Securitized by Bank",SZ90RES,333000.0
20240331,"Past Due Loan Amounts 90 Days or More, 1-4 Family Residential Loans Securitized by Bank",SZ90RES,332000.0
20231231,"Past Due Loan Amounts 90 Days or More, 1-4 Family Residential Loans Securitized by Bank",SZ90RES,308000.0
20230930,"Past Due Loan Amounts 90 Days or More, 1-4 Family Residential Loans Securitized by Bank",SZ90RES,317000.0
20230630,"Past Due Loan Amounts 90 Days or More, 1-4 Family Residential Loans Securitized by Bank",SZ90RES,307000.0
20230331,"Past Due Loan Amounts 90 Days or More, 1-4 Family Residential Loans Securitized by Bank",SZ90RES,324000.0
20260630,"Charge-offs, 1-4 Family Residential Loans Securitized by Bank",SZDRRES,8000.0
20260331,"Charge-offs, 1-4 Family Residential Loans Securitized by Bank",SZDRRES,6000.0
20251231,"Charge-offs, 1-4 Family Residential Loans Securitized by Bank",SZDRRES,6000.0
20250930,"Charge-offs, 1-4 Family Residential Loans Securitized by Bank",SZDRRES,6000.0
20250630,"Charge-offs, 1-4 Family Residential Loans Securitized by Bank",SZDRRES,3000.0
20250331,"Charge-offs, 1-4 Family Residential Loans Securitized by Bank",SZDRRES,1000.0
20241231,"Charge-offs, 1-4 Family Residential Loans Securitized by Bank",SZDRRES,10000.0
20240930,"Charge-offs, 1-4 Family Residential Loans Securitized by Bank",SZDRRES,9000.0
20240630,"Charge-offs, 1-4 Family Residential Loans Securitized by Bank",SZDRRES,7000.0
20240331,"Charge-offs, 1-4 Family Residential Loans Securitized by Bank",SZDRRES,2000.0
20231231,"Charge-offs, 1-4 Family Residential Loans Securitized by Bank",SZDRRES,17000.0
20230930,"Charge-offs, 1-4 Family Residential Loans Securitized by Bank",SZDRRES,14000.0
20230630,"Charge-offs, 1-4 Family Residential Loans Securitized by Bank",SZDRRES,9000.0
20230331,"Charge-offs, 1-4 Family Residential Loans Securitized by Bank",SZDRRES,7000.0
20260630,"Recoveries, 1-4 Family Residential Loans Securitized by Bank",SZCRRES,3000.0
20260331,"Recoveries, 1-4 Family Residential Loans Securitized by Bank",SZCRRES,1000.0
20251231,"Recoveries, 1-4 Family Residential Loans Securitized by Bank",SZCRRES,5000.0
20250930,"Recoveries, 1-4 Family Residential Loans Securitized by Bank",SZCRRES,5000.0
20250630,"Recoveries, 1-4 Family Residential Loans Securitized by Bank",SZCRRES,3000.0
20250331,"Recoveries, 1-4 Family Residential Loans Securitized by Bank",SZCRRES,1000.0
20241231,"Recoveries, 1-4 Family Residential Loans Securitized by Bank",SZCRRES,8000.0
20240930,"Recoveries, 1-4 Family Residential Loans Securitized by Bank",SZCRRES,7000.0
20240630,"Recoveries, 1-4 Family Residential Loans Securitized by Bank",SZCRRES,4000.0
20240331,"Recoveries, 1-4 Family Residential Loans Securitized by Bank",SZCRRES,1000.0
20231231,"Recoveries, 1-4 Family Residential Loans Securitized by Bank",SZCRRES,7000.0
20230930,"Recoveries, 1-4 Family Residential Loans Securitized by Bank",SZCRRES,5000.0
20230630,"Recoveries, 1-4 Family Residential Loans Securitized by Bank",SZCRRES,2000.0
20230331,"Recoveries, 1-4 Family Residential Loans Securitized by Bank",SZCRRES,1000.0
20260630,Home Equity Lines Principal Balance Sold and Securitized by Bank,SZLNHEL,458000.0
20260331,Home Equity Lines Principal Balance Sold and Securitized by Bank,SZLNHEL,491000.0
20251231,Home Equity Lines Principal Balance Sold and Securitized by Bank,SZLNHEL,523000.0
20250930,Home Equity Lines Principal Balance Sold and Securitized by Bank,SZLNHEL,560000.0
20250630,Home Equity Lines Principal Balance Sold and Securitized by Bank,SZLNHEL,602000.0
20250331,Home Equity Lines Principal Balance Sold and Securitized by Bank,SZLNHEL,651000.0
20241231,Home Equity Lines Principal Balance Sold and Securitized by Bank,SZLNHEL,694000.0
20240930,Home Equity Lines Principal Balance Sold and Securitized by Bank,SZLNHEL,744000.0
20240630,Home Equity Lines Principal Balance Sold and Securitized by Bank,SZLNHEL,794000.0
20240331,Home Equity Lines Principal Balance Sold and Securitized by Bank,SZLNHEL,0.0
20231231,Home Equity Lines Principal Balance Sold and Securitized by Bank,SZLNHEL,0.0
20230930,Home Equity Lines Principal Balance Sold and Securitized by Bank,SZLNHEL,0.0
20230630,Home Equity Lines Principal Balance Sold and Securitized by Bank,SZLNHEL,0.0
20230331,Home Equity Lines Principal Balance Sold and Securitized by Bank,SZLNHEL,0.0
20260630,"Maximum Credit Exposure, Home Equity Lines Securitized by Bank",SZISLHEL,14000.0
20260331,"Maximum Credit Exposure, Home Equity Lines Securitized by Bank",SZISLHEL,14000.0
20251231,"Maximum Credit Exposure, Home Equity Lines Securitized by Bank",SZISLHEL,15000.0
20250930,"Maximum Credit Exposure, Home Equity Lines Securitized by Bank",SZISLHEL,15000.0
20250630,"Maximum Credit Exposure, Home Equity Lines Securitized by Bank",SZISLHEL,16000.0
20250331,"Maximum Credit Exposure, Home Equity Lines Securitized by Bank",SZISLHEL,16000.0
20241231,"Maximum Credit Exposure, Home Equity Lines Securitized by Bank",SZISLHEL,16000.0
20240930,"Maximum Credit Exposure, Home Equity Lines Securitized by Bank",SZISLHEL,16000.0
20240630,"Maximum Credit Exposure, Home Equity Lines Securitized by Bank",SZISLHEL,17000.0
20240331,"Maximum Credit Exposure, Home Equity Lines Securitized by Bank",SZISLHEL,0.0
20231231,"Maximum Credit Exposure, Home Equity Lines Securitized by Bank",SZISLHEL,0.0
20230930,"Maximum Credit Exposure, Home Equity Lines Securitized by Bank",SZISLHEL,0.0
20230630,"Maximum Credit Exposure, Home Equity Lines Securitized by Bank",SZISLHEL,0.0
20230331,"Maximum Credit Exposure, Home Equity Lines Securitized by Bank",SZISLHEL,0.0
20260630,"Past Due Loan Amounts 30-89 Days, Home Equity Lines Securitized by Bank",SZ30HEL,14000.0
20260331,"Past Due Loan Amounts 30-89 Days, Home Equity Lines Securitized by Bank",SZ30HEL,13000.0
20251231,"Past Due Loan Amounts 30-89 Days, Home Equity Lines Securitized by Bank",SZ30HEL,15000.0
20250930,"Past Due Loan Amounts 30-89 Days, Home Equity Lines Securitized by Bank",SZ30HEL,12000.0
20250630,"Past Due Loan Amounts 30-89 Days, Home Equity Lines Securitized by Bank",SZ30HEL,10000.0
20250331,"Past Due Loan Amounts 30-89 Days, Home Equity Lines Securitized by Bank",SZ30HEL,14000.0
20241231,"Past Due Loan Amounts 30-89 Days, Home Equity Lines Securitized by Bank",SZ30HEL,18000.0
20240930,"Past Due Loan Amounts 30-89 Days, Home Equity Lines Securitized by Bank",SZ30HEL,16000.0
20240630,"Past Due Loan Amounts 30-89 Days, Home Equity Lines Securitized by Bank",SZ30HEL,16000.0
20240331,"Past Due Loan Amounts 30-89 Days, Home Equity Lines Securitized by Bank",SZ30HEL,0.0
20231231,"Past Due Loan Amounts 30-89 Days, Home Equity Lines Securitized by Bank",SZ30HEL,0.0
20230930,"Past Due Loan Amounts 30-89 Days, Home Equity Lines Securitized by Bank",SZ30HEL,0.0
20230630,"Past Due Loan Amounts 30-89 Days, Home Equity Lines Securitized by Bank",SZ30HEL,0.0
20230331,"Past Due Loan Amounts 30-89 Days, Home Equity Lines Securitized by Bank",SZ30HEL,0.0
20260630,"Past Due Loan Amounts 90 Days or More, Home Equity Lines Securitized by Bank",SZ90HEL,5000.0
20260331,"Past Due Loan Amounts 90 Days or More, Home Equity Lines Securitized by Bank",SZ90HEL,7000.0
20251231,"Past Due Loan Amounts 90 Days or More, Home Equity Lines Securitized by Bank",SZ90HEL,4000.0
20250930,"Past Due Loan Amounts 90 Days or More, Home Equity Lines Securitized by Bank",SZ90HEL,6000.0
20250630,"Past Due Loan Amounts 90 Days or More, Home Equity Lines Securitized by Bank",SZ90HEL,5000.0
20250331,"Past Due Loan Amounts 90 Days or More, Home Equity Lines Securitized by Bank",SZ90HEL,5000.0
20241231,"Past Due Loan Amounts 90 Days or More, Home Equity Lines Securitized by Bank",SZ90HEL,4000.0
20240930,"Past Due Loan Amounts 90 Days or More, Home Equity Lines Securitized by Bank",SZ90HEL,5000.0
20240630,"Past Due Loan Amounts 90 Days or More, Home Equity Lines Securitized by Bank",SZ90HEL,1000.0
20240331,"Past Due Loan Amounts 90 Days or More, Home Equity Lines Securitized by Bank",SZ90HEL,0.0
20231231,"Past Due Loan Amounts 90 Days or More, Home Equity Lines Securitized by Bank",SZ90HEL,0.0
20230930,"Past Due Loan Amounts 90 Days or More, Home Equity Lines Securitized by Bank",SZ90HEL,0.0
20230630,"Past Due Loan Amounts 90 Days or More, Home Equity Lines Securitized by Bank",SZ90HEL,0.0
20230331,"Past Due Loan Amounts 90 Days or More, Home Equity Lines Securitized by Bank",SZ90HEL,0.0
20260630,"Charge-offs, Home Equity Lines Securitized by Bank",SZDRHEL,2000.0
20260331,"Charge-offs, Home Equity Lines Securitized by Bank",SZDRHEL,1000.0
20251231,"Charge-offs, Home Equity Lines Securitized by Bank",SZDRHEL,9000.0
20250930,"Charge-offs, Home Equity Lines Securitized by Bank",SZDRHEL,5000.0
20250630,"Charge-offs, Home Equity Lines Securitized by Bank",SZDRHEL,5000.0
20250331,"Charge-offs, Home Equity Lines Securitized by Bank",SZDRHEL,3000.0
20241231,"Charge-offs, Home Equity Lines Securitized by Bank",SZDRHEL,0.0
20240930,"Charge-offs, Home Equity Lines Securitized by Bank",SZDRHEL,0.0
20240630,"Charge-offs, Home Equity Lines Securitized by Bank",SZDRHEL,0.0
20240331,"Charge-offs, Home Equity Lines Securitized by Bank",SZDRHEL,0.0
20231231,"Charge-offs, Home Equity Lines Securitized by Bank",SZDRHEL,0.0
20230930,"Charge-offs, Home Equity Lines Securitized by Bank",SZDRHEL,0.0
20230630,"Charge-offs, Home Equity Lines Securitized by Bank",SZDRHEL,0.0
20230331,"Charge-offs, Home Equity Lines Securitized by Bank",SZDRHEL,0.0
20260630,"Recoveries, Home Equity Lines Securitized by Bank",SZCRHEL,0.0
20260331,"Recoveries, Home Equity Lines Securitized by Bank",SZCRHEL,0.0
20251231,"Recoveries, Home Equity Lines Securitized by Bank",SZCRHEL,0.0
20250930,"Recoveries, Home Equity Lines Securitized by Bank",SZCRHEL,0.0
20250630,"Recoveries, Home Equity Lines Securitized by Bank",SZCRHEL,0.0
20250331,"Recoveries, Home Equity Lines Securitized by Bank",SZCRHEL,0.0
20241231,"Recoveries, Home Equity Lines Securitized by Bank",SZCRHEL,0.0
20240930,"Recoveries, Home Equity Lines Securitized by Bank",SZCRHEL,0.0
20240630,"Recoveries, Home Equity Lines Securitized by Bank",SZCRHEL,0.0
20240331,"Recoveries, Home Equity Lines Securitized by Bank",SZCRHEL,0.0
20231231,"Recoveries, Home Equity Lines Securitized by Bank",SZCRHEL,0.0
20230930,"Recoveries, Home Equity Lines Securitized by Bank",SZCRHEL,0.0
20230630,"Recoveries, Home Equity Lines Securitized by Bank",SZCRHEL,0.0
20230331,"Recoveries, Home Equity Lines Securitized by Bank",SZCRHEL,0.0
20260630,Credit Card Receivables Principal Balance Sold and Securitized by Bank,SZLNCRCD,0.0
20260331,Credit Card Receivables Principal Balance Sold and Securitized by Bank,SZLNCRCD,0.0
20251231,Credit Card Receivables Principal Balance Sold and Securitized by Bank,SZLNCRCD,0.0
20250930,Credit Card Receivables Principal Balance Sold and Securitized by Bank,SZLNCRCD,0.0
20250630,Credit Card Receivables Principal Balance Sold and Securitized by Bank,SZLNCRCD,0.0
20250331,Credit Card Receivables Principal Balance Sold and Securitized by Bank,SZLNCRCD,0.0
20241231,Credit Card Receivables Principal Balance Sold and Securitized by Bank,SZLNCRCD,0.0
20240930,Credit Card Receivables Principal Balance Sold and Securitized by Bank,SZLNCRCD,0.0
20240630,Credit Card Receivables Principal Balance Sold and Securitized by Bank,SZLNCRCD,0.0
20240331,Credit Card Receivables Principal Balance Sold and Securitized by Bank,SZLNCRCD,0.0
20231231,Credit Card Receivables Principal Balance Sold and Securitized by Bank,SZLNCRCD,0.0
20230930,Credit Card Receivables Principal Balance Sold and Securitized by Bank,SZLNCRCD,0.0
20230630,Credit Card Receivables Principal Balance Sold and Securitized by Bank,SZLNCRCD,0.0
20230331,Credit Card Receivables Principal Balance Sold and Securitized by Bank,SZLNCRCD,0.0
20260630,"Maximum Credit Exposure, Credit Card Receivables Securitized by Bank",SZISLCCD,0.0
20260331,"Maximum Credit Exposure, Credit Card Receivables Securitized by Bank",SZISLCCD,0.0
20251231,"Maximum Credit Exposure, Credit Card Receivables Securitized by Bank",SZISLCCD,0.0
20250930,"Maximum Credit Exposure, Credit Card Receivables Securitized by Bank",SZISLCCD,0.0
20250630,"Maximum Credit Exposure, Credit Card Receivables Securitized by Bank",SZISLCCD,0.0
20250331,"Maximum Credit Exposure, Credit Card Receivables Securitized by Bank",SZISLCCD,0.0
20241231,"Maximum Credit Exposure, Credit Card Receivables Securitized by Bank",SZISLCCD,0.0
20240930,"Maximum Credit Exposure, Credit Card Receivables Securitized by Bank",SZISLCCD,0.0
20240630,"Maximum Credit Exposure, Credit Card Receivables Securitized by Bank",SZISLCCD,0.0
20240331,"Maximum Credit Exposure, Credit Card Receivables Securitized by Bank",SZISLCCD,0.0
20231231,"Maximum Credit Exposure, Credit Card Receivables Securitized by Bank",SZISLCCD,0.0
20230930,"Maximum Credit Exposure, Credit Card Receivables Securitized by Bank",SZISLCCD,0.0
20230630,"Maximum Credit Exposure, Credit Card Receivables Securitized by Bank",SZISLCCD,0.0
20230331,"Maximum Credit Exposure, Credit Card Receivables Securitized by Bank",SZISLCCD,0.0
20260630,"Past Due Loan Amounts 30-89 Days, Credit Card Receivables Securitized by Bank",SZ30CRCD,0.0
20260331,"Past Due Loan Amounts 30-89 Days, Credit Card Receivables Securitized by Bank",SZ30CRCD,0.0
20251231,"Past Due Loan Amounts 30-89 Days, Credit Card Receivables Securitized by Bank",SZ30CRCD,0.0
20250930,"Past Due Loan Amounts 30-89 Days, Credit Card Receivables Securitized by Bank",SZ30CRCD,0.0
20250630,"Past Due Loan Amounts 30-89 Days, Credit Card Receivables Securitized by Bank",SZ30CRCD,0.0
20250331,"Past Due Loan Amounts 30-89 Days, Credit Card Receivables Securitized by Bank",SZ30CRCD,0.0
20241231,"Past Due Loan Amounts 30-89 Days, Credit Card Receivables Securitized by Bank",SZ30CRCD,0.0
20240930,"Past Due Loan Amounts 30-89 Days, Credit Card Receivables Securitized by Bank",SZ30CRCD,0.0
20240630,"Past Due Loan Amounts 30-89 Days, Credit Card Receivables Securitized by Bank",SZ30CRCD,0.0
20240331,"Past Due Loan Amounts 30-89 Days, Credit Card Receivables Securitized by Bank",SZ30CRCD,0.0
20231231,"Past Due Loan Amounts 30-89 Days, Credit Card Receivables Securitized by Bank",SZ30CRCD,0.0
20230930,"Past Due Loan Amounts 30-89 Days, Credit Card Receivables Securitized by Bank",SZ30CRCD,0.0
20230630,"Past Due Loan Amounts 30-89 Days, Credit Card Receivables Securitized by Bank",SZ30CRCD,0.0
20230331,"Past Due Loan Amounts 30-89 Days, Credit Card Receivables Securitized by Bank",SZ30CRCD,0.0
20260630,"Past Due Loan Amounts 90 Days or More, Credit Cards Receivables Securitized by Bank",SZ90CRCD,0.0
20260331,"Past Due Loan Amounts 90 Days or More, Credit Cards Receivables Securitized by Bank",SZ90CRCD,0.0
20251231,"Past Due Loan Amounts 90 Days or More, Credit Cards Receivables Securitized by Bank",SZ90CRCD,0.0
20250930,"Past Due Loan Amounts 90 Days or More, Credit Cards Receivables Securitized by Bank",SZ90CRCD,0.0
20250630,"Past Due Loan Amounts 90 Days or More, Credit Cards Receivables Securitized by Bank",SZ90CRCD,0.0
20250331,"Past Due Loan Amounts 90 Days or More, Credit Cards Receivables Securitized by Bank",SZ90CRCD,0.0
20241231,"Past Due Loan Amounts 90 Days or More, Credit Cards Receivables Securitized by Bank",SZ90CRCD,0.0
20240930,"Past Due Loan Amounts 90 Days or More, Credit Cards Receivables Securitized by Bank",SZ90CRCD,0.0
20240630,"Past Due Loan Amounts 90 Days or More, Credit Cards Receivables Securitized by Bank",SZ90CRCD,0.0
20240331,"Past Due Loan Amounts 90 Days or More, Credit Cards Receivables Securitized by Bank",SZ90CRCD,0.0
20231231,"Past Due Loan Amounts 90 Days or More, Credit Cards Receivables Securitized by Bank",SZ90CRCD,0.0
20230930,"Past Due Loan Amounts 90 Days or More, Credit Cards Receivables Securitized by Bank",SZ90CRCD,0.0
20230630,"Past Due Loan Amounts 90 Days or More, Credit Cards Receivables Securitized by Bank",SZ90CRCD,0.0
20230331,"Past Due Loan Amounts 90 Days or More, Credit Cards Receivables Securitized by Bank",SZ90CRCD,0.0
20260630,"Charge-offs, Credit Cards Receivables Securitized by Bank",SZDRCRCD,0.0
20260331,"Charge-offs, Credit Cards Receivables Securitized by Bank",SZDRCRCD,0.0
20251231,"Charge-offs, Credit Cards Receivables Securitized by Bank",SZDRCRCD,0.0
20250930,"Charge-offs, Credit Cards Receivables Securitized by Bank",SZDRCRCD,0.0
20250630,"Charge-offs, Credit Cards Receivables Securitized by Bank",SZDRCRCD,0.0
20250331,"Charge-offs, Credit Cards Receivables Securitized by Bank",SZDRCRCD,0.0
20241231,"Charge-offs, Credit Cards Receivables Securitized by Bank",SZDRCRCD,0.0
20240930,"Charge-offs, Credit Cards Receivables Securitized by Bank",SZDRCRCD,0.0
20240630,"Charge-offs, Credit Cards Receivables Securitized by Bank",SZDRCRCD,0.0
20240331,"Charge-offs, Credit Cards Receivables Securitized by Bank",SZDRCRCD,0.0
20231231,"Charge-offs, Credit Cards Receivables Securitized by Bank",SZDRCRCD,0.0
20230930,"Charge-offs, Credit Cards Receivables Securitized by Bank",SZDRCRCD,0.0
20230630,"Charge-offs, Credit Cards Receivables Securitized by Bank",SZDRCRCD,0.0
20230331,"Charge-offs, Credit Cards Receivables Securitized by Bank",SZDRCRCD,0.0
20260630,"Recoveries, Credit Cards Receivables Securitized by Bank",SZCRCRCD,0.0
20260331,"Recoveries, Credit Cards Receivables Securitized by Bank",SZCRCRCD,0.0
20251231,"Recoveries, Credit Cards Receivables Securitized by Bank",SZCRCRCD,0.0
20250930,"Recoveries, Credit Cards Receivables Securitized by Bank",SZCRCRCD,0.0
20250630,"Recoveries, Credit Cards Receivables Securitized by Bank",SZCRCRCD,0.0
20250331,"Recoveries, Credit Cards Receivables Securitized by Bank",SZCRCRCD,0.0
20241231,"Recoveries, Credit Cards Receivables Securitized by Bank",SZCRCRCD,0.0
20240930,"Recoveries, Credit Cards Receivables Securitized by Bank",SZCRCRCD,0.0
20240630,"Recoveries, Credit Cards Receivables Securitized by Bank",SZCRCRCD,0.0
20240331,"Recoveries, Credit Cards Receivables Securitized by Bank",SZCRCRCD,0.0
20231231,"Recoveries, Credit Cards Receivables Securitized by Bank",SZCRCRCD,0.0
20230930,"Recoveries, Credit Cards Receivables Securitized by Bank",SZCRCRCD,0.0
20230630,"Recoveries, Credit Cards Receivables Securitized by Bank",SZCRCRCD,0.0
20230331,"Recoveries, Credit Cards Receivables Securitized by Bank",SZCRCRCD,0.0
20260630,Auto Loans Principal Balance Sold and Securitized by Bank,SZLAUTO,4839000.0
20260331,Auto Loans Principal Balance Sold and Securitized by Bank,SZLAUTO,4440000.0
20251231,Auto Loans Principal Balance Sold and Securitized by Bank,SZLAUTO,5026000.0
20250930,Auto Loans Principal Balance Sold and Securitized by Bank,SZLAUTO,4617000.0
20250630,Auto Loans Principal Balance Sold and Securitized by Bank,SZLAUTO,4169000.0
20250331,Auto Loans Principal Balance Sold and Securitized by Bank,SZLAUTO,4709000.0
20241231,Auto Loans Principal Balance Sold and Securitized by Bank,SZLAUTO,5247000.0
20240930,Auto Loans Principal Balance Sold and Securitized by Bank,SZLAUTO,5812000.0
20240630,Auto Loans Principal Balance Sold and Securitized by Bank,SZLAUTO,4288000.0
20240331,Auto Loans Principal Balance Sold and Securitized by Bank,SZLAUTO,1812000.0
20231231,Auto Loans Principal Balance Sold and Securitized by Bank,SZLAUTO,902000.0
20230930,Auto Loans Principal Balance Sold and Securitized by Bank,SZLAUTO,1000000.0
20230630,Auto Loans Principal Balance Sold and Securitized by Bank,SZLAUTO,362000.0
20230331,Auto Loans Principal Balance Sold and Securitized by Bank,SZLAUTO,402000.0
20260630,Maximum Credit Exposure Auto Loans Securitized by Bank,SZISLAUT,229000.0
20260331,Maximum Credit Exposure Auto Loans Securitized by Bank,SZISLAUT,209000.0
20251231,Maximum Credit Exposure Auto Loans Securitized by Bank,SZISLAUT,237000.0
20250930,Maximum Credit Exposure Auto Loans Securitized by Bank,SZISLAUT,217000.0
20250630,Maximum Credit Exposure Auto Loans Securitized by Bank,SZISLAUT,195000.0
20250331,Maximum Credit Exposure Auto Loans Securitized by Bank,SZISLAUT,220000.0
20241231,Maximum Credit Exposure Auto Loans Securitized by Bank,SZISLAUT,246000.0
20240930,Maximum Credit Exposure Auto Loans Securitized by Bank,SZISLAUT,270000.0
20240630,Maximum Credit Exposure Auto Loans Securitized by Bank,SZISLAUT,198000.0
20240331,Maximum Credit Exposure Auto Loans Securitized by Bank,SZISLAUT,77000.0
20231231,Maximum Credit Exposure Auto Loans Securitized by Bank,SZISLAUT,31000.0
20230930,Maximum Credit Exposure Auto Loans Securitized by Bank,SZISLAUT,45000.0
20230630,Maximum Credit Exposure Auto Loans Securitized by Bank,SZISLAUT,12000.0
20230331,Maximum Credit Exposure Auto Loans Securitized by Bank,SZISLAUT,12000.0
20260630,"Past Due Loan Amounts 30-89 Days, Auto Loans Securitized by Bank",SZ30AUTO,65000.0
20260331,"Past Due Loan Amounts 30-89 Days, Auto Loans Securitized by Bank",SZ30AUTO,69000.0
20251231,"Past Due Loan Amounts 30-89 Days, Auto Loans Securitized by Bank",SZ30AUTO,71000.0
20250930,"Past Due Loan Amounts 30-89 Days, Auto Loans Securitized by Bank",SZ30AUTO,69000.0
20250630,"Past Due Loan Amounts 30-89 Days, Auto Loans Securitized by Bank",SZ30AUTO,59000.0
20250331,"Past Due Loan Amounts 30-89 Days, Auto Loans Securitized by Bank",SZ30AUTO,59000.0
20241231,"Past Due Loan Amounts 30-89 Days, Auto Loans Securitized by Bank",SZ30AUTO,60000.0
20240930,"Past Due Loan Amounts 30-89 Days, Auto Loans Securitized by Bank",SZ30AUTO,43000.0
20240630,"Past Due Loan Amounts 30-89 Days, Auto Loans Securitized by Bank",SZ30AUTO,24000.0
20240331,"Past Due Loan Amounts 30-89 Days, Auto Loans Securitized by Bank",SZ30AUTO,10000.0
20231231,"Past Due Loan Amounts 30-89 Days, Auto Loans Securitized by Bank",SZ30AUTO,10000.0
20230930,"Past Due Loan Amounts 30-89 Days, Auto Loans Securitized by Bank",SZ30AUTO,6000.0
20230630,"Past Due Loan Amounts 30-89 Days, Auto Loans Securitized by Bank",SZ30AUTO,3000.0
20230331,"Past Due Loan Amounts 30-89 Days, Auto Loans Securitized by Bank",SZ30AUTO,3000.0
20260630,"Past Due Loan Amounts 90 Days or More, Auto Loans Securitized by Bank",SZ90AUTO,10000.0
20260331,"Past Due Loan Amounts 90 Days or More, Auto Loans Securitized by Bank",SZ90AUTO,13000.0
20251231,"Past Due Loan Amounts 90 Days or More, Auto Loans Securitized by Bank",SZ90AUTO,11000.0
20250930,"Past Due Loan Amounts 90 Days or More, Auto Loans Securitized by Bank",SZ90AUTO,10000.0
20250630,"Past Due Loan Amounts 90 Days or More, Auto Loans Securitized by Bank",SZ90AUTO,10000.0
20250331,"Past Due Loan Amounts 90 Days or More, Auto Loans Securitized by Bank",SZ90AUTO,14000.0
20241231,"Past Due Loan Amounts 90 Days or More, Auto Loans Securitized by Bank",SZ90AUTO,10000.0
20240930,"Past Due Loan Amounts 90 Days or More, Auto Loans Securitized by Bank",SZ90AUTO,5000.0
20240630,"Past Due Loan Amounts 90 Days or More, Auto Loans Securitized by Bank",SZ90AUTO,2000.0
20240331,"Past Due Loan Amounts 90 Days or More, Auto Loans Securitized by Bank",SZ90AUTO,1000.0
20231231,"Past Due Loan Amounts 90 Days or More, Auto Loans Securitized by Bank",SZ90AUTO,1000.0
20230930,"Past Due Loan Amounts 90 Days or More, Auto Loans Securitized by Bank",SZ90AUTO,0.0
20230630,"Past Due Loan Amounts 90 Days or More, Auto Loans Securitized by Bank",SZ90AUTO,0.0
20230331,"Past Due Loan Amounts 90 Days or More, Auto Loans Securitized by Bank",SZ90AUTO,1000.0
20260630,"Charge-offs, Auto Loans Securitized by Bank",SZDRAUTO,19000.0
20260331,"Charge-offs, Auto Loans Securitized by Bank",SZDRAUTO,10000.0
20251231,"Charge-offs, Auto Loans Securitized by Bank",SZDRAUTO,40000.0
20250930,"Charge-offs, Auto Loans Securitized by Bank",SZDRAUTO,31000.0
20250630,"Charge-offs, Auto Loans Securitized by Bank",SZDRAUTO,22000.0
20250331,"Charge-offs, Auto Loans Securitized by Bank",SZDRAUTO,12000.0
20241231,"Charge-offs, Auto Loans Securitized by Bank",SZDRAUTO,18000.0
20240930,"Charge-offs, Auto Loans Securitized by Bank",SZDRAUTO,9000.0
20240630,"Charge-offs, Auto Loans Securitized by Bank",SZDRAUTO,3000.0
20240331,"Charge-offs, Auto Loans Securitized by Bank",SZDRAUTO,2000.0
20231231,"Charge-offs, Auto Loans Securitized by Bank",SZDRAUTO,2000.0
20230930,"Charge-offs, Auto Loans Securitized by Bank",SZDRAUTO,1000.0
20230630,"Charge-offs, Auto Loans Securitized by Bank",SZDRAUTO,0.0
20230331,"Charge-offs, Auto Loans Securitized by Bank",SZDRAUTO,0.0
20260630,"Recoveries, Auto Loans Securitized by Bank",SZCRAUTO,0.0
20260331,"Recoveries, Auto Loans Securitized by Bank",SZCRAUTO,0.0
20251231,"Recoveries, Auto Loans Securitized by Bank",SZCRAUTO,0.0
20250930,"Recoveries, Auto Loans Securitized by Bank",SZCRAUTO,0.0
20250630,"Recoveries, Auto Loans Securitized by Bank",SZCRAUTO,0.0
20250331,"Recoveries, Auto Loans Securitized by Bank",SZCRAUTO,0.0
20241231,"Recoveries, Auto Loans Securitized by Bank",SZCRAUTO,0.0
20240930,"Recoveries, Auto Loans Securitized by Bank",SZCRAUTO,0.0
20240630,"Recoveries, Auto Loans Securitized by Bank",SZCRAUTO,0.0
20240331,"Recoveries, Auto Loans Securitized by Bank",SZCRAUTO,0.0
20231231,"Recoveries, Auto Loans Securitized by Bank",SZCRAUTO,0.0
20230930,"Recoveries, Auto Loans Securitized by Bank",SZCRAUTO,0.0
20230630,"Recoveries, Auto Loans Securitized by Bank",SZCRAUTO,0.0
20230331,"Recoveries, Auto Loans Securitized by Bank",SZCRAUTO,0.0
20260630,Other Consumer Loans Principal Balance Sold and Securitized by Bank,SZLNCON,0.0
20260331,Other Consumer Loans Principal Balance Sold and Securitized by Bank,SZLNCON,0.0
20251231,Other Consumer Loans Principal Balance Sold and Securitized by Bank,SZLNCON,0.0
20250930,Other Consumer Loans Principal Balance Sold and Securitized by Bank,SZLNCON,0.0
20250630,Other Consumer Loans Principal Balance Sold and Securitized by Bank,SZLNCON,0.0
20250331,Other Consumer Loans Principal Balance Sold and Securitized by Bank,SZLNCON,0.0
20241231,Other Consumer Loans Principal Balance Sold and Securitized by Bank,SZLNCON,291000.0
20240930,Other Consumer Loans Principal Balance Sold and Securitized by Bank,SZLNCON,300000.0
20240630,Other Consumer Loans Principal Balance Sold and Securitized by Bank,SZLNCON,320000.0
20240331,Other Consumer Loans Principal Balance Sold and Securitized by Bank,SZLNCON,336000.0
20231231,Other Consumer Loans Principal Balance Sold and Securitized by Bank,SZLNCON,350000.0
20230930,Other Consumer Loans Principal Balance Sold and Securitized by Bank,SZLNCON,283000.0
20230630,Other Consumer Loans Principal Balance Sold and Securitized by Bank,SZLNCON,372000.0
20230331,Other Consumer Loans Principal Balance Sold and Securitized by Bank,SZLNCON,385000.0
20260630,"Maximum Credit Exposure, Consumer Loan Securitized by Bank",SZISLCON,
20260331,"Maximum Credit Exposure, Consumer Loan Securitized by Bank",SZISLCON,
20251231,"Maximum Credit Exposure, Consumer Loan Securitized by Bank",SZISLCON,
20250930,"Maximum Credit Exposure, Consumer Loan Securitized by Bank",SZISLCON,
20250630,"Maximum Credit Exposure, Consumer Loan Securitized by Bank",SZISLCON,
20250331,"Maximum Credit Exposure, Consumer Loan Securitized by Bank",SZISLCON,
20241231,"Maximum Credit Exposure, Consumer Loan Securitized by Bank",SZISLCON,
20240930,"Maximum Credit Exposure, Consumer Loan Securitized by Bank",SZISLCON,
20240630,"Maximum Credit Exposure, Consumer Loan Securitized by Bank",SZISLCON,
20240331,"Maximum Credit Exposure, Consumer Loan Securitized by Bank",SZISLCON,
20231231,"Maximum Credit Exposure, Consumer Loan Securitized by Bank",SZISLCON,
20230930,"Maximum Credit Exposure, Consumer Loan Securitized by Bank",SZISLCON,
20230630,"Maximum Credit Exposure, Consumer Loan Securitized by Bank",SZISLCON,
20230331,"Maximum Credit Exposure, Consumer Loan Securitized by Bank",SZISLCON,
20260630,"Past Due Loan Amounts 30-89 Days, Other Consumer Loans Securitized by Bank",SZ30CON,0.0
20260331,"Past Due Loan Amounts 30-89 Days, Other Consumer Loans Securitized by Bank",SZ30CON,0.0
20251231,"Past Due Loan Amounts 30-89 Days, Other Consumer Loans Securitized by Bank",SZ30CON,0.0
20250930,"Past Due Loan Amounts 30-89 Days, Other Consumer Loans Securitized by Bank",SZ30CON,0.0
20250630,"Past Due Loan Amounts 30-89 Days, Other Consumer Loans Securitized by Bank",SZ30CON,0.0
20250331,"Past Due Loan Amounts 30-89 Days, Other Consumer Loans Securitized by Bank",SZ30CON,0.0
20241231,"Past Due Loan Amounts 30-89 Days, Other Consumer Loans Securitized by Bank",SZ30CON,14000.0
20240930,"Past Due Loan Amounts 30-89 Days, Other Consumer Loans Securitized by Bank",SZ30CON,13000.0
20240630,"Past Due Loan Amounts 30-89 Days, Other Consumer Loans Securitized by Bank",SZ30CON,14000.0
20240331,"Past Due Loan Amounts 30-89 Days, Other Consumer Loans Securitized by Bank",SZ30CON,15000.0
20231231,"Past Due Loan Amounts 30-89 Days, Other Consumer Loans Securitized by Bank",SZ30CON,18000.0
20230930,"Past Due Loan Amounts 30-89 Days, Other Consumer Loans Securitized by Bank",SZ30CON,14000.0
20230630,"Past Due Loan Amounts 30-89 Days, Other Consumer Loans Securitized by Bank",SZ30CON,18000.0
20230331,"Past Due Loan Amounts 30-89 Days, Other Consumer Loans Securitized by Bank",SZ30CON,17000.0
20260630,"Past Due Loan Amounts 90 Days or More, Other Consumer Loans Securitized by Bank",SZ90CON,0.0
20260331,"Past Due Loan Amounts 90 Days or More, Other Consumer Loans Securitized by Bank",SZ90CON,0.0
20251231,"Past Due Loan Amounts 90 Days or More, Other Consumer Loans Securitized by Bank",SZ90CON,0.0
20250930,"Past Due Loan Amounts 90 Days or More, Other Consumer Loans Securitized by Bank",SZ90CON,0.0
20250630,"Past Due Loan Amounts 90 Days or More, Other Consumer Loans Securitized by Bank",SZ90CON,0.0
20250331,"Past Due Loan Amounts 90 Days or More, Other Consumer Loans Securitized by Bank",SZ90CON,0.0
20241231,"Past Due Loan Amounts 90 Days or More, Other Consumer Loans Securitized by Bank",SZ90CON,14000.0
20240930,"Past Due Loan Amounts 90 Days or More, Other Consumer Loans Securitized by Bank",SZ90CON,11000.0
20240630,"Past Due Loan Amounts 90 Days or More, Other Consumer Loans Securitized by Bank",SZ90CON,11000.0
20240331,"Past Due Loan Amounts 90 Days or More, Other Consumer Loans Securitized by Bank",SZ90CON,13000.0
20231231,"Past Due Loan Amounts 90 Days or More, Other Consumer Loans Securitized by Bank",SZ90CON,15000.0
20230930,"Past Due Loan Amounts 90 Days or More, Other Consumer Loans Securitized by Bank",SZ90CON,11000.0
20230630,"Past Due Loan Amounts 90 Days or More, Other Consumer Loans Securitized by Bank",SZ90CON,13000.0
20230331,"Past Due Loan Amounts 90 Days or More, Other Consumer Loans Securitized by Bank",SZ90CON,17000.0
20260630,"Charge-offs, Other Consumer Loans Securitized by Bank",SZDRCON,0.0
20260331,"Charge-offs, Other Consumer Loans Securitized by Bank",SZDRCON,0.0
20251231,"Charge-offs, Other Consumer Loans Securitized by Bank",SZDRCON,0.0
20250930,"Charge-offs, Other Consumer Loans Securitized by Bank",SZDRCON,0.0
20250630,"Charge-offs, Other Consumer Loans Securitized by Bank",SZDRCON,0.0
20250331,"Charge-offs, Other Consumer Loans Securitized by Bank",SZDRCON,0.0
20241231,"Charge-offs, Other Consumer Loans Securitized by Bank",SZDRCON,0.0
20240930,"Charge-offs, Other Consumer Loans Securitized by Bank",SZDRCON,0.0
20240630,"Charge-offs, Other Consumer Loans Securitized by Bank",SZDRCON,0.0
20240331,"Charge-offs, Other Consumer Loans Securitized by Bank",SZDRCON,0.0
20231231,"Charge-offs, Other Consumer Loans Securitized by Bank",SZDRCON,0.0
20230930,"Charge-offs, Other Consumer Loans Securitized by Bank",SZDRCON,0.0
20230630,"Charge-offs, Other Consumer Loans Securitized by Bank",SZDRCON,0.0
20230331,"Charge-offs, Other Consumer Loans Securitized by Bank",SZDRCON,0.0
20260630,"Recoveries, Other Consumer Loans Securitized by Bank",SZCRCON,0.0
20260331,"Recoveries, Other Consumer Loans Securitized by Bank",SZCRCON,0.0
20251231,"Recoveries, Other Consumer Loans Securitized by Bank",SZCRCON,0.0
20250930,"Recoveries, Other Consumer Loans Securitized by Bank",SZCRCON,0.0
20250630,"Recoveries, Other Consumer Loans Securitized by Bank",SZCRCON,0.0
20250331,"Recoveries, Other Consumer Loans Securitized by Bank",SZCRCON,0.0
20241231,"Recoveries, Other Consumer Loans Securitized by Bank",SZCRCON,0.0
20240930,"Recoveries, Other Consumer Loans Securitized by Bank",SZCRCON,0.0
20240630,"Recoveries, Other Consumer Loans Securitized by Bank",SZCRCON,0.0
20240331,"Recoveries, Other Consumer Loans Securitized by Bank",SZCRCON,0.0
20231231,"Recoveries, Other Consumer Loans Securitized by Bank",SZCRCON,0.0
20230930,"Recoveries, Other Consumer Loans Securitized by Bank",SZCRCON,0.0
20230630,"Recoveries, Other Consumer Loans Securitized by Bank",SZCRCON,0.0
20230331,"Recoveries, Other Consumer Loans Securitized by Bank",SZCRCON,0.0
20260630,Commercial and Industrial (C&I) Loans Principal Balance Sold and Securitized by Bank,SZLNCI,89000.0
20260331,Commercial and Industrial (C&I) Loans Principal Balance Sold and Securitized by Bank,SZLNCI,102000.0
20251231,Commercial and Industrial (C&I) Loans Principal Balance Sold and Securitized by Bank,SZLNCI,131000.0
20250930,Commercial and Industrial (C&I) Loans Principal Balance Sold and Securitized by Bank,SZLNCI,139000.0
20250630,Commercial and Industrial (C&I) Loans Principal Balance Sold and Securitized by Bank,SZLNCI,162000.0
20250331,Commercial and Industrial (C&I) Loans Principal Balance Sold and Securitized by Bank,SZLNCI,240000.0
20241231,Commercial and Industrial (C&I) Loans Principal Balance Sold and Securitized by Bank,SZLNCI,276000.0
20240930,Commercial and Industrial (C&I) Loans Principal Balance Sold and Securitized by Bank,SZLNCI,358000.0
20240630,Commercial and Industrial (C&I) Loans Principal Balance Sold and Securitized by Bank,SZLNCI,663000.0
20240331,Commercial and Industrial (C&I) Loans Principal Balance Sold and Securitized by Bank,SZLNCI,537000.0
20231231,Commercial and Industrial (C&I) Loans Principal Balance Sold and Securitized by Bank,SZLNCI,663000.0
20230930,Commercial and Industrial (C&I) Loans Principal Balance Sold and Securitized by Bank,SZLNCI,867000.0
20230630,Commercial and Industrial (C&I) Loans Principal Balance Sold and Securitized by Bank,SZLNCI,833000.0
20230331,Commercial and Industrial (C&I) Loans Principal Balance Sold and Securitized by Bank,SZLNCI,796000.0
20260630,"Maximum Credit Exposure, C&I Loans Securitized by Bank",SZISLCI,7000.0
20260331,"Maximum Credit Exposure, C&I Loans Securitized by Bank",SZISLCI,8000.0
20251231,"Maximum Credit Exposure, C&I Loans Securitized by Bank",SZISLCI,8000.0
20250930,"Maximum Credit Exposure, C&I Loans Securitized by Bank",SZISLCI,10000.0
20250630,"Maximum Credit Exposure, C&I Loans Securitized by Bank",SZISLCI,12000.0
20250331,"Maximum Credit Exposure, C&I Loans Securitized by Bank",SZISLCI,33000.0
20241231,"Maximum Credit Exposure, C&I Loans Securitized by Bank",SZISLCI,48000.0
20240930,"Maximum Credit Exposure, C&I Loans Securitized by Bank",SZISLCI,50000.0
20240630,"Maximum Credit Exposure, C&I Loans Securitized by Bank",SZISLCI,51000.0
20240331,"Maximum Credit Exposure, C&I Loans Securitized by Bank",SZISLCI,53000.0
20231231,"Maximum Credit Exposure, C&I Loans Securitized by Bank",SZISLCI,54000.0
20230930,"Maximum Credit Exposure, C&I Loans Securitized by Bank",SZISLCI,54000.0
20230630,"Maximum Credit Exposure, C&I Loans Securitized by Bank",SZISLCI,0.0
20230331,"Maximum Credit Exposure, C&I Loans Securitized by Bank",SZISLCI,0.0
20260630,"Past Due Loan Amounts 30-89 Days, C&I Loans Securitized by Bank",SZ30CI,0.0
20260331,"Past Due Loan Amounts 30-89 Days, C&I Loans Securitized by Bank",SZ30CI,0.0
20251231,"Past Due Loan Amounts 30-89 Days, C&I Loans Securitized by Bank",SZ30CI,0.0
20250930,"Past Due Loan Amounts 30-89 Days, C&I Loans Securitized by Bank",SZ30CI,0.0
20250630,"Past Due Loan Amounts 30-89 Days, C&I Loans Securitized by Bank",SZ30CI,0.0
20250331,"Past Due Loan Amounts 30-89 Days, C&I Loans Securitized by Bank",SZ30CI,0.0
20241231,"Past Due Loan Amounts 30-89 Days, C&I Loans Securitized by Bank",SZ30CI,0.0
20240930,"Past Due Loan Amounts 30-89 Days, C&I Loans Securitized by Bank",SZ30CI,0.0
20240630,"Past Due Loan Amounts 30-89 Days, C&I Loans Securitized by Bank",SZ30CI,0.0
20240331,"Past Due Loan Amounts 30-89 Days, C&I Loans Securitized by Bank",SZ30CI,0.0
20231231,"Past Due Loan Amounts 30-89 Days, C&I Loans Securitized by Bank",SZ30CI,0.0
20230930,"Past Due Loan Amounts 30-89 Days, C&I Loans Securitized by Bank",SZ30CI,0.0
20230630,"Past Due Loan Amounts 30-89 Days, C&I Loans Securitized by Bank",SZ30CI,0.0
20230331,"Past Due Loan Amounts 30-89 Days, C&I Loans Securitized by Bank",SZ30CI,0.0
20260630,"Past Due Loan Amounts 90 Days or More, C&I Loans Securitized by Bank",SZ90CI,0.0
20260331,"Past Due Loan Amounts 90 Days or More, C&I Loans Securitized by Bank",SZ90CI,0.0
20251231,"Past Due Loan Amounts 90 Days or More, C&I Loans Securitized by Bank",SZ90CI,0.0
20250930,"Past Due Loan Amounts 90 Days or More, C&I Loans Securitized by Bank",SZ90CI,0.0
20250630,"Past Due Loan Amounts 90 Days or More, C&I Loans Securitized by Bank",SZ90CI,0.0
20250331,"Past Due Loan Amounts 90 Days or More, C&I Loans Securitized by Bank",SZ90CI,0.0
20241231,"Past Due Loan Amounts 90 Days or More, C&I Loans Securitized by Bank",SZ90CI,0.0
20240930,"Past Due Loan Amounts 90 Days or More, C&I Loans Securitized by Bank",SZ90CI,0.0
20240630,"Past Due Loan Amounts 90 Days or More, C&I Loans Securitized by Bank",SZ90CI,0.0
20240331,"Past Due Loan Amounts 90 Days or More, C&I Loans Securitized by Bank",SZ90CI,0.0
20231231,"Past Due Loan Amounts 90 Days or More, C&I Loans Securitized by Bank",SZ90CI,0.0
20230930,"Past Due Loan Amounts 90 Days or More, C&I Loans Securitized by Bank",SZ90CI,0.0
20230630,"Past Due Loan Amounts 90 Days or More, C&I Loans Securitized by Bank",SZ90CI,0.0
20230331,"Past Due Loan Amounts 90 Days or More, C&I Loans Securitized by Bank",SZ90CI,0.0
20260630,"Charge-offs, C&I Loans Securitized by Bank",SZDRCI,0.0
20260331,"Charge-offs, C&I Loans Securitized by Bank",SZDRCI,0.0
20251231,"Charge-offs, C&I Loans Securitized by Bank",SZDRCI,0.0
20250930,"Charge-offs, C&I Loans Securitized by Bank",SZDRCI,0.0
20250630,"Charge-offs, C&I Loans Securitized by Bank",SZDRCI,0.0
20250331,"Charge-offs, C&I Loans Securitized by Bank",SZDRCI,0.0
20241231,"Charge-offs, C&I Loans Securitized by Bank",SZDRCI,0.0
20240930,"Charge-offs, C&I Loans Securitized by Bank",SZDRCI,0.0
20240630,"Charge-offs, C&I Loans Securitized by Bank",SZDRCI,0.0
20240331,"Charge-offs, C&I Loans Securitized by Bank",SZDRCI,0.0
20231231,"Charge-offs, C&I Loans Securitized by Bank",SZDRCI,0.0
20230930,"Charge-offs, C&I Loans Securitized by Bank",SZDRCI,0.0
20230630,"Charge-offs, C&I Loans Securitized by Bank",SZDRCI,0.0
20230331,"Charge-offs, C&I Loans Securitized by Bank",SZDRCI,0.0
20260630,"Recoveries, C&I Loans Securitized by Bank",SZCRCI,0.0
20260331,"Recoveries, C&I Loans Securitized by Bank",SZCRCI,0.0
20251231,"Recoveries, C&I Loans Securitized by Bank",SZCRCI,0.0
20250930,"Recoveries, C&I Loans Securitized by Bank",SZCRCI,0.0
20250630,"Recoveries, C&I Loans Securitized by Bank",SZCRCI,0.0
20250331,"Recoveries, C&I Loans Securitized by Bank",SZCRCI,0.0
20241231,"Recoveries, C&I Loans Securitized by Bank",SZCRCI,0.0
20240930,"Recoveries, C&I Loans Securitized by Bank",SZCRCI,0.0
20240630,"Recoveries, C&I Loans Securitized by Bank",SZCRCI,0.0
20240331,"Recoveries, C&I Loans Securitized by Bank",SZCRCI,0.0
20231231,"Recoveries, C&I Loans Securitized by Bank",SZCRCI,0.0
20230930,"Recoveries, C&I Loans Securitized by Bank",SZCRCI,0.0
20230630,"Recoveries, C&I Loans Securitized by Bank",SZCRCI,0.0
20230331,"Recoveries, C&I Loans Securitized by Bank",SZCRCI,0.0
20260630,All Other Loans & Leases Principal Balance Sold and Securitized by Bank,SZLNOTH,18203000.0
20260331,All Other Loans & Leases Principal Balance Sold and Securitized by Bank,SZLNOTH,16855000.0
20251231,All Other Loans & Leases Principal Balance Sold and Securitized by Bank,SZLNOTH,16482000.0
20250930,All Other Loans & Leases Principal Balance Sold and Securitized by Bank,SZLNOTH,15358000.0
20250630,All Other Loans & Leases Principal Balance Sold and Securitized by Bank,SZLNOTH,15072000.0
20250331,All Other Loans & Leases Principal Balance Sold and Securitized by Bank,SZLNOTH,14463000.0
20241231,All Other Loans & Leases Principal Balance Sold and Securitized by Bank,SZLNOTH,14958000.0
20240930,All Other Loans & Leases Principal Balance Sold and Securitized by Bank,SZLNOTH,14730000.0
20240630,All Other Loans & Leases Principal Balance Sold and Securitized by Bank,SZLNOTH,14802000.0
20240331,All Other Loans & Leases Principal Balance Sold and Securitized by Bank,SZLNOTH,14934000.0
20231231,All Other Loans & Leases Principal Balance Sold and Securitized by Bank,SZLNOTH,14425000.0
20230930,All Other Loans & Leases Principal Balance Sold and Securitized by Bank,SZLNOTH,17108000.0
20230630,All Other Loans & Leases Principal Balance Sold and Securitized by Bank,SZLNOTH,15671000.0
20230331,All Other Loans & Leases Principal Balance Sold and Securitized by Bank,SZLNOTH,15112000.0
20260630,"Maximum Credit Exposure, All Other Loans & Leases Securitized by Bank",SZISLOTH,838000.0
20260331,"Maximum Credit Exposure, All Other Loans & Leases Securitized by Bank",SZISLOTH,777000.0
20251231,"Maximum Credit Exposure, All Other Loans & Leases Securitized by Bank",SZISLOTH,775000.0
20250930,"Maximum Credit Exposure, All Other Loans & Leases Securitized by Bank",SZISLOTH,702000.0
20250630,"Maximum Credit Exposure, All Other Loans & Leases Securitized by Bank",SZISLOTH,722000.0
20250331,"Maximum Credit Exposure, All Other Loans & Leases Securitized by Bank",SZISLOTH,696000.0
20241231,"Maximum Credit Exposure, All Other Loans & Leases Securitized by Bank",SZISLOTH,665000.0
20240930,"Maximum Credit Exposure, All Other Loans & Leases Securitized by Bank",SZISLOTH,761000.0
20240630,"Maximum Credit Exposure, All Other Loans & Leases Securitized by Bank",SZISLOTH,769000.0
20240331,"Maximum Credit Exposure, All Other Loans & Leases Securitized by Bank",SZISLOTH,805000.0
20231231,"Maximum Credit Exposure, All Other Loans & Leases Securitized by Bank",SZISLOTH,789000.0
20230930,"Maximum Credit Exposure, All Other Loans & Leases Securitized by Bank",SZISLOTH,1868000.0
20230630,"Maximum Credit Exposure, All Other Loans & Leases Securitized by Bank",SZISLOTH,1849000.0
20230331,"Maximum Credit Exposure, All Other Loans & Leases Securitized by Bank",SZISLOTH,1830000.0
20260630,"Past Due Loan Amounts 30-89 Days, All Other Loans and Leases Securitized by Bank",SZ30OTH,65000.0
20260331,"Past Due Loan Amounts 30-89 Days, All Other Loans and Leases Securitized by Bank",SZ30OTH,68000.0
20251231,"Past Due Loan Amounts 30-89 Days, All Other Loans and Leases Securitized by Bank",SZ30OTH,97000.0
20250930,"Past Due Loan Amounts 30-89 Days, All Other Loans and Leases Securitized by Bank",SZ30OTH,147000.0
20250630,"Past Due Loan Amounts 30-89 Days, All Other Loans and Leases Securitized by Bank",SZ30OTH,239000.0
20250331,"Past Due Loan Amounts 30-89 Days, All Other Loans and Leases Securitized by Bank",SZ30OTH,162000.0
20241231,"Past Due Loan Amounts 30-89 Days, All Other Loans and Leases Securitized by Bank",SZ30OTH,72000.0
20240930,"Past Due Loan Amounts 30-89 Days, All Other Loans and Leases Securitized by Bank",SZ30OTH,162000.0
20240630,"Past Due Loan Amounts 30-89 Days, All Other Loans and Leases Securitized by Bank",SZ30OTH,103000.0
20240331,"Past Due Loan Amounts 30-89 Days, All Other Loans and Leases Securitized by Bank",SZ30OTH,55000.0
20231231,"Past Due Loan Amounts 30-89 Days, All Other Loans and Leases Securitized by Bank",SZ30OTH,153000.0
20230930,"Past Due Loan Amounts 30-89 Days, All Other Loans and Leases Securitized by Bank",SZ30OTH,160000.0
20230630,"Past Due Loan Amounts 30-89 Days, All Other Loans and Leases Securitized by Bank",SZ30OTH,324000.0
20230331,"Past Due Loan Amounts 30-89 Days, All Other Loans and Leases Securitized by Bank",SZ30OTH,411000.0
20260630,"Past Due Loan Amounts 90 Days or More, All Other Loans and Leases Securitized by Bank",SZ90OTH,977000.0
20260331,"Past Due Loan Amounts 90 Days or More, All Other Loans and Leases Securitized by Bank",SZ90OTH,930000.0
20251231,"Past Due Loan Amounts 90 Days or More, All Other Loans and Leases Securitized by Bank",SZ90OTH,1110000.0
20250930,"Past Due Loan Amounts 90 Days or More, All Other Loans and Leases Securitized by Bank",SZ90OTH,724000.0
20250630,"Past Due Loan Amounts 90 Days or More, All Other Loans and Leases Securitized by Bank",SZ90OTH,675000.0
20250331,"Past Due Loan Amounts 90 Days or More, All Other Loans and Leases Securitized by Bank",SZ90OTH,659000.0
20241231,"Past Due Loan Amounts 90 Days or More, All Other Loans and Leases Securitized by Bank",SZ90OTH,662000.0
20240930,"Past Due Loan Amounts 90 Days or More, All Other Loans and Leases Securitized by Bank",SZ90OTH,564000.0
20240630,"Past Due Loan Amounts 90 Days or More, All Other Loans and Leases Securitized by Bank",SZ90OTH,546000.0
20240331,"Past Due Loan Amounts 90 Days or More, All Other Loans and Leases Securitized by Bank",SZ90OTH,656000.0
20231231,"Past Due Loan Amounts 90 Days or More, All Other Loans and Leases Securitized by Bank",SZ90OTH,738000.0
20230930,"Past Due Loan Amounts 90 Days or More, All Other Loans and Leases Securitized by Bank",SZ90OTH,712000.0
20230630,"Past Due Loan Amounts 90 Days or More, All Other Loans and Leases Securitized by Bank",SZ90OTH,613000.0
20230331,"Past Due Loan Amounts 90 Days or More, All Other Loans and Leases Securitized by Bank",SZ90OTH,222000.0
20260630,"Charge-offs, All Other Loans and Leases Securitized by Bank",SZDROTH,7000.0
20260331,"Charge-offs, All Other Loans and Leases Securitized by Bank",SZDROTH,3000.0
20251231,"Charge-offs, All Other Loans and Leases Securitized by Bank",SZDROTH,10000.0
20250930,"Charge-offs, All Other Loans and Leases Securitized by Bank",SZDROTH,7000.0
20250630,"Charge-offs, All Other Loans and Leases Securitized by Bank",SZDROTH,4000.0
20250331,"Charge-offs, All Other Loans and Leases Securitized by Bank",SZDROTH,0.0
20241231,"Charge-offs, All Other Loans and Leases Securitized by Bank",SZDROTH,0.0
20240930,"Charge-offs, All Other Loans and Leases Securitized by Bank",SZDROTH,0.0
20240630,"Charge-offs, All Other Loans and Leases Securitized by Bank",SZDROTH,0.0
20240331,"Charge-offs, All Other Loans and Leases Securitized by Bank",SZDROTH,0.0
20231231,"Charge-offs, All Other Loans and Leases Securitized by Bank",SZDROTH,0.0
20230930,"Charge-offs, All Other Loans and Leases Securitized by Bank",SZDROTH,13000.0
20230630,"Charge-offs, All Other Loans and Leases Securitized by Bank",SZDROTH,0.0
20230331,"Charge-offs, All Other Loans and Leases Securitized by Bank",SZDROTH,0.0
20260630,"Recoveries, All Other Loans and Leases Securitized by Bank",SZCROTH,0.0
20260331,"Recoveries, All Other Loans and Leases Securitized by Bank",SZCROTH,0.0
20251231,"Recoveries, All Other Loans and Leases Securitized by Bank",SZCROTH,0.0
20250930,"Recoveries, All Other Loans and Leases Securitized by Bank",SZCROTH,0.0
20250630,"Recoveries, All Other Loans and Leases Securitized by Bank",SZCROTH,0.0
20250331,"Recoveries, All Other Loans and Leases Securitized by Bank",SZCROTH,0.0
20241231,"Recoveries, All Other Loans and Leases Securitized by Bank",SZCROTH,0.0
20240930,"Recoveries, All Other Loans and Leases Securitized by Bank",SZCROTH,0.0
20240630,"Recoveries, All Other Loans and Leases Securitized by Bank",SZCROTH,0.0
20240331,"Recoveries, All Other Loans and Leases Securitized by Bank",SZCROTH,0.0
20231231,"Recoveries, All Other Loans and Leases Securitized by Bank",SZCROTH,0.0
20230930,"Recoveries, All Other Loans and Leases Securitized by Bank",SZCROTH,0.0
20230630,"Recoveries, All Other Loans and Leases Securitized by Bank",SZCROTH,0.0
20230331,"Recoveries, All Other Loans and Leases Securitized by Bank",SZCROTH,0.0
20260630,Maximum Credit Exposure for Securitization Sponsored by or Established by Other Institutions,N/A,
20260331,Maximum Credit Exposure for Securitization Sponsored by or Established by Other Institutions,N/A,
20251231,Maximum Credit Exposure for Securitization Sponsored by or Established by Other Institutions,N/A,
20250930,Maximum Credit Exposure for Securitization Sponsored by or Established by Other Institutions,N/A,
20250630,Maximum Credit Exposure for Securitization Sponsored by or Established by Other Institutions,N/A,
20250331,Maximum Credit Exposure for Securitization Sponsored by or Established by Other Institutions,N/A,
20241231,Maximum Credit Exposure for Securitization Sponsored by or Established by Other Institutions,N/A,
20240930,Maximum Credit Exposure for Securitization Sponsored by or Established by Other Institutions,N/A,
20240630,Maximum Credit Exposure for Securitization Sponsored by or Established by Other Institutions,N/A,
20240331,Maximum Credit Exposure for Securitization Sponsored by or Established by Other Institutions,N/A,
20231231,Maximum Credit Exposure for Securitization Sponsored by or Established by Other Institutions,N/A,
20230930,Maximum Credit Exposure for Securitization Sponsored by or Established by Other Institutions,N/A,
20230630,Maximum Credit Exposure for Securitization Sponsored by or Established by Other Institutions,N/A,
20230331,Maximum Credit Exposure for Securitization Sponsored by or Established by Other Institutions,N/A,
20260630,"Maximum Credit Exposure, 1-4 Family Residential Loans Securitized by Others",ENCERES,77000.0
20260331,"Maximum Credit Exposure, 1-4 Family Residential Loans Securitized by Others",ENCERES,78000.0
20251231,"Maximum Credit Exposure, 1-4 Family Residential Loans Securitized by Others",ENCERES,76000.0
20250930,"Maximum Credit Exposure, 1-4 Family Residential Loans Securitized by Others",ENCERES,77000.0
20250630,"Maximum Credit Exposure, 1-4 Family Residential Loans Securitized by Others",ENCERES,88000.0
20250331,"Maximum Credit Exposure, 1-4 Family Residential Loans Securitized by Others",ENCERES,87000.0
20241231,"Maximum Credit Exposure, 1-4 Family Residential Loans Securitized by Others",ENCERES,94000.0
20240930,"Maximum Credit Exposure, 1-4 Family Residential Loans Securitized by Others",ENCERES,99000.0
20240630,"Maximum Credit Exposure, 1-4 Family Residential Loans Securitized by Others",ENCERES,98000.0
20240331,"Maximum Credit Exposure, 1-4 Family Residential Loans Securitized by Others",ENCERES,115000.0
20231231,"Maximum Credit Exposure, 1-4 Family Residential Loans Securitized by Others",ENCERES,115000.0
20230930,"Maximum Credit Exposure, 1-4 Family Residential Loans Securitized by Others",ENCERES,3794000.0
20230630,"Maximum Credit Exposure, 1-4 Family Residential Loans Securitized by Others",ENCERES,3967000.0
20230331,"Maximum Credit Exposure, 1-4 Family Residential Loans Securitized by Others",ENCERES,4288000.0
20260630,"Maximum Credit Exposure, Auto Loans Securitized by Others",ENCEAUTO,13000.0
20260331,"Maximum Credit Exposure, Auto Loans Securitized by Others",ENCEAUTO,13000.0
20251231,"Maximum Credit Exposure, Auto Loans Securitized by Others",ENCEAUTO,17000.0
20250930,"Maximum Credit Exposure, Auto Loans Securitized by Others",ENCEAUTO,24000.0
20250630,"Maximum Credit Exposure, Auto Loans Securitized by Others",ENCEAUTO,31000.0
20250331,"Maximum Credit Exposure, Auto Loans Securitized by Others",ENCEAUTO,45000.0
20241231,"Maximum Credit Exposure, Auto Loans Securitized by Others",ENCEAUTO,37000.0
20240930,"Maximum Credit Exposure, Auto Loans Securitized by Others",ENCEAUTO,4000.0
20240630,"Maximum Credit Exposure, Auto Loans Securitized by Others",ENCEAUTO,24000.0
20240331,"Maximum Credit Exposure, Auto Loans Securitized by Others",ENCEAUTO,25000.0
20231231,"Maximum Credit Exposure, Auto Loans Securitized by Others",ENCEAUTO,18000.0
20230930,"Maximum Credit Exposure, Auto Loans Securitized by Others",ENCEAUTO,260000.0
20230630,"Maximum Credit Exposure, Auto Loans Securitized by Others",ENCEAUTO,305000.0
20230331,"Maximum Credit Exposure, Auto Loans Securitized by Others",ENCEAUTO,338000.0
20260630,"Maximum Credit Exposure, Other Consumer Loans Securitized by Others",ENCECON,85000.0
20260331,"Maximum Credit Exposure, Other Consumer Loans Securitized by Others",ENCECON,90000.0
20251231,"Maximum Credit Exposure, Other Consumer Loans Securitized by Others",ENCECON,151000.0
20250930,"Maximum Credit Exposure, Other Consumer Loans Securitized by Others",ENCECON,164000.0
20250630,"Maximum Credit Exposure, Other Consumer Loans Securitized by Others",ENCECON,115000.0
20250331,"Maximum Credit Exposure, Other Consumer Loans Securitized by Others",ENCECON,112000.0
20241231,"Maximum Credit Exposure, Other Consumer Loans Securitized by Others",ENCECON,106000.0
20240930,"Maximum Credit Exposure, Other Consumer Loans Securitized by Others",ENCECON,112000.0
20240630,"Maximum Credit Exposure, Other Consumer Loans Securitized by Others",ENCECON,111000.0
20240331,"Maximum Credit Exposure, Other Consumer Loans Securitized by Others",ENCECON,97000.0
20231231,"Maximum Credit Exposure, Other Consumer Loans Securitized by Others",ENCECON,112000.0
20230930,"Maximum Credit Exposure, Other Consumer Loans Securitized by Others",ENCECON,172000.0
20230630,"Maximum Credit Exposure, Other Consumer Loans Securitized by Others",ENCECON,178000.0
20230331,"Maximum Credit Exposure, Other Consumer Loans Securitized by Others",ENCECON,186000.0
20260630,"Maximum Credit Exposure, C&I Loans Securitized by Others",ENCECI,36000.0
20260331,"Maximum Credit Exposure, C&I Loans Securitized by Others",ENCECI,18000.0
20251231,"Maximum Credit Exposure, C&I Loans Securitized by Others",ENCECI,26000.0
20250930,"Maximum Credit Exposure, C&I Loans Securitized by Others",ENCECI,101000.0
20250630,"Maximum Credit Exposure, C&I Loans Securitized by Others",ENCECI,77000.0
20250331,"Maximum Credit Exposure, C&I Loans Securitized by Others",ENCECI,111000.0
20241231,"Maximum Credit Exposure, C&I Loans Securitized by Others",ENCECI,110000.0
20240930,"Maximum Credit Exposure, C&I Loans Securitized by Others",ENCECI,91000.0
20240630,"Maximum Credit Exposure, C&I Loans Securitized by Others",ENCECI,105000.0
20240331,"Maximum Credit Exposure, C&I Loans Securitized by Others",ENCECI,46000.0
20231231,"Maximum Credit Exposure, C&I Loans Securitized by Others",ENCECI,142000.0
20230930,"Maximum Credit Exposure, C&I Loans Securitized by Others",ENCECI,198000.0
20230630,"Maximum Credit Exposure, C&I Loans Securitized by Others",ENCECI,196000.0
20230331,"Maximum Credit Exposure, C&I Loans Securitized by Others",ENCECI,242000.0
20260630,"Maximum Credit Exposure, All Other Loans & Leases Securitized by Others",ENCEOTH,7970000.0
20260331,"Maximum Credit Exposure, All Other Loans & Leases Securitized by Others",ENCEOTH,7757000.0
20251231,"Maximum Credit Exposure, All Other Loans & Leases Securitized by Others",ENCEOTH,8008000.0
20250930,"Maximum Credit Exposure, All Other Loans & Leases Securitized by Others",ENCEOTH,7287000.0
20250630,"Maximum Credit Exposure, All Other Loans & Leases Securitized by Others",ENCEOTH,6995000.0
20250331,"Maximum Credit Exposure, All Other Loans & Leases Securitized by Others",ENCEOTH,6389000.0
20241231,"Maximum Credit Exposure, All Other Loans & Leases Securitized by Others",ENCEOTH,5979000.0
20240930,"Maximum Credit Exposure, All Other Loans & Leases Securitized by Others",ENCEOTH,5597000.0
20240630,"Maximum Credit Exposure, All Other Loans & Leases Securitized by Others",ENCEOTH,5454000.0
20240331,"Maximum Credit Exposure, All Other Loans & Leases Securitized by Others",ENCEOTH,5344000.0
20231231,"Maximum Credit Exposure, All Other Loans & Leases Securitized by Others",ENCEOTH,5286000.0
20230930,"Maximum Credit Exposure, All Other Loans & Leases Securitized by Others",ENCEOTH,8230000.0
20230630,"Maximum Credit Exposure, All Other Loans & Leases Securitized by Others",ENCEOTH,8704000.0
20230331,"Maximum Credit Exposure, All Other Loans & Leases Securitized by Others",ENCEOTH,8528000.0
20260630,Assets Sold with Recourse 1-4 Family Residential Loans,ASDRRES,146000.0
20260331,Assets Sold with Recourse 1-4 Family Residential Loans,ASDRRES,148000.0
20251231,Assets Sold with Recourse 1-4 Family Residential Loans,ASDRRES,148000.0
20250930,Assets Sold with Recourse 1-4 Family Residential Loans,ASDRRES,148000.0
20250630,Assets Sold with Recourse 1-4 Family Residential Loans,ASDRRES,150000.0
20250331,Assets Sold with Recourse 1-4 Family Residential Loans,ASDRRES,154000.0
20241231,Assets Sold with Recourse 1-4 Family Residential Loans,ASDRRES,137000.0
20240930,Assets Sold with Recourse 1-4 Family Residential Loans,ASDRRES,139000.0
20240630,Assets Sold with Recourse 1-4 Family Residential Loans,ASDRRES,140000.0
20240331,Assets Sold with Recourse 1-4 Family Residential Loans,ASDRRES,142000.0
20231231,Assets Sold with Recourse 1-4 Family Residential Loans,ASDRRES,144000.0
20230930,Assets Sold with Recourse 1-4 Family Residential Loans,ASDRRES,127000.0
20230630,Assets Sold with Recourse 1-4 Family Residential Loans,ASDRRES,128000.0
20230331,Assets Sold with Recourse 1-4 Family Residential Loans,ASDRRES,129000.0
20260630,"Maximum Amount of Credit Exposure, Bank Asset Sales 1-4 Family Residential Loans",ASCERES,146000.0
20260331,"Maximum Amount of Credit Exposure, Bank Asset Sales 1-4 Family Residential Loans",ASCERES,148000.0
20251231,"Maximum Amount of Credit Exposure, Bank Asset Sales 1-4 Family Residential Loans",ASCERES,148000.0
20250930,"Maximum Amount of Credit Exposure, Bank Asset Sales 1-4 Family Residential Loans",ASCERES,148000.0
20250630,"Maximum Amount of Credit Exposure, Bank Asset Sales 1-4 Family Residential Loans",ASCERES,150000.0
20250331,"Maximum Amount of Credit Exposure, Bank Asset Sales 1-4 Family Residential Loans",ASCERES,154000.0
20241231,"Maximum Amount of Credit Exposure, Bank Asset Sales 1-4 Family Residential Loans",ASCERES,137000.0
20240930,"Maximum Amount of Credit Exposure, Bank Asset Sales 1-4 Family Residential Loans",ASCERES,139000.0
20240630,"Maximum Amount of Credit Exposure, Bank Asset Sales 1-4 Family Residential Loans",ASCERES,139000.0
20240331,"Maximum Amount of Credit Exposure, Bank Asset Sales 1-4 Family Residential Loans",ASCERES,141000.0
20231231,"Maximum Amount of Credit Exposure, Bank Asset Sales 1-4 Family Residential Loans",ASCERES,143000.0
20230930,"Maximum Amount of Credit Exposure, Bank Asset Sales 1-4 Family Residential Loans",ASCERES,126000.0
20230630,"Maximum Amount of Credit Exposure, Bank Asset Sales 1-4 Family Residential Loans",ASCERES,127000.0
20230331,"Maximum Amount of Credit Exposure, Bank Asset Sales 1-4 Family Residential Loans",ASCERES,128000.0
20260630,Assets Sold with Recourse All Other Loans and All Leases,ASDROTH,1970000.0
20260331,Assets Sold with Recourse All Other Loans and All Leases,ASDROTH,1776000.0
20251231,Assets Sold with Recourse All Other Loans and All Leases,ASDROTH,1739000.0
20250930,Assets Sold with Recourse All Other Loans and All Leases,ASDROTH,1619000.0
20250630,Assets Sold with Recourse All Other Loans and All Leases,ASDROTH,1411000.0
20250331,Assets Sold with Recourse All Other Loans and All Leases,ASDROTH,1075000.0
20241231,Assets Sold with Recourse All Other Loans and All Leases,ASDROTH,907000.0
20240930,Assets Sold with Recourse All Other Loans and All Leases,ASDROTH,673000.0
20240630,Assets Sold with Recourse All Other Loans and All Leases,ASDROTH,530000.0
20240331,Assets Sold with Recourse All Other Loans and All Leases,ASDROTH,532000.0
20231231,Assets Sold with Recourse All Other Loans and All Leases,ASDROTH,493000.0
20230930,Assets Sold with Recourse All Other Loans and All Leases,ASDROTH,505000.0
20230630,Assets Sold with Recourse All Other Loans and All Leases,ASDROTH,463000.0
20230331,Assets Sold with Recourse All Other Loans and All Leases,ASDROTH,504000.0
20260630,"Maximum Amount of Credit Exposure, Bank Asset Sales All Other Loans & All Leases",ASCEOTH,638000.0
20260331,"Maximum Amount of Credit Exposure, Bank Asset Sales All Other Loans & All Leases",ASCEOTH,570000.0
20251231,"Maximum Amount of Credit Exposure, Bank Asset Sales All Other Loans & All Leases",ASCEOTH,555000.0
20250930,"Maximum Amount of Credit Exposure, Bank Asset Sales All Other Loans & All Leases",ASCEOTH,514000.0
20250630,"Maximum Amount of Credit Exposure, Bank Asset Sales All Other Loans & All Leases",ASCEOTH,446000.0
20250331,"Maximum Amount of Credit Exposure, Bank Asset Sales All Other Loans & All Leases",ASCEOTH,338000.0
20241231,"Maximum Amount of Credit Exposure, Bank Asset Sales All Other Loans & All Leases",ASCEOTH,284000.0
20240930,"Maximum Amount of Credit Exposure, Bank Asset Sales All Other Loans & All Leases",ASCEOTH,197000.0
20240630,"Maximum Amount of Credit Exposure, Bank Asset Sales All Other Loans & All Leases",ASCEOTH,152000.0
20240331,"Maximum Amount of Credit Exposure, Bank Asset Sales All Other Loans & All Leases",ASCEOTH,149000.0
20231231,"Maximum Amount of Credit Exposure, Bank Asset Sales All Other Loans & All Leases",ASCEOTH,141000.0
20230930,"Maximum Amount of Credit Exposure, Bank Asset Sales All Other Loans & All Leases",ASCEOTH,151000.0
20230630,"Maximum Amount of Credit Exposure, Bank Asset Sales All Other Loans & All Leases",ASCEOTH,132000.0
20230331,"Maximum Amount of Credit Exposure, Bank Asset Sales All Other Loans & All Leases",ASCEOTH,140000.0
20260630,Memo: Bank Assets Sold and Securitized,N/A,
20260331,Memo: Bank Assets Sold and Securitized,N/A,
20251231,Memo: Bank Assets Sold and Securitized,N/A,
20250930,Memo: Bank Assets Sold and Securitized,N/A,
20250630,Memo: Bank Assets Sold and Securitized,N/A,
20250331,Memo: Bank Assets Sold and Securitized,N/A,
20241231,Memo: Bank Assets Sold and Securitized,N/A,
20240930,Memo: Bank Assets Sold and Securitized,N/A,
20240630,Memo: Bank Assets Sold and Securitized,N/A,
20240331,Memo: Bank Assets Sold and Securitized,N/A,
20231231,Memo: Bank Assets Sold and Securitized,N/A,
20230930,Memo: Bank Assets Sold and Securitized,N/A,
20230630,Memo: Bank Assets Sold and Securitized,N/A,
20230331,Memo: Bank Assets Sold and Securitized,N/A,
20260630,"Closed end 1-4 Family Residential Loans with resource, Balance Serviced for Others",MSRECE,14812000.0
20260331,"Closed end 1-4 Family Residential Loans with resource, Balance Serviced for Others",MSRECE,13755000.0
20251231,"Closed end 1-4 Family Residential Loans with resource, Balance Serviced for Others",MSRECE,12669000.0
20250930,"Closed end 1-4 Family Residential Loans with resource, Balance Serviced for Others",MSRECE,11258000.0
20250630,"Closed end 1-4 Family Residential Loans with resource, Balance Serviced for Others",MSRECE,9565000.0
20250331,"Closed end 1-4 Family Residential Loans with resource, Balance Serviced for Others",MSRECE,8354000.0
20241231,"Closed end 1-4 Family Residential Loans with resource, Balance Serviced for Others",MSRECE,7171000.0
20240930,"Closed end 1-4 Family Residential Loans with resource, Balance Serviced for Others",MSRECE,6250000.0
20240630,"Closed end 1-4 Family Residential Loans with resource, Balance Serviced for Others",MSRECE,5937000.0
20240331,"Closed end 1-4 Family Residential Loans with resource, Balance Serviced for Others",MSRECE,4978000.0
20231231,"Closed end 1-4 Family Residential Loans with resource, Balance Serviced for Others",MSRECE,4486000.0
20230930,"Closed end 1-4 Family Residential Loans with resource, Balance Serviced for Others",MSRECE,4663000.0
20230630,"Closed end 1-4 Family Residential Loans with resource, Balance Serviced for Others",MSRECE,5082000.0
20230331,"Closed end 1-4 Family Residential Loans with resource, Balance Serviced for Others",MSRECE,3489000.0
20260630,"Closed end 1-4 Family Residential loans with no resource, Balance Serviced for Others",MSRNRECE,637912000.0
20260331,"Closed end 1-4 Family Residential loans with no resource, Balance Serviced for Others",MSRNRECE,642553000.0
20251231,"Closed end 1-4 Family Residential loans with no resource, Balance Serviced for Others",MSRNRECE,649182000.0
20250930,"Closed end 1-4 Family Residential loans with no resource, Balance Serviced for Others",MSRNRECE,652261000.0
20250630,"Closed end 1-4 Family Residential loans with no resource, Balance Serviced for Others",MSRNRECE,643683000.0
20250331,"Closed end 1-4 Family Residential loans with no resource, Balance Serviced for Others",MSRNRECE,653198000.0
20241231,"Closed end 1-4 Family Residential loans with no resource, Balance Serviced for Others",MSRNRECE,640731000.0
20240930,"Closed end 1-4 Family Residential loans with no resource, Balance Serviced for Others",MSRNRECE,649863000.0
20240630,"Closed end 1-4 Family Residential loans with no resource, Balance Serviced for Others",MSRNRECE,636826000.0
20240331,"Closed end 1-4 Family Residential loans with no resource, Balance Serviced for Others",MSRNRECE,621252000.0
20231231,"Closed end 1-4 Family Residential loans with no resource, Balance Serviced for Others",MSRNRECE,626763000.0
20230930,"Closed end 1-4 Family Residential loans with no resource, Balance Serviced for Others",MSRNRECE,633152000.0
20230630,"Closed end 1-4 Family Residential loans with no resource, Balance Serviced for Others",MSRNRECE,602716000.0
20230331,"Closed end 1-4 Family Residential loans with no resource, Balance Serviced for Others",MSRNRECE,572447000.0
20260630,"Other Financial Assets, Balance Serviced for Others",LNSERV,879490000.0
20260331,"Other Financial Assets, Balance Serviced for Others",LNSERV,850144000.0
20251231,"Other Financial Assets, Balance Serviced for Others",LNSERV,811699000.0
20250930,"Other Financial Assets, Balance Serviced for Others",LNSERV,775198000.0
20250630,"Other Financial Assets, Balance Serviced for Others",LNSERV,766106000.0
20250331,"Other Financial Assets, Balance Serviced for Others",LNSERV,729718000.0
20241231,"Other Financial Assets, Balance Serviced for Others",LNSERV,697955000.0
20240930,"Other Financial Assets, Balance Serviced for Others",LNSERV,695891000.0
20240630,"Other Financial Assets, Balance Serviced for Others",LNSERV,684656000.0
20240331,"Other Financial Assets, Balance Serviced for Others",LNSERV,689678000.0
20231231,"Other Financial Assets, Balance Serviced for Others",LNSERV,683241000.0
20230930,"Other Financial Assets, Balance Serviced for Others",LNSERV,677951000.0
20230630,"Other Financial Assets, Balance Serviced for Others",LNSERV,685461000.0
20230331,"Other Financial Assets, Balance Serviced for Others",LNSERV,681345000.0
20260630,Serviced 1-4 Family Loans in Foreclosure,MSRESFCL,623000.0
20260331,Serviced 1-4 Family Loans in Foreclosure,MSRESFCL,622000.0
20251231,Serviced 1-4 Family Loans in Foreclosure,MSRESFCL,617000.0
20250930,Serviced 1-4 Family Loans in Foreclosure,MSRESFCL,561000.0
20250630,Serviced 1-4 Family Loans in Foreclosure,MSRESFCL,514000.0
20250331,Serviced 1-4 Family Loans in Foreclosure,MSRESFCL,506000.0
20241231,Serviced 1-4 Family Loans in Foreclosure,MSRESFCL,510000.0
20240930,Serviced 1-4 Family Loans in Foreclosure,MSRESFCL,524000.0
20240630,Serviced 1-4 Family Loans in Foreclosure,MSRESFCL,559000.0
20240331,Serviced 1-4 Family Loans in Foreclosure,MSRESFCL,589000.0
20231231,Serviced 1-4 Family Loans in Foreclosure,MSRESFCL,642000.0
20230930,Serviced 1-4 Family Loans in Foreclosure,MSRESFCL,660000.0
20230630,Serviced 1-4 Family Loans in Foreclosure,MSRESFCL,695000.0
20230331,Serviced 1-4 Family Loans in Foreclosure,MSRESFCL,752000.0
20260630,Maximum Credit Exposure Asset-Backed Commercial Paper Conduits Sponsored by Bank,ABCXBK,3000000.0
20260331,Maximum Credit Exposure Asset-Backed Commercial Paper Conduits Sponsored by Bank,ABCXBK,3000000.0
20251231,Maximum Credit Exposure Asset-Backed Commercial Paper Conduits Sponsored by Bank,ABCXBK,3000000.0
20250930,Maximum Credit Exposure Asset-Backed Commercial Paper Conduits Sponsored by Bank,ABCXBK,3000000.0
20250630,Maximum Credit Exposure Asset-Backed Commercial Paper Conduits Sponsored by Bank,ABCXBK,4000000.0
20250331,Maximum Credit Exposure Asset-Backed Commercial Paper Conduits Sponsored by Bank,ABCXBK,4000000.0
20241231,Maximum Credit Exposure Asset-Backed Commercial Paper Conduits Sponsored by Bank,ABCXBK,4000000.0
20240930,Maximum Credit Exposure Asset-Backed Commercial Paper Conduits Sponsored by Bank,ABCXBK,4000000.0
20240630,Maximum Credit Exposure Asset-Backed Commercial Paper Conduits Sponsored by Bank,ABCXBK,3000000.0
20240331,Maximum Credit Exposure Asset-Backed Commercial Paper Conduits Sponsored by Bank,ABCXBK,3000000.0
20231231,Maximum Credit Exposure Asset-Backed Commercial Paper Conduits Sponsored by Bank,ABCXBK,3000000.0
20230930,Maximum Credit Exposure Asset-Backed Commercial Paper Conduits Sponsored by Bank,ABCXBK,3000000.0
20230630,Maximum Credit Exposure Asset-Backed Commercial Paper Conduits Sponsored by Bank,ABCXBK,3000000.0
20230331,Maximum Credit Exposure Asset-Backed Commercial Paper Conduits Sponsored by Bank,ABCXBK,2200000.0
20260630,Maximum Credit Exposure Asset-Backed Commercial Paper Conduits Sponsored by Unrelated Institutions,ABCXOTH,0.0
20260331,Maximum Credit Exposure Asset-Backed Commercial Paper Conduits Sponsored by Unrelated Institutions,ABCXOTH,0.0
20251231,Maximum Credit Exposure Asset-Backed Commercial Paper Conduits Sponsored by Unrelated Institutions,ABCXOTH,0.0
20250930,Maximum Credit Exposure Asset-Backed Commercial Paper Conduits Sponsored by Unrelated Institutions,ABCXOTH,0.0
20250630,Maximum Credit Exposure Asset-Backed Commercial Paper Conduits Sponsored by Unrelated Institutions,ABCXOTH,0.0
20250331,Maximum Credit Exposure Asset-Backed Commercial Paper Conduits Sponsored by Unrelated Institutions,ABCXOTH,0.0
20241231,Maximum Credit Exposure Asset-Backed Commercial Paper Conduits Sponsored by Unrelated Institutions,ABCXOTH,0.0
20240930,Maximum Credit Exposure Asset-Backed Commercial Paper Conduits Sponsored by Unrelated Institutions,ABCXOTH,0.0
20240630,Maximum Credit Exposure Asset-Backed Commercial Paper Conduits Sponsored by Unrelated Institutions,ABCXOTH,0.0
20240331,Maximum Credit Exposure Asset-Backed Commercial Paper Conduits Sponsored by Unrelated Institutions,ABCXOTH,0.0
20231231,Maximum Credit Exposure Asset-Backed Commercial Paper Conduits Sponsored by Unrelated Institutions,ABCXOTH,0.0
20230930,Maximum Credit Exposure Asset-Backed Commercial Paper Conduits Sponsored by Unrelated Institutions,ABCXOTH,0.0
20230630,Maximum Credit Exposure Asset-Backed Commercial Paper Conduits Sponsored by Unrelated Institutions,ABCXOTH,0.0
20230331,Maximum Credit Exposure Asset-Backed Commercial Paper Conduits Sponsored by Unrelated Institutions,ABCXOTH,0.0
20260630,Unused Commitments to Provide Liquidity to Conduit Structures by the bank,ABCUBK,33482000.0
20260331,Unused Commitments to Provide Liquidity to Conduit Structures by the bank,ABCUBK,34206000.0
20251231,Unused Commitments to Provide Liquidity to Conduit Structures by the bank,ABCUBK,35221000.0
20250930,Unused Commitments to Provide Liquidity to Conduit Structures by the bank,ABCUBK,36128000.0
20250630,Unused Commitments to Provide Liquidity to Conduit Structures by the bank,ABCUBK,36800000.0
20250331,Unused Commitments to Provide Liquidity to Conduit Structures by the bank,ABCUBK,35278000.0
20241231,Unused Commitments to Provide Liquidity to Conduit Structures by the bank,ABCUBK,34000000.0
20240930,Unused Commitments to Provide Liquidity to Conduit Structures by the bank,ABCUBK,36165000.0
20240630,Unused Commitments to Provide Liquidity to Conduit Structures by the bank,ABCUBK,37386000.0
20240331,Unused Commitments to Provide Liquidity to Conduit Structures by the bank,ABCUBK,40483000.0
20231231,Unused Commitments to Provide Liquidity to Conduit Structures by the bank,ABCUBK,41685000.0
20230930,Unused Commitments to Provide Liquidity to Conduit Structures by the bank,ABCUBK,41934000.0
20230630,Unused Commitments to Provide Liquidity to Conduit Structures by the bank,ABCUBK,43427000.0
20230331,Unused Commitments to Provide Liquidity to Conduit Structures by the bank,ABCUBK,35321000.0
20260630,"Unused Commitments to Provide Liquidity, Unrelated Institutions",ABCUOTH,0.0
20260331,"Unused Commitments to Provide Liquidity, Unrelated Institutions",ABCUOTH,0.0
20251231,"Unused Commitments to Provide Liquidity, Unrelated Institutions",ABCUOTH,0.0
20250930,"Unused Commitments to Provide Liquidity, Unrelated Institutions",ABCUOTH,0.0
20250630,"Unused Commitments to Provide Liquidity, Unrelated Institutions",ABCUOTH,0.0
20250331,"Unused Commitments to Provide Liquidity, Unrelated Institutions",ABCUOTH,0.0
20241231,"Unused Commitments to Provide Liquidity, Unrelated Institutions",ABCUOTH,0.0
20240930,"Unused Commitments to Provide Liquidity, Unrelated Institutions",ABCUOTH,0.0
20240630,"Unused Commitments to Provide Liquidity, Unrelated Institutions",ABCUOTH,0.0
20240331,"Unused Commitments to Provide Liquidity, Unrelated Institutions",ABCUOTH,0.0
20231231,"Unused Commitments to Provide Liquidity, Unrelated Institutions",ABCUOTH,0.0
20230930,"Unused Commitments to Provide Liquidity, Unrelated Institutions",ABCUOTH,0.0
20230630,"Unused Commitments to Provide Liquidity, Unrelated Institutions",ABCUOTH,0.0
20230331,"Unused Commitments to Provide Liquidity, Unrelated Institutions",ABCUOTH,0.0
20260630,Outstanding Credit Card Fees and Financial Charges,SZCRCDFE,0.0
20260331,Outstanding Credit Card Fees and Financial Charges,SZCRCDFE,0.0
20251231,Outstanding Credit Card Fees and Financial Charges,SZCRCDFE,0.0
20250930,Outstanding Credit Card Fees and Financial Charges,SZCRCDFE,0.0
20250630,Outstanding Credit Card Fees and Financial Charges,SZCRCDFE,0.0
20250331,Outstanding Credit Card Fees and Financial Charges,SZCRCDFE,0.0
20241231,Outstanding Credit Card Fees and Financial Charges,SZCRCDFE,0.0
20240930,Outstanding Credit Card Fees and Financial Charges,SZCRCDFE,0.0
20240630,Outstanding Credit Card Fees and Financial Charges,SZCRCDFE,0.0
20240331,Outstanding Credit Card Fees and Financial Charges,SZCRCDFE,0.0
20231231,Outstanding Credit Card Fees and Financial Charges,SZCRCDFE,0.0
20230930,Outstanding Credit Card Fees and Financial Charges,SZCRCDFE,0.0
20230630,Outstanding Credit Card Fees and Financial Charges,SZCRCDFE,0.0
20230331,Outstanding Credit Card Fees and Financial Charges,SZCRCDFE,0.0
20260630,10. Regulatory reporting form number (FFIEC Call report number or before 2012 100 indicates FHLB TFR reporter),CALLFORM,31.0
20260331,10. Regulatory reporting form number (FFIEC Call report number or before 2012 100 indicates FHLB TFR reporter),CALLFORM,31.0
20251231,10. Regulatory reporting form number (FFIEC Call report number or before 2012 100 indicates FHLB TFR reporter),CALLFORM,31.0
20250930,10. Regulatory reporting form number (FFIEC Call report number or before 2012 100 indicates FHLB TFR reporter),CALLFORM,31.0
20250630,10. Regulatory reporting form number (FFIEC Call report number or before 2012 100 indicates FHLB TFR reporter),CALLFORM,31.0
20250331,10. Regulatory reporting form number (FFIEC Call report number or before 2012 100 indicates FHLB TFR reporter),CALLFORM,31.0
20241231,10. Regulatory reporting form number (FFIEC Call report number or before 2012 100 indicates FHLB TFR reporter),CALLFORM,31.0
20240930,10. Regulatory reporting form number (FFIEC Call report number or before 2012 100 indicates FHLB TFR reporter),CALLFORM,31.0
20240630,10. Regulatory reporting form number (FFIEC Call report number or before 2012 100 indicates FHLB TFR reporter),CALLFORM,31.0
20240331,10. Regulatory reporting form number (FFIEC Call report number or before 2012 100 indicates FHLB TFR reporter),CALLFORM,31.0
20231231,10. Regulatory reporting form number (FFIEC Call report number or before 2012 100 indicates FHLB TFR reporter),CALLFORM,31.0
20230930,10. Regulatory reporting form number (FFIEC Call report number or before 2012 100 indicates FHLB TFR reporter),CALLFORM,31.0
20230630,10. Regulatory reporting form number (FFIEC Call report number or before 2012 100 indicates FHLB TFR reporter),CALLFORM,31.0
20230331,10. Regulatory reporting form number (FFIEC Call report number or before 2012 100 indicates FHLB TFR reporter),CALLFORM,31.0
20260630,"5.  As of 2017, only the line items Total Derivatives"" and ""Interest Rate Contracts"" are reported by banks that match the following: are filing a FFIEC Call Report 51",and Total Assets of less than $1 billion. In September of 2019 the criteria change to: banks filing a FFIEC Call Report 51,with domestic offices only
